solid OpenSCAD_Model
  facet normal 0.346101 0.938197 -0
    outer loop
      vertex 5.53073 27.6955 3
      vertex 5.23607 27.8042 11.4
      vertex 5.53073 27.6955 11.4
    endloop
  endfacet
  facet normal 0.346101 0.938197 0
    outer loop
      vertex 5.23607 27.8042 11.4
      vertex 5.53073 27.6955 3
      vertex 5.23607 27.8042 3
    endloop
  endfacet
  facet normal -0.619205 0.785229 0
    outer loop
      vertex 1.64886 27.2361 3
      vertex 1.40221 27.0416 11.4
      vertex 1.64886 27.2361 11.4
    endloop
  endfacet
  facet normal -0.619205 0.785229 0
    outer loop
      vertex 1.40221 27.0416 11.4
      vertex 1.64886 27.2361 3
      vertex 1.40221 27.0416 3
    endloop
  endfacet
  facet normal -0.117488 -0.993074 0
    outer loop
      vertex 3.37426 20.0492 3
      vertex 3.68616 20.0123 11.4
      vertex 3.37426 20.0492 11.4
    endloop
  endfacet
  facet normal -0.117488 -0.993074 -0
    outer loop
      vertex 3.68616 20.0123 11.4
      vertex 3.37426 20.0492 3
      vertex 3.68616 20.0123 3
    endloop
  endfacet
  facet normal 0.785367 -0.61903 0
    outer loop
      vertex 7.04162 21.4022 11.4
      vertex 7.23607 21.6489 3
      vertex 7.23607 21.6489 11.4
    endloop
  endfacet
  facet normal 0.785367 -0.61903 0
    outer loop
      vertex 7.23607 21.6489 3
      vertex 7.04162 21.4022 11.4
      vertex 7.04162 21.4022 3
    endloop
  endfacet
  facet normal 0.993067 0.117551 0
    outer loop
      vertex 7.98767 24.3138 11.4
      vertex 7.95075 24.6257 3
      vertex 7.95075 24.6257 11.4
    endloop
  endfacet
  facet normal 0.993067 0.117551 0
    outer loop
      vertex 7.95075 24.6257 3
      vertex 7.98767 24.3138 11.4
      vertex 7.98767 24.3138 3
    endloop
  endfacet
  facet normal -0.872472 0.488664 0
    outer loop
      vertex 0.435973 25.816 3
      vertex 0.589438 26.09 11.4
      vertex 0.589438 26.09 3
    endloop
  endfacet
  facet normal -0.872472 0.488664 0
    outer loop
      vertex 0.589438 26.09 11.4
      vertex 0.435973 25.816 3
      vertex 0.435973 25.816 11.4
    endloop
  endfacet
  facet normal -0.195173 0.980769 0
    outer loop
      vertex 3.37426 27.9508 3
      vertex 3.06622 27.8895 11.4
      vertex 3.37426 27.9508 11.4
    endloop
  endfacet
  facet normal -0.195173 0.980769 0
    outer loop
      vertex 3.06622 27.8895 11.4
      vertex 3.37426 27.9508 3
      vertex 3.06622 27.8895 3
    endloop
  endfacet
  facet normal 0.872465 -0.488676 0
    outer loop
      vertex 7.41056 21.91 11.4
      vertex 7.56403 22.184 3
      vertex 7.56403 22.184 11.4
    endloop
  endfacet
  facet normal 0.872465 -0.488676 0
    outer loop
      vertex 7.56403 22.184 3
      vertex 7.41056 21.91 11.4
      vertex 7.41056 21.91 3
    endloop
  endfacet
  facet normal -0.831423 -0.55564 0
    outer loop
      vertex 0.763931 21.6489 3
      vertex 0.589438 21.91 11.4
      vertex 0.589438 21.91 3
    endloop
  endfacet
  facet normal -0.831423 -0.55564 0
    outer loop
      vertex 0.589438 21.91 11.4
      vertex 0.763931 21.6489 3
      vertex 0.763931 21.6489 11.4
    endloop
  endfacet
  facet normal 0.734282 0.678845 0
    outer loop
      vertex 7.04162 26.5978 11.4
      vertex 6.82843 26.8284 3
      vertex 6.82843 26.8284 11.4
    endloop
  endfacet
  facet normal 0.734282 0.678845 0
    outer loop
      vertex 6.82843 26.8284 3
      vertex 7.04162 26.5978 11.4
      vertex 7.04162 26.5978 3
    endloop
  endfacet
  facet normal 0.993067 -0.117551 0
    outer loop
      vertex 7.95075 23.3743 11.4
      vertex 7.98767 23.6862 3
      vertex 7.98767 23.6862 11.4
    endloop
  endfacet
  facet normal 0.993067 -0.117551 0
    outer loop
      vertex 7.98767 23.6862 3
      vertex 7.95075 23.3743 11.4
      vertex 7.95075 23.3743 3
    endloop
  endfacet
  facet normal -0.678798 -0.734325 0
    outer loop
      vertex 1.17157 21.1716 3
      vertex 1.40221 20.9584 11.4
      vertex 1.17157 21.1716 11.4
    endloop
  endfacet
  facet normal -0.678798 -0.734325 -0
    outer loop
      vertex 1.40221 20.9584 11.4
      vertex 1.17157 21.1716 3
      vertex 1.40221 20.9584 3
    endloop
  endfacet
  facet normal 0.195173 -0.980769 0
    outer loop
      vertex 4.62574 20.0492 3
      vertex 4.93378 20.1105 11.4
      vertex 4.62574 20.0492 11.4
    endloop
  endfacet
  facet normal 0.195173 -0.980769 0
    outer loop
      vertex 4.93378 20.1105 11.4
      vertex 4.62574 20.0492 3
      vertex 4.93378 20.1105 3
    endloop
  endfacet
  facet normal 0.908186 0.418568 0
    outer loop
      vertex 7.69552 25.5307 11.4
      vertex 7.56403 25.816 3
      vertex 7.56403 25.816 11.4
    endloop
  endfacet
  facet normal 0.908186 0.418568 0
    outer loop
      vertex 7.56403 25.816 3
      vertex 7.69552 25.5307 11.4
      vertex 7.69552 25.5307 3
    endloop
  endfacet
  facet normal 0.195173 0.980769 -0
    outer loop
      vertex 4.93378 27.8895 3
      vertex 4.62574 27.9508 11.4
      vertex 4.93378 27.8895 11.4
    endloop
  endfacet
  facet normal 0.195173 0.980769 0
    outer loop
      vertex 4.62574 27.9508 11.4
      vertex 4.93378 27.8895 3
      vertex 4.62574 27.9508 3
    endloop
  endfacet
  facet normal -0.908184 -0.41857 0
    outer loop
      vertex 0.435973 22.184 3
      vertex 0.304482 22.4693 11.4
      vertex 0.304482 22.4693 3
    endloop
  endfacet
  facet normal -0.908184 -0.41857 0
    outer loop
      vertex 0.304482 22.4693 11.4
      vertex 0.435973 22.184 3
      vertex 0.435973 22.184 11.4
    endloop
  endfacet
  facet normal -0.619205 -0.785229 0
    outer loop
      vertex 1.40221 20.9584 3
      vertex 1.64886 20.7639 11.4
      vertex 1.40221 20.9584 11.4
    endloop
  endfacet
  facet normal -0.619205 -0.785229 -0
    outer loop
      vertex 1.64886 20.7639 11.4
      vertex 1.40221 20.9584 3
      vertex 1.64886 20.7639 3
    endloop
  endfacet
  facet normal -0.346101 -0.938197 0
    outer loop
      vertex 2.46927 20.3045 3
      vertex 2.76393 20.1958 11.4
      vertex 2.46927 20.3045 11.4
    endloop
  endfacet
  facet normal -0.346101 -0.938197 -0
    outer loop
      vertex 2.76393 20.1958 11.4
      vertex 2.46927 20.3045 3
      vertex 2.76393 20.1958 3
    endloop
  endfacet
  facet normal 0.619205 0.785229 -0
    outer loop
      vertex 6.59779 27.0416 3
      vertex 6.35114 27.2361 11.4
      vertex 6.59779 27.0416 11.4
    endloop
  endfacet
  facet normal 0.619205 0.785229 0
    outer loop
      vertex 6.35114 27.2361 11.4
      vertex 6.59779 27.0416 3
      vertex 6.35114 27.2361 3
    endloop
  endfacet
  facet normal -0.488466 0.872583 0
    outer loop
      vertex 2.18404 27.564 3
      vertex 1.91001 27.4106 11.4
      vertex 2.18404 27.564 11.4
    endloop
  endfacet
  facet normal -0.488466 0.872583 0
    outer loop
      vertex 1.91001 27.4106 11.4
      vertex 2.18404 27.564 3
      vertex 1.91001 27.4106 3
    endloop
  endfacet
  facet normal 0.0391619 0.999233 -0
    outer loop
      vertex 4.31384 27.9877 3
      vertex 4 28 11.4
      vertex 4.31384 27.9877 11.4
    endloop
  endfacet
  facet normal 0.0391619 0.999233 0
    outer loop
      vertex 4 28 11.4
      vertex 4.31384 27.9877 3
      vertex 4 28 3
    endloop
  endfacet
  facet normal 0.999229 0.0392622 0
    outer loop
      vertex 8 24 11.4
      vertex 7.98767 24.3138 3
      vertex 7.98767 24.3138 11.4
    endloop
  endfacet
  facet normal 0.999229 0.0392622 0
    outer loop
      vertex 7.98767 24.3138 3
      vertex 8 24 11.4
      vertex 8 24 3
    endloop
  endfacet
  facet normal 0.980794 -0.195045 0
    outer loop
      vertex 7.88948 23.0662 11.4
      vertex 7.95075 23.3743 3
      vertex 7.95075 23.3743 11.4
    endloop
  endfacet
  facet normal 0.980794 -0.195045 0
    outer loop
      vertex 7.95075 23.3743 3
      vertex 7.88948 23.0662 11.4
      vertex 7.88948 23.0662 3
    endloop
  endfacet
  facet normal 0.872465 0.488676 0
    outer loop
      vertex 7.56403 25.816 11.4
      vertex 7.41056 26.09 3
      vertex 7.41056 26.09 11.4
    endloop
  endfacet
  facet normal 0.872465 0.488676 0
    outer loop
      vertex 7.41056 26.09 3
      vertex 7.56403 25.816 11.4
      vertex 7.56403 25.816 3
    endloop
  endfacet
  facet normal -0.785375 0.61902 0
    outer loop
      vertex 0.763931 26.3511 3
      vertex 0.958376 26.5978 11.4
      vertex 0.958376 26.5978 3
    endloop
  endfacet
  facet normal -0.785375 0.61902 0
    outer loop
      vertex 0.958376 26.5978 11.4
      vertex 0.763931 26.3511 3
      vertex 0.763931 26.3511 11.4
    endloop
  endfacet
  facet normal 0.831428 -0.555633 0
    outer loop
      vertex 7.23607 21.6489 11.4
      vertex 7.41056 21.91 3
      vertex 7.41056 21.91 11.4
    endloop
  endfacet
  facet normal 0.831428 -0.555633 0
    outer loop
      vertex 7.41056 21.91 3
      vertex 7.23607 21.6489 11.4
      vertex 7.23607 21.6489 3
    endloop
  endfacet
  facet normal -0.271574 -0.962417 0
    outer loop
      vertex 2.76393 20.1958 3
      vertex 3.06622 20.1105 11.4
      vertex 2.76393 20.1958 11.4
    endloop
  endfacet
  facet normal -0.271574 -0.962417 -0
    outer loop
      vertex 3.06622 20.1105 11.4
      vertex 2.76393 20.1958 3
      vertex 3.06622 20.1105 3
    endloop
  endfacet
  facet normal 0 0 1
    outer loop
      vertex 5.7 24 11.4
      vertex 8 24 11.4
      vertex 7.98767 24.3138 11.4
    endloop
  endfacet
  facet normal 0 0 1
    outer loop
      vertex 5.69476 24.1334 11.4
      vertex 7.98767 24.3138 11.4
      vertex 7.95075 24.6257 11.4
    endloop
  endfacet
  facet normal 0 0 1
    outer loop
      vertex 8 24 11.4
      vertex 5.7 24 11.4
      vertex 7.98767 23.6862 11.4
    endloop
  endfacet
  facet normal 0 0 1
    outer loop
      vertex 5.67907 24.2659 11.4
      vertex 7.95075 24.6257 11.4
      vertex 7.88948 24.9338 11.4
    endloop
  endfacet
  facet normal -0 0 1
    outer loop
      vertex 5.69476 23.8666 11.4
      vertex 7.98767 23.6862 11.4
      vertex 5.7 24 11.4
    endloop
  endfacet
  facet normal 0 0 1
    outer loop
      vertex 5.65303 24.3969 11.4
      vertex 7.88948 24.9338 11.4
      vertex 7.80423 25.2361 11.4
    endloop
  endfacet
  facet normal 0 0 1
    outer loop
      vertex 7.98767 23.6862 11.4
      vertex 5.69476 23.8666 11.4
      vertex 7.95075 23.3743 11.4
    endloop
  endfacet
  facet normal 0 0 1
    outer loop
      vertex 5.6168 24.5253 11.4
      vertex 7.80423 25.2361 11.4
      vertex 7.69552 25.5307 11.4
    endloop
  endfacet
  facet normal -0 0 1
    outer loop
      vertex 5.67907 23.7341 11.4
      vertex 7.95075 23.3743 11.4
      vertex 5.69476 23.8666 11.4
    endloop
  endfacet
  facet normal 0 0 1
    outer loop
      vertex 5.57059 24.6506 11.4
      vertex 7.69552 25.5307 11.4
      vertex 7.56403 25.816 11.4
    endloop
  endfacet
  facet normal 0 0 1
    outer loop
      vertex 7.95075 23.3743 11.4
      vertex 5.67907 23.7341 11.4
      vertex 7.88948 23.0662 11.4
    endloop
  endfacet
  facet normal 0 0 1
    outer loop
      vertex 5.51471 24.7718 11.4
      vertex 7.56403 25.816 11.4
      vertex 7.41056 26.09 11.4
    endloop
  endfacet
  facet normal -0 0 1
    outer loop
      vertex 5.65303 23.6031 11.4
      vertex 7.88948 23.0662 11.4
      vertex 5.67907 23.7341 11.4
    endloop
  endfacet
  facet normal 0 0 1
    outer loop
      vertex 5.44949 24.8882 11.4
      vertex 7.41056 26.09 11.4
      vertex 7.23607 26.3511 11.4
    endloop
  endfacet
  facet normal 0 0 1
    outer loop
      vertex 7.88948 23.0662 11.4
      vertex 5.65303 23.6031 11.4
      vertex 7.80423 22.7639 11.4
    endloop
  endfacet
  facet normal 0 0 1
    outer loop
      vertex 5.37533 24.9992 11.4
      vertex 7.23607 26.3511 11.4
      vertex 7.04162 26.5978 11.4
    endloop
  endfacet
  facet normal -0 0 1
    outer loop
      vertex 5.6168 23.4747 11.4
      vertex 7.80423 22.7639 11.4
      vertex 5.65303 23.6031 11.4
    endloop
  endfacet
  facet normal 0 0 1
    outer loop
      vertex 5.29269 25.1041 11.4
      vertex 7.04162 26.5978 11.4
      vertex 6.82843 26.8284 11.4
    endloop
  endfacet
  facet normal 0 0 1
    outer loop
      vertex 7.80423 22.7639 11.4
      vertex 5.6168 23.4747 11.4
      vertex 7.69552 22.4693 11.4
    endloop
  endfacet
  facet normal 0 0 1
    outer loop
      vertex 5.20208 25.2021 11.4
      vertex 6.82843 26.8284 11.4
      vertex 6.59779 27.0416 11.4
    endloop
  endfacet
  facet normal -0 0 1
    outer loop
      vertex 5.57059 23.3494 11.4
      vertex 7.69552 22.4693 11.4
      vertex 5.6168 23.4747 11.4
    endloop
  endfacet
  facet normal 0 0 1
    outer loop
      vertex 5.10406 25.2927 11.4
      vertex 6.59779 27.0416 11.4
      vertex 6.35114 27.2361 11.4
    endloop
  endfacet
  facet normal 0 0 1
    outer loop
      vertex 7.69552 22.4693 11.4
      vertex 5.57059 23.3494 11.4
      vertex 7.56403 22.184 11.4
    endloop
  endfacet
  facet normal 0 0 1
    outer loop
      vertex 4.99923 25.3753 11.4
      vertex 6.35114 27.2361 11.4
      vertex 6.08999 27.4106 11.4
    endloop
  endfacet
  facet normal -0 0 1
    outer loop
      vertex 5.51471 23.2282 11.4
      vertex 7.56403 22.184 11.4
      vertex 5.57059 23.3494 11.4
    endloop
  endfacet
  facet normal 0 0 1
    outer loop
      vertex 4.88825 25.4495 11.4
      vertex 6.08999 27.4106 11.4
      vertex 5.81596 27.564 11.4
    endloop
  endfacet
  facet normal 0 0 1
    outer loop
      vertex 7.56403 22.184 11.4
      vertex 5.51471 23.2282 11.4
      vertex 7.41056 21.91 11.4
    endloop
  endfacet
  facet normal -0 0 1
    outer loop
      vertex 5.44949 23.1118 11.4
      vertex 7.41056 21.91 11.4
      vertex 5.51471 23.2282 11.4
    endloop
  endfacet
  facet normal 0 0 1
    outer loop
      vertex 7.98767 24.3138 11.4
      vertex 5.69476 24.1334 11.4
      vertex 5.7 24 11.4
    endloop
  endfacet
  facet normal 0 0 1
    outer loop
      vertex 7.95075 24.6257 11.4
      vertex 5.67907 24.2659 11.4
      vertex 5.69476 24.1334 11.4
    endloop
  endfacet
  facet normal 0 0 1
    outer loop
      vertex 7.88948 24.9338 11.4
      vertex 5.65303 24.3969 11.4
      vertex 5.67907 24.2659 11.4
    endloop
  endfacet
  facet normal 0 0 1
    outer loop
      vertex 7.80423 25.2361 11.4
      vertex 5.6168 24.5253 11.4
      vertex 5.65303 24.3969 11.4
    endloop
  endfacet
  facet normal 0 0 1
    outer loop
      vertex 7.69552 25.5307 11.4
      vertex 5.57059 24.6506 11.4
      vertex 5.6168 24.5253 11.4
    endloop
  endfacet
  facet normal 0 0 1
    outer loop
      vertex 4.77178 25.5147 11.4
      vertex 5.81596 27.564 11.4
      vertex 5.53073 27.6955 11.4
    endloop
  endfacet
  facet normal 0 0 1
    outer loop
      vertex 7.56403 25.816 11.4
      vertex 5.51471 24.7718 11.4
      vertex 5.57059 24.6506 11.4
    endloop
  endfacet
  facet normal 0 0 1
    outer loop
      vertex 7.41056 26.09 11.4
      vertex 5.44949 24.8882 11.4
      vertex 5.51471 24.7718 11.4
    endloop
  endfacet
  facet normal 0 0 1
    outer loop
      vertex 7.23607 26.3511 11.4
      vertex 5.37533 24.9992 11.4
      vertex 5.44949 24.8882 11.4
    endloop
  endfacet
  facet normal 0 0 1
    outer loop
      vertex 7.04162 26.5978 11.4
      vertex 5.29269 25.1041 11.4
      vertex 5.37533 24.9992 11.4
    endloop
  endfacet
  facet normal 0 0 1
    outer loop
      vertex 4.65056 25.5706 11.4
      vertex 5.53073 27.6955 11.4
      vertex 5.23607 27.8042 11.4
    endloop
  endfacet
  facet normal 0 0 1
    outer loop
      vertex 6.82843 26.8284 11.4
      vertex 5.20208 25.2021 11.4
      vertex 5.29269 25.1041 11.4
    endloop
  endfacet
  facet normal 0 0 1
    outer loop
      vertex 6.59779 27.0416 11.4
      vertex 5.10406 25.2927 11.4
      vertex 5.20208 25.2021 11.4
    endloop
  endfacet
  facet normal 0 0 1
    outer loop
      vertex 6.35114 27.2361 11.4
      vertex 4.99923 25.3753 11.4
      vertex 5.10406 25.2927 11.4
    endloop
  endfacet
  facet normal 0 0 1
    outer loop
      vertex 4.52533 25.6168 11.4
      vertex 5.23607 27.8042 11.4
      vertex 4.93378 27.8895 11.4
    endloop
  endfacet
  facet normal 0 0 1
    outer loop
      vertex 6.08999 27.4106 11.4
      vertex 4.88825 25.4495 11.4
      vertex 4.99923 25.3753 11.4
    endloop
  endfacet
  facet normal 0 0 1
    outer loop
      vertex 5.81596 27.564 11.4
      vertex 4.77178 25.5147 11.4
      vertex 4.88825 25.4495 11.4
    endloop
  endfacet
  facet normal 0 0 1
    outer loop
      vertex 5.53073 27.6955 11.4
      vertex 4.65056 25.5706 11.4
      vertex 4.77178 25.5147 11.4
    endloop
  endfacet
  facet normal 0 0 1
    outer loop
      vertex 4.39686 25.653 11.4
      vertex 4.93378 27.8895 11.4
      vertex 4.62574 27.9508 11.4
    endloop
  endfacet
  facet normal 0 0 1
    outer loop
      vertex 5.23607 27.8042 11.4
      vertex 4.52533 25.6168 11.4
      vertex 4.65056 25.5706 11.4
    endloop
  endfacet
  facet normal 0 0 1
    outer loop
      vertex 4.93378 27.8895 11.4
      vertex 4.39686 25.653 11.4
      vertex 4.52533 25.6168 11.4
    endloop
  endfacet
  facet normal 0 0 1
    outer loop
      vertex 4.26594 25.6791 11.4
      vertex 4.62574 27.9508 11.4
      vertex 4.31384 27.9877 11.4
    endloop
  endfacet
  facet normal 0 0 1
    outer loop
      vertex 4.62574 27.9508 11.4
      vertex 4.26594 25.6791 11.4
      vertex 4.39686 25.653 11.4
    endloop
  endfacet
  facet normal 0 0 1
    outer loop
      vertex 4.31384 27.9877 11.4
      vertex 4.13338 25.6948 11.4
      vertex 4.26594 25.6791 11.4
    endloop
  endfacet
  facet normal 0 0 1
    outer loop
      vertex 4 28 11.4
      vertex 4.13338 25.6948 11.4
      vertex 4.31384 27.9877 11.4
    endloop
  endfacet
  facet normal 0 0 1
    outer loop
      vertex 4 28 11.4
      vertex 4 25.7 11.4
      vertex 4.13338 25.6948 11.4
    endloop
  endfacet
  facet normal 0 0 1
    outer loop
      vertex 4 28 11.4
      vertex 3.86662 25.6948 11.4
      vertex 4 25.7 11.4
    endloop
  endfacet
  facet normal -0 0 1
    outer loop
      vertex 3.68616 27.9877 11.4
      vertex 3.86662 25.6948 11.4
      vertex 4 28 11.4
    endloop
  endfacet
  facet normal 0 0 1
    outer loop
      vertex 3.86662 25.6948 11.4
      vertex 3.68616 27.9877 11.4
      vertex 3.73406 25.6791 11.4
    endloop
  endfacet
  facet normal -0 0 1
    outer loop
      vertex 3.37426 27.9508 11.4
      vertex 3.73406 25.6791 11.4
      vertex 3.68616 27.9877 11.4
    endloop
  endfacet
  facet normal 0 0 1
    outer loop
      vertex 3.73406 25.6791 11.4
      vertex 3.37426 27.9508 11.4
      vertex 3.60314 25.653 11.4
    endloop
  endfacet
  facet normal -0 0 1
    outer loop
      vertex 3.06622 27.8895 11.4
      vertex 3.60314 25.653 11.4
      vertex 3.37426 27.9508 11.4
    endloop
  endfacet
  facet normal 0 0 1
    outer loop
      vertex 3.60314 25.653 11.4
      vertex 3.06622 27.8895 11.4
      vertex 3.47467 25.6168 11.4
    endloop
  endfacet
  facet normal -0 0 1
    outer loop
      vertex 2.76393 27.8042 11.4
      vertex 3.47467 25.6168 11.4
      vertex 3.06622 27.8895 11.4
    endloop
  endfacet
  facet normal 0 0 1
    outer loop
      vertex 3.47467 25.6168 11.4
      vertex 2.76393 27.8042 11.4
      vertex 3.34944 25.5706 11.4
    endloop
  endfacet
  facet normal -0 0 1
    outer loop
      vertex 2.46927 27.6955 11.4
      vertex 3.34944 25.5706 11.4
      vertex 2.76393 27.8042 11.4
    endloop
  endfacet
  facet normal 0 0 1
    outer loop
      vertex 3.34944 25.5706 11.4
      vertex 2.46927 27.6955 11.4
      vertex 3.22822 25.5147 11.4
    endloop
  endfacet
  facet normal -0 0 1
    outer loop
      vertex 2.18404 27.564 11.4
      vertex 3.22822 25.5147 11.4
      vertex 2.46927 27.6955 11.4
    endloop
  endfacet
  facet normal 0 0 1
    outer loop
      vertex 3.22822 25.5147 11.4
      vertex 2.18404 27.564 11.4
      vertex 3.11175 25.4495 11.4
    endloop
  endfacet
  facet normal -0 0 1
    outer loop
      vertex 1.91001 27.4106 11.4
      vertex 3.11175 25.4495 11.4
      vertex 2.18404 27.564 11.4
    endloop
  endfacet
  facet normal 0 0 1
    outer loop
      vertex 3.11175 25.4495 11.4
      vertex 1.91001 27.4106 11.4
      vertex 3.00076 25.3753 11.4
    endloop
  endfacet
  facet normal -0 0 1
    outer loop
      vertex 1.64886 27.2361 11.4
      vertex 3.00076 25.3753 11.4
      vertex 1.91001 27.4106 11.4
    endloop
  endfacet
  facet normal 0 0 1
    outer loop
      vertex 3.00076 25.3753 11.4
      vertex 1.64886 27.2361 11.4
      vertex 2.89594 25.2927 11.4
    endloop
  endfacet
  facet normal -0 0 1
    outer loop
      vertex 1.40221 27.0416 11.4
      vertex 2.89594 25.2927 11.4
      vertex 1.64886 27.2361 11.4
    endloop
  endfacet
  facet normal 0 0 1
    outer loop
      vertex 2.89594 25.2927 11.4
      vertex 1.40221 27.0416 11.4
      vertex 2.79792 25.2021 11.4
    endloop
  endfacet
  facet normal -0 0 1
    outer loop
      vertex 1.17157 26.8284 11.4
      vertex 2.79792 25.2021 11.4
      vertex 1.40221 27.0416 11.4
    endloop
  endfacet
  facet normal 0 0 1
    outer loop
      vertex 2.79792 25.2021 11.4
      vertex 1.17157 26.8284 11.4
      vertex 2.70731 25.1041 11.4
    endloop
  endfacet
  facet normal -0 0 1
    outer loop
      vertex 0.958376 26.5978 11.4
      vertex 2.70731 25.1041 11.4
      vertex 1.17157 26.8284 11.4
    endloop
  endfacet
  facet normal 0 0 1
    outer loop
      vertex 2.70731 25.1041 11.4
      vertex 0.958376 26.5978 11.4
      vertex 2.62467 24.9992 11.4
    endloop
  endfacet
  facet normal -0 0 1
    outer loop
      vertex 0.763931 26.3511 11.4
      vertex 2.62467 24.9992 11.4
      vertex 0.958376 26.5978 11.4
    endloop
  endfacet
  facet normal -0 0 1
    outer loop
      vertex 0.589438 26.09 11.4
      vertex 2.55051 24.8882 11.4
      vertex 0.763931 26.3511 11.4
    endloop
  endfacet
  facet normal 0 0 1
    outer loop
      vertex 2.62467 24.9992 11.4
      vertex 0.763931 26.3511 11.4
      vertex 2.55051 24.8882 11.4
    endloop
  endfacet
  facet normal 0 0 1
    outer loop
      vertex 7.41056 21.91 11.4
      vertex 5.44949 23.1118 11.4
      vertex 7.23607 21.6489 11.4
    endloop
  endfacet
  facet normal -0 0 1
    outer loop
      vertex 5.37533 23.0008 11.4
      vertex 7.23607 21.6489 11.4
      vertex 5.44949 23.1118 11.4
    endloop
  endfacet
  facet normal 0 0 1
    outer loop
      vertex 7.23607 21.6489 11.4
      vertex 5.37533 23.0008 11.4
      vertex 7.04162 21.4022 11.4
    endloop
  endfacet
  facet normal -0 0 1
    outer loop
      vertex 5.29269 22.8959 11.4
      vertex 7.04162 21.4022 11.4
      vertex 5.37533 23.0008 11.4
    endloop
  endfacet
  facet normal 0 0 1
    outer loop
      vertex 7.04162 21.4022 11.4
      vertex 5.29269 22.8959 11.4
      vertex 6.82843 21.1716 11.4
    endloop
  endfacet
  facet normal -0 0 1
    outer loop
      vertex 5.20208 22.7979 11.4
      vertex 6.82843 21.1716 11.4
      vertex 5.29269 22.8959 11.4
    endloop
  endfacet
  facet normal 0 0 1
    outer loop
      vertex 6.82843 21.1716 11.4
      vertex 5.20208 22.7979 11.4
      vertex 6.59779 20.9584 11.4
    endloop
  endfacet
  facet normal -0 0 1
    outer loop
      vertex 5.10406 22.7073 11.4
      vertex 6.59779 20.9584 11.4
      vertex 5.20208 22.7979 11.4
    endloop
  endfacet
  facet normal 0 0 1
    outer loop
      vertex 6.59779 20.9584 11.4
      vertex 5.10406 22.7073 11.4
      vertex 6.35114 20.7639 11.4
    endloop
  endfacet
  facet normal -0 0 1
    outer loop
      vertex 4.99923 22.6247 11.4
      vertex 6.35114 20.7639 11.4
      vertex 5.10406 22.7073 11.4
    endloop
  endfacet
  facet normal 0 0 1
    outer loop
      vertex 6.35114 20.7639 11.4
      vertex 4.99923 22.6247 11.4
      vertex 6.08999 20.5894 11.4
    endloop
  endfacet
  facet normal -0 0 1
    outer loop
      vertex 4.88825 22.5505 11.4
      vertex 6.08999 20.5894 11.4
      vertex 4.99923 22.6247 11.4
    endloop
  endfacet
  facet normal 0 0 1
    outer loop
      vertex 6.08999 20.5894 11.4
      vertex 4.88825 22.5505 11.4
      vertex 5.81596 20.436 11.4
    endloop
  endfacet
  facet normal -0 0 1
    outer loop
      vertex 4.77178 22.4853 11.4
      vertex 5.81596 20.436 11.4
      vertex 4.88825 22.5505 11.4
    endloop
  endfacet
  facet normal 0 0 1
    outer loop
      vertex 5.81596 20.436 11.4
      vertex 4.77178 22.4853 11.4
      vertex 5.53073 20.3045 11.4
    endloop
  endfacet
  facet normal -0 0 1
    outer loop
      vertex 4.65056 22.4294 11.4
      vertex 5.53073 20.3045 11.4
      vertex 4.77178 22.4853 11.4
    endloop
  endfacet
  facet normal 0 0 1
    outer loop
      vertex 5.53073 20.3045 11.4
      vertex 4.65056 22.4294 11.4
      vertex 5.23607 20.1958 11.4
    endloop
  endfacet
  facet normal -0 0 1
    outer loop
      vertex 4.52533 22.3832 11.4
      vertex 5.23607 20.1958 11.4
      vertex 4.65056 22.4294 11.4
    endloop
  endfacet
  facet normal 0 0 1
    outer loop
      vertex 5.23607 20.1958 11.4
      vertex 4.52533 22.3832 11.4
      vertex 4.93378 20.1105 11.4
    endloop
  endfacet
  facet normal -0 0 1
    outer loop
      vertex 4.39686 22.347 11.4
      vertex 4.93378 20.1105 11.4
      vertex 4.52533 22.3832 11.4
    endloop
  endfacet
  facet normal 0 0 1
    outer loop
      vertex 4.93378 20.1105 11.4
      vertex 4.39686 22.347 11.4
      vertex 4.62574 20.0492 11.4
    endloop
  endfacet
  facet normal -0 0 1
    outer loop
      vertex 4.26594 22.3209 11.4
      vertex 4.62574 20.0492 11.4
      vertex 4.39686 22.347 11.4
    endloop
  endfacet
  facet normal 0 0 1
    outer loop
      vertex 4.62574 20.0492 11.4
      vertex 4.26594 22.3209 11.4
      vertex 4.31384 20.0123 11.4
    endloop
  endfacet
  facet normal -0 0 1
    outer loop
      vertex 4.13338 22.3052 11.4
      vertex 4.31384 20.0123 11.4
      vertex 4.26594 22.3209 11.4
    endloop
  endfacet
  facet normal -0 0 1
    outer loop
      vertex 4 22.3 11.4
      vertex 4.31384 20.0123 11.4
      vertex 4.13338 22.3052 11.4
    endloop
  endfacet
  facet normal 0 0 1
    outer loop
      vertex 4 22.3 11.4
      vertex 4 20 11.4
      vertex 4.31384 20.0123 11.4
    endloop
  endfacet
  facet normal 0 0 1
    outer loop
      vertex 3.86662 22.3052 11.4
      vertex 4 20 11.4
      vertex 4 22.3 11.4
    endloop
  endfacet
  facet normal 0 0 1
    outer loop
      vertex 3.68616 20.0123 11.4
      vertex 3.86662 22.3052 11.4
      vertex 3.73406 22.3209 11.4
    endloop
  endfacet
  facet normal 0 0 1
    outer loop
      vertex 3.86662 22.3052 11.4
      vertex 3.68616 20.0123 11.4
      vertex 4 20 11.4
    endloop
  endfacet
  facet normal 0 0 1
    outer loop
      vertex 3.37426 20.0492 11.4
      vertex 3.73406 22.3209 11.4
      vertex 3.60314 22.347 11.4
    endloop
  endfacet
  facet normal 0 0 1
    outer loop
      vertex 3.06622 20.1105 11.4
      vertex 3.60314 22.347 11.4
      vertex 3.47467 22.3832 11.4
    endloop
  endfacet
  facet normal 0 0 1
    outer loop
      vertex 3.73406 22.3209 11.4
      vertex 3.37426 20.0492 11.4
      vertex 3.68616 20.0123 11.4
    endloop
  endfacet
  facet normal 0 0 1
    outer loop
      vertex 2.76393 20.1958 11.4
      vertex 3.47467 22.3832 11.4
      vertex 3.34944 22.4294 11.4
    endloop
  endfacet
  facet normal 0 0 1
    outer loop
      vertex 2.46927 20.3045 11.4
      vertex 3.34944 22.4294 11.4
      vertex 3.22822 22.4853 11.4
    endloop
  endfacet
  facet normal 0 0 1
    outer loop
      vertex 2.18404 20.436 11.4
      vertex 3.22822 22.4853 11.4
      vertex 3.11175 22.5505 11.4
    endloop
  endfacet
  facet normal 0 0 1
    outer loop
      vertex 3.60314 22.347 11.4
      vertex 3.06622 20.1105 11.4
      vertex 3.37426 20.0492 11.4
    endloop
  endfacet
  facet normal 0 0 1
    outer loop
      vertex 1.91001 20.5894 11.4
      vertex 3.11175 22.5505 11.4
      vertex 3.00076 22.6247 11.4
    endloop
  endfacet
  facet normal 0 0 1
    outer loop
      vertex 1.64886 20.7639 11.4
      vertex 3.00076 22.6247 11.4
      vertex 2.89594 22.7073 11.4
    endloop
  endfacet
  facet normal 0 0 1
    outer loop
      vertex 1.40221 20.9584 11.4
      vertex 2.89594 22.7073 11.4
      vertex 2.79792 22.7979 11.4
    endloop
  endfacet
  facet normal 0 0 1
    outer loop
      vertex 3.47467 22.3832 11.4
      vertex 2.76393 20.1958 11.4
      vertex 3.06622 20.1105 11.4
    endloop
  endfacet
  facet normal 0 0 1
    outer loop
      vertex 1.17157 21.1716 11.4
      vertex 2.79792 22.7979 11.4
      vertex 2.70731 22.8959 11.4
    endloop
  endfacet
  facet normal 0 0 1
    outer loop
      vertex 0.958376 21.4022 11.4
      vertex 2.70731 22.8959 11.4
      vertex 2.62467 23.0008 11.4
    endloop
  endfacet
  facet normal 0 0 1
    outer loop
      vertex 0.763931 21.6489 11.4
      vertex 2.62467 23.0008 11.4
      vertex 2.55051 23.1118 11.4
    endloop
  endfacet
  facet normal 0 0 1
    outer loop
      vertex 0.589438 21.91 11.4
      vertex 2.55051 23.1118 11.4
      vertex 2.48529 23.2282 11.4
    endloop
  endfacet
  facet normal 0 0 1
    outer loop
      vertex 3.34944 22.4294 11.4
      vertex 2.46927 20.3045 11.4
      vertex 2.76393 20.1958 11.4
    endloop
  endfacet
  facet normal 0 0 1
    outer loop
      vertex 0.435973 22.184 11.4
      vertex 2.48529 23.2282 11.4
      vertex 2.4294 23.3494 11.4
    endloop
  endfacet
  facet normal 0 0 1
    outer loop
      vertex 0.304482 22.4693 11.4
      vertex 2.4294 23.3494 11.4
      vertex 2.3832 23.4747 11.4
    endloop
  endfacet
  facet normal 0 0 1
    outer loop
      vertex 0.195773 22.7639 11.4
      vertex 2.3832 23.4747 11.4
      vertex 2.34697 23.6031 11.4
    endloop
  endfacet
  facet normal 0 0 1
    outer loop
      vertex 0.110519 23.0662 11.4
      vertex 2.34697 23.6031 11.4
      vertex 2.32093 23.7341 11.4
    endloop
  endfacet
  facet normal 0 0 1
    outer loop
      vertex 0.0492458 23.3743 11.4
      vertex 2.32093 23.7341 11.4
      vertex 2.30524 23.8666 11.4
    endloop
  endfacet
  facet normal 0 0 1
    outer loop
      vertex 3.22822 22.4853 11.4
      vertex 2.18404 20.436 11.4
      vertex 2.46927 20.3045 11.4
    endloop
  endfacet
  facet normal 0 0 1
    outer loop
      vertex 0.0123301 23.6862 11.4
      vertex 2.30524 23.8666 11.4
      vertex 2.3 24 11.4
    endloop
  endfacet
  facet normal 0 0 1
    outer loop
      vertex 2.55051 24.8882 11.4
      vertex 0.589438 26.09 11.4
      vertex 2.48529 24.7718 11.4
    endloop
  endfacet
  facet normal -0 0 1
    outer loop
      vertex 0.435973 25.816 11.4
      vertex 2.48529 24.7718 11.4
      vertex 0.589438 26.09 11.4
    endloop
  endfacet
  facet normal 0 0 1
    outer loop
      vertex 3.11175 22.5505 11.4
      vertex 1.91001 20.5894 11.4
      vertex 2.18404 20.436 11.4
    endloop
  endfacet
  facet normal 0 0 1
    outer loop
      vertex 2.48529 24.7718 11.4
      vertex 0.435973 25.816 11.4
      vertex 2.4294 24.6506 11.4
    endloop
  endfacet
  facet normal 0 0 1
    outer loop
      vertex 3.00076 22.6247 11.4
      vertex 1.64886 20.7639 11.4
      vertex 1.91001 20.5894 11.4
    endloop
  endfacet
  facet normal -0 0 1
    outer loop
      vertex 0.304482 25.5307 11.4
      vertex 2.4294 24.6506 11.4
      vertex 0.435973 25.816 11.4
    endloop
  endfacet
  facet normal 0 0 1
    outer loop
      vertex 2.89594 22.7073 11.4
      vertex 1.40221 20.9584 11.4
      vertex 1.64886 20.7639 11.4
    endloop
  endfacet
  facet normal 0 0 1
    outer loop
      vertex 2.4294 24.6506 11.4
      vertex 0.304482 25.5307 11.4
      vertex 2.3832 24.5253 11.4
    endloop
  endfacet
  facet normal 0 0 1
    outer loop
      vertex 2.79792 22.7979 11.4
      vertex 1.17157 21.1716 11.4
      vertex 1.40221 20.9584 11.4
    endloop
  endfacet
  facet normal -0 0 1
    outer loop
      vertex 0.195773 25.2361 11.4
      vertex 2.3832 24.5253 11.4
      vertex 0.304482 25.5307 11.4
    endloop
  endfacet
  facet normal 0 0 1
    outer loop
      vertex 2.70731 22.8959 11.4
      vertex 0.958376 21.4022 11.4
      vertex 1.17157 21.1716 11.4
    endloop
  endfacet
  facet normal 0 0 1
    outer loop
      vertex 2.3832 24.5253 11.4
      vertex 0.195773 25.2361 11.4
      vertex 2.34697 24.3969 11.4
    endloop
  endfacet
  facet normal 0 0 1
    outer loop
      vertex 2.62467 23.0008 11.4
      vertex 0.763931 21.6489 11.4
      vertex 0.958376 21.4022 11.4
    endloop
  endfacet
  facet normal -0 0 1
    outer loop
      vertex 0.110519 24.9338 11.4
      vertex 2.34697 24.3969 11.4
      vertex 0.195773 25.2361 11.4
    endloop
  endfacet
  facet normal 0 0 1
    outer loop
      vertex 2.55051 23.1118 11.4
      vertex 0.589438 21.91 11.4
      vertex 0.763931 21.6489 11.4
    endloop
  endfacet
  facet normal 0 0 1
    outer loop
      vertex 2.34697 24.3969 11.4
      vertex 0.110519 24.9338 11.4
      vertex 2.32093 24.2659 11.4
    endloop
  endfacet
  facet normal 0 0 1
    outer loop
      vertex 2.48529 23.2282 11.4
      vertex 0.435973 22.184 11.4
      vertex 0.589438 21.91 11.4
    endloop
  endfacet
  facet normal -0 0 1
    outer loop
      vertex 0.0492458 24.6257 11.4
      vertex 2.32093 24.2659 11.4
      vertex 0.110519 24.9338 11.4
    endloop
  endfacet
  facet normal 0 0 1
    outer loop
      vertex 2.4294 23.3494 11.4
      vertex 0.304482 22.4693 11.4
      vertex 0.435973 22.184 11.4
    endloop
  endfacet
  facet normal 0 0 1
    outer loop
      vertex 2.32093 24.2659 11.4
      vertex 0.0492458 24.6257 11.4
      vertex 2.30524 24.1334 11.4
    endloop
  endfacet
  facet normal 0 0 1
    outer loop
      vertex 2.3832 23.4747 11.4
      vertex 0.195773 22.7639 11.4
      vertex 0.304482 22.4693 11.4
    endloop
  endfacet
  facet normal -0 0 1
    outer loop
      vertex 0.0123301 24.3138 11.4
      vertex 2.30524 24.1334 11.4
      vertex 0.0492458 24.6257 11.4
    endloop
  endfacet
  facet normal 0 0 1
    outer loop
      vertex 2.34697 23.6031 11.4
      vertex 0.110519 23.0662 11.4
      vertex 0.195773 22.7639 11.4
    endloop
  endfacet
  facet normal 0 0 1
    outer loop
      vertex 2.30524 24.1334 11.4
      vertex 0.0123301 24.3138 11.4
      vertex 2.3 24 11.4
    endloop
  endfacet
  facet normal 0 0 1
    outer loop
      vertex 2.32093 23.7341 11.4
      vertex 0.0492458 23.3743 11.4
      vertex 0.110519 23.0662 11.4
    endloop
  endfacet
  facet normal 0 0 1
    outer loop
      vertex 0 24 11.4
      vertex 2.3 24 11.4
      vertex 0.0123301 24.3138 11.4
    endloop
  endfacet
  facet normal 0 0 1
    outer loop
      vertex 2.30524 23.8666 11.4
      vertex 0.0123301 23.6862 11.4
      vertex 0.0492458 23.3743 11.4
    endloop
  endfacet
  facet normal 0 0 1
    outer loop
      vertex 2.3 24 11.4
      vertex 0 24 11.4
      vertex 0.0123301 23.6862 11.4
    endloop
  endfacet
  facet normal 0.938164 0.346191 0
    outer loop
      vertex 7.80423 25.2361 11.4
      vertex 7.69552 25.5307 3
      vertex 7.69552 25.5307 11.4
    endloop
  endfacet
  facet normal 0.938164 0.346191 0
    outer loop
      vertex 7.69552 25.5307 3
      vertex 7.80423 25.2361 11.4
      vertex 7.80423 25.2361 3
    endloop
  endfacet
  facet normal 0.555582 -0.831462 0
    outer loop
      vertex 6.08999 20.5894 3
      vertex 6.35114 20.7639 11.4
      vertex 6.08999 20.5894 11.4
    endloop
  endfacet
  facet normal 0.555582 -0.831462 0
    outer loop
      vertex 6.35114 20.7639 11.4
      vertex 6.08999 20.5894 3
      vertex 6.35114 20.7639 3
    endloop
  endfacet
  facet normal 0.962461 0.271419 0
    outer loop
      vertex 7.88948 24.9338 11.4
      vertex 7.80423 25.2361 3
      vertex 7.80423 25.2361 11.4
    endloop
  endfacet
  facet normal 0.962461 0.271419 0
    outer loop
      vertex 7.80423 25.2361 3
      vertex 7.88948 24.9338 11.4
      vertex 7.88948 24.9338 3
    endloop
  endfacet
  facet normal -0.346101 0.938197 0
    outer loop
      vertex 2.76393 27.8042 3
      vertex 2.46927 27.6955 11.4
      vertex 2.76393 27.8042 11.4
    endloop
  endfacet
  facet normal -0.346101 0.938197 0
    outer loop
      vertex 2.46927 27.6955 11.4
      vertex 2.76393 27.8042 3
      vertex 2.46927 27.6955 3
    endloop
  endfacet
  facet normal 0.908186 -0.418568 0
    outer loop
      vertex 7.56403 22.184 11.4
      vertex 7.69552 22.4693 3
      vertex 7.69552 22.4693 11.4
    endloop
  endfacet
  facet normal 0.908186 -0.418568 0
    outer loop
      vertex 7.69552 22.4693 3
      vertex 7.56403 22.184 11.4
      vertex 7.56403 22.184 3
    endloop
  endfacet
  facet normal -0.488466 -0.872583 0
    outer loop
      vertex 1.91001 20.5894 3
      vertex 2.18404 20.436 11.4
      vertex 1.91001 20.5894 11.4
    endloop
  endfacet
  facet normal -0.488466 -0.872583 -0
    outer loop
      vertex 2.18404 20.436 11.4
      vertex 1.91001 20.5894 3
      vertex 2.18404 20.436 3
    endloop
  endfacet
  facet normal -0.999229 -0.0392626 0
    outer loop
      vertex 0.0123301 23.6862 3
      vertex 0 24 11.4
      vertex 0 24 3
    endloop
  endfacet
  facet normal -0.999229 -0.0392626 0
    outer loop
      vertex 0 24 11.4
      vertex 0.0123301 23.6862 3
      vertex 0.0123301 23.6862 11.4
    endloop
  endfacet
  facet normal 0.555582 0.831462 -0
    outer loop
      vertex 6.35114 27.2361 3
      vertex 6.08999 27.4106 11.4
      vertex 6.35114 27.2361 11.4
    endloop
  endfacet
  facet normal 0.555582 0.831462 0
    outer loop
      vertex 6.08999 27.4106 11.4
      vertex 6.35114 27.2361 3
      vertex 6.08999 27.4106 3
    endloop
  endfacet
  facet normal -0.734276 -0.678851 0
    outer loop
      vertex 1.17157 21.1716 3
      vertex 0.958376 21.4022 11.4
      vertex 0.958376 21.4022 3
    endloop
  endfacet
  facet normal -0.734276 -0.678851 0
    outer loop
      vertex 0.958376 21.4022 11.4
      vertex 1.17157 21.1716 3
      vertex 1.17157 21.1716 11.4
    endloop
  endfacet
  facet normal 0.980794 0.195045 0
    outer loop
      vertex 7.95075 24.6257 11.4
      vertex 7.88948 24.9338 3
      vertex 7.88948 24.9338 11.4
    endloop
  endfacet
  facet normal 0.980794 0.195045 0
    outer loop
      vertex 7.88948 24.9338 3
      vertex 7.95075 24.6257 11.4
      vertex 7.95075 24.6257 3
    endloop
  endfacet
  facet normal -0.980792 0.195054 0
    outer loop
      vertex 0.0492458 24.6257 3
      vertex 0.110519 24.9338 11.4
      vertex 0.110519 24.9338 3
    endloop
  endfacet
  facet normal -0.980792 0.195054 0
    outer loop
      vertex 0.110519 24.9338 11.4
      vertex 0.0492458 24.6257 3
      vertex 0.0492458 24.6257 11.4
    endloop
  endfacet
  facet normal 0.346101 -0.938197 0
    outer loop
      vertex 5.23607 20.1958 3
      vertex 5.53073 20.3045 11.4
      vertex 5.23607 20.1958 11.4
    endloop
  endfacet
  facet normal 0.346101 -0.938197 0
    outer loop
      vertex 5.53073 20.3045 11.4
      vertex 5.23607 20.1958 3
      vertex 5.53073 20.3045 3
    endloop
  endfacet
  facet normal -0.271574 0.962417 0
    outer loop
      vertex 3.06622 27.8895 3
      vertex 2.76393 27.8042 11.4
      vertex 3.06622 27.8895 11.4
    endloop
  endfacet
  facet normal -0.271574 0.962417 0
    outer loop
      vertex 2.76393 27.8042 11.4
      vertex 3.06622 27.8895 3
      vertex 2.76393 27.8042 3
    endloop
  endfacet
  facet normal -0.999229 0.0392626 0
    outer loop
      vertex 0 24 3
      vertex 0.0123301 24.3138 11.4
      vertex 0.0123301 24.3138 3
    endloop
  endfacet
  facet normal -0.999229 0.0392626 0
    outer loop
      vertex 0.0123301 24.3138 11.4
      vertex 0 24 3
      vertex 0 24 11.4
    endloop
  endfacet
  facet normal 0.418679 -0.908134 0
    outer loop
      vertex 5.53073 20.3045 3
      vertex 5.81596 20.436 11.4
      vertex 5.53073 20.3045 11.4
    endloop
  endfacet
  facet normal 0.418679 -0.908134 0
    outer loop
      vertex 5.81596 20.436 11.4
      vertex 5.53073 20.3045 3
      vertex 5.81596 20.436 3
    endloop
  endfacet
  facet normal -0.734276 0.678851 0
    outer loop
      vertex 0.958376 26.5978 3
      vertex 1.17157 26.8284 11.4
      vertex 1.17157 26.8284 3
    endloop
  endfacet
  facet normal -0.734276 0.678851 0
    outer loop
      vertex 1.17157 26.8284 11.4
      vertex 0.958376 26.5978 3
      vertex 0.958376 26.5978 11.4
    endloop
  endfacet
  facet normal 0.117488 -0.993074 0
    outer loop
      vertex 4.31384 20.0123 3
      vertex 4.62574 20.0492 11.4
      vertex 4.31384 20.0123 11.4
    endloop
  endfacet
  facet normal 0.117488 -0.993074 0
    outer loop
      vertex 4.62574 20.0492 11.4
      vertex 4.31384 20.0123 3
      vertex 4.62574 20.0492 3
    endloop
  endfacet
  facet normal -0.938165 -0.346188 0
    outer loop
      vertex 0.304482 22.4693 3
      vertex 0.195773 22.7639 11.4
      vertex 0.195773 22.7639 3
    endloop
  endfacet
  facet normal -0.938165 -0.346188 0
    outer loop
      vertex 0.195773 22.7639 11.4
      vertex 0.304482 22.4693 3
      vertex 0.304482 22.4693 11.4
    endloop
  endfacet
  facet normal 0.117488 0.993074 -0
    outer loop
      vertex 4.62574 27.9508 3
      vertex 4.31384 27.9877 11.4
      vertex 4.62574 27.9508 11.4
    endloop
  endfacet
  facet normal 0.117488 0.993074 0
    outer loop
      vertex 4.31384 27.9877 11.4
      vertex 4.62574 27.9508 3
      vertex 4.31384 27.9877 3
    endloop
  endfacet
  facet normal 0.831428 0.555633 0
    outer loop
      vertex 7.41056 26.09 11.4
      vertex 7.23607 26.3511 3
      vertex 7.23607 26.3511 11.4
    endloop
  endfacet
  facet normal 0.831428 0.555633 0
    outer loop
      vertex 7.23607 26.3511 3
      vertex 7.41056 26.09 11.4
      vertex 7.41056 26.09 3
    endloop
  endfacet
  facet normal 0.418679 0.908134 -0
    outer loop
      vertex 5.81596 27.564 3
      vertex 5.53073 27.6955 11.4
      vertex 5.81596 27.564 11.4
    endloop
  endfacet
  facet normal 0.418679 0.908134 0
    outer loop
      vertex 5.53073 27.6955 11.4
      vertex 5.81596 27.564 3
      vertex 5.53073 27.6955 3
    endloop
  endfacet
  facet normal -0.555582 -0.831462 0
    outer loop
      vertex 1.64886 20.7639 3
      vertex 1.91001 20.5894 11.4
      vertex 1.64886 20.7639 11.4
    endloop
  endfacet
  facet normal -0.555582 -0.831462 -0
    outer loop
      vertex 1.91001 20.5894 11.4
      vertex 1.64886 20.7639 3
      vertex 1.91001 20.5894 3
    endloop
  endfacet
  facet normal -0.831423 0.55564 0
    outer loop
      vertex 0.589438 26.09 3
      vertex 0.763931 26.3511 11.4
      vertex 0.763931 26.3511 3
    endloop
  endfacet
  facet normal -0.831423 0.55564 0
    outer loop
      vertex 0.763931 26.3511 11.4
      vertex 0.589438 26.09 3
      vertex 0.589438 26.09 11.4
    endloop
  endfacet
  facet normal -0.993068 0.117537 0
    outer loop
      vertex 0.0123301 24.3138 3
      vertex 0.0492458 24.6257 11.4
      vertex 0.0492458 24.6257 3
    endloop
  endfacet
  facet normal -0.993068 0.117537 0
    outer loop
      vertex 0.0492458 24.6257 11.4
      vertex 0.0123301 24.3138 3
      vertex 0.0123301 24.3138 11.4
    endloop
  endfacet
  facet normal -0.962458 0.27143 0
    outer loop
      vertex 0.110519 24.9338 3
      vertex 0.195773 25.2361 11.4
      vertex 0.195773 25.2361 3
    endloop
  endfacet
  facet normal -0.962458 0.27143 0
    outer loop
      vertex 0.195773 25.2361 11.4
      vertex 0.110519 24.9338 3
      vertex 0.110519 24.9338 11.4
    endloop
  endfacet
  facet normal 0.0391619 -0.999233 0
    outer loop
      vertex 4 20 3
      vertex 4.31384 20.0123 11.4
      vertex 4 20 11.4
    endloop
  endfacet
  facet normal 0.0391619 -0.999233 0
    outer loop
      vertex 4.31384 20.0123 11.4
      vertex 4 20 3
      vertex 4.31384 20.0123 3
    endloop
  endfacet
  facet normal 0.678798 0.734325 -0
    outer loop
      vertex 6.82843 26.8284 3
      vertex 6.59779 27.0416 11.4
      vertex 6.82843 26.8284 11.4
    endloop
  endfacet
  facet normal 0.678798 0.734325 0
    outer loop
      vertex 6.59779 27.0416 11.4
      vertex 6.82843 26.8284 3
      vertex 6.59779 27.0416 3
    endloop
  endfacet
  facet normal -0.418679 0.908134 0
    outer loop
      vertex 2.46927 27.6955 3
      vertex 2.18404 27.564 11.4
      vertex 2.46927 27.6955 11.4
    endloop
  endfacet
  facet normal -0.418679 0.908134 0
    outer loop
      vertex 2.18404 27.564 11.4
      vertex 2.46927 27.6955 3
      vertex 2.18404 27.564 3
    endloop
  endfacet
  facet normal 0.999229 -0.0392622 0
    outer loop
      vertex 7.98767 23.6862 11.4
      vertex 8 24 3
      vertex 8 24 11.4
    endloop
  endfacet
  facet normal 0.999229 -0.0392622 0
    outer loop
      vertex 8 24 3
      vertex 7.98767 23.6862 11.4
      vertex 7.98767 23.6862 3
    endloop
  endfacet
  facet normal -0.993068 -0.117537 0
    outer loop
      vertex 0.0492458 23.3743 3
      vertex 0.0123301 23.6862 11.4
      vertex 0.0123301 23.6862 3
    endloop
  endfacet
  facet normal -0.993068 -0.117537 0
    outer loop
      vertex 0.0123301 23.6862 11.4
      vertex 0.0492458 23.3743 3
      vertex 0.0492458 23.3743 11.4
    endloop
  endfacet
  facet normal -0.0391619 -0.999233 0
    outer loop
      vertex 3.68616 20.0123 3
      vertex 4 20 11.4
      vertex 3.68616 20.0123 11.4
    endloop
  endfacet
  facet normal -0.0391619 -0.999233 -0
    outer loop
      vertex 4 20 11.4
      vertex 3.68616 20.0123 3
      vertex 4 20 3
    endloop
  endfacet
  facet normal 0.962461 -0.271419 0
    outer loop
      vertex 7.80423 22.7639 11.4
      vertex 7.88948 23.0662 3
      vertex 7.88948 23.0662 11.4
    endloop
  endfacet
  facet normal 0.962461 -0.271419 0
    outer loop
      vertex 7.88948 23.0662 3
      vertex 7.80423 22.7639 11.4
      vertex 7.80423 22.7639 3
    endloop
  endfacet
  facet normal 0.938164 -0.346191 0
    outer loop
      vertex 7.69552 22.4693 11.4
      vertex 7.80423 22.7639 3
      vertex 7.80423 22.7639 11.4
    endloop
  endfacet
  facet normal 0.938164 -0.346191 0
    outer loop
      vertex 7.80423 22.7639 3
      vertex 7.69552 22.4693 11.4
      vertex 7.69552 22.4693 3
    endloop
  endfacet
  facet normal -0.555582 0.831462 0
    outer loop
      vertex 1.91001 27.4106 3
      vertex 1.64886 27.2361 11.4
      vertex 1.91001 27.4106 11.4
    endloop
  endfacet
  facet normal -0.555582 0.831462 0
    outer loop
      vertex 1.64886 27.2361 11.4
      vertex 1.91001 27.4106 3
      vertex 1.64886 27.2361 3
    endloop
  endfacet
  facet normal 0.488466 -0.872583 0
    outer loop
      vertex 5.81596 20.436 3
      vertex 6.08999 20.5894 11.4
      vertex 5.81596 20.436 11.4
    endloop
  endfacet
  facet normal 0.488466 -0.872583 0
    outer loop
      vertex 6.08999 20.5894 11.4
      vertex 5.81596 20.436 3
      vertex 6.08999 20.5894 3
    endloop
  endfacet
  facet normal -0.980792 -0.195054 0
    outer loop
      vertex 0.110519 23.0662 3
      vertex 0.0492458 23.3743 11.4
      vertex 0.0492458 23.3743 3
    endloop
  endfacet
  facet normal -0.980792 -0.195054 0
    outer loop
      vertex 0.0492458 23.3743 11.4
      vertex 0.110519 23.0662 3
      vertex 0.110519 23.0662 11.4
    endloop
  endfacet
  facet normal 0.488466 0.872583 -0
    outer loop
      vertex 6.08999 27.4106 3
      vertex 5.81596 27.564 11.4
      vertex 6.08999 27.4106 11.4
    endloop
  endfacet
  facet normal 0.488466 0.872583 0
    outer loop
      vertex 5.81596 27.564 11.4
      vertex 6.08999 27.4106 3
      vertex 5.81596 27.564 3
    endloop
  endfacet
  facet normal 0.271574 -0.962417 0
    outer loop
      vertex 4.93378 20.1105 3
      vertex 5.23607 20.1958 11.4
      vertex 4.93378 20.1105 11.4
    endloop
  endfacet
  facet normal 0.271574 -0.962417 0
    outer loop
      vertex 5.23607 20.1958 11.4
      vertex 4.93378 20.1105 3
      vertex 5.23607 20.1958 3
    endloop
  endfacet
  facet normal -0.962458 -0.27143 0
    outer loop
      vertex 0.195773 22.7639 3
      vertex 0.110519 23.0662 11.4
      vertex 0.110519 23.0662 3
    endloop
  endfacet
  facet normal -0.962458 -0.27143 0
    outer loop
      vertex 0.110519 23.0662 11.4
      vertex 0.195773 22.7639 3
      vertex 0.195773 22.7639 11.4
    endloop
  endfacet
  facet normal 0.271574 0.962417 -0
    outer loop
      vertex 5.23607 27.8042 3
      vertex 4.93378 27.8895 11.4
      vertex 5.23607 27.8042 11.4
    endloop
  endfacet
  facet normal 0.271574 0.962417 0
    outer loop
      vertex 4.93378 27.8895 11.4
      vertex 5.23607 27.8042 3
      vertex 4.93378 27.8895 3
    endloop
  endfacet
  facet normal -0.0391619 0.999233 0
    outer loop
      vertex 4 28 3
      vertex 3.68616 27.9877 11.4
      vertex 4 28 11.4
    endloop
  endfacet
  facet normal -0.0391619 0.999233 0
    outer loop
      vertex 3.68616 27.9877 11.4
      vertex 4 28 3
      vertex 3.68616 27.9877 3
    endloop
  endfacet
  facet normal -0.938165 0.346188 0
    outer loop
      vertex 0.195773 25.2361 3
      vertex 0.304482 25.5307 11.4
      vertex 0.304482 25.5307 3
    endloop
  endfacet
  facet normal -0.938165 0.346188 0
    outer loop
      vertex 0.304482 25.5307 11.4
      vertex 0.195773 25.2361 3
      vertex 0.195773 25.2361 11.4
    endloop
  endfacet
  facet normal 0.619205 -0.785229 0
    outer loop
      vertex 6.35114 20.7639 3
      vertex 6.59779 20.9584 11.4
      vertex 6.35114 20.7639 11.4
    endloop
  endfacet
  facet normal 0.619205 -0.785229 0
    outer loop
      vertex 6.59779 20.9584 11.4
      vertex 6.35114 20.7639 3
      vertex 6.59779 20.9584 3
    endloop
  endfacet
  facet normal -0.872472 -0.488664 0
    outer loop
      vertex 0.589438 21.91 3
      vertex 0.435973 22.184 11.4
      vertex 0.435973 22.184 3
    endloop
  endfacet
  facet normal -0.872472 -0.488664 0
    outer loop
      vertex 0.435973 22.184 11.4
      vertex 0.589438 21.91 3
      vertex 0.589438 21.91 11.4
    endloop
  endfacet
  facet normal -0.117488 0.993074 0
    outer loop
      vertex 3.68616 27.9877 3
      vertex 3.37426 27.9508 11.4
      vertex 3.68616 27.9877 11.4
    endloop
  endfacet
  facet normal -0.117488 0.993074 0
    outer loop
      vertex 3.37426 27.9508 11.4
      vertex 3.68616 27.9877 3
      vertex 3.37426 27.9508 3
    endloop
  endfacet
  facet normal -0.195173 -0.980769 0
    outer loop
      vertex 3.06622 20.1105 3
      vertex 3.37426 20.0492 11.4
      vertex 3.06622 20.1105 11.4
    endloop
  endfacet
  facet normal -0.195173 -0.980769 -0
    outer loop
      vertex 3.37426 20.0492 11.4
      vertex 3.06622 20.1105 3
      vertex 3.37426 20.0492 3
    endloop
  endfacet
  facet normal 0.734282 -0.678845 0
    outer loop
      vertex 6.82843 21.1716 11.4
      vertex 7.04162 21.4022 3
      vertex 7.04162 21.4022 11.4
    endloop
  endfacet
  facet normal 0.734282 -0.678845 0
    outer loop
      vertex 7.04162 21.4022 3
      vertex 6.82843 21.1716 11.4
      vertex 6.82843 21.1716 3
    endloop
  endfacet
  facet normal -0.785375 -0.61902 0
    outer loop
      vertex 0.958376 21.4022 3
      vertex 0.763931 21.6489 11.4
      vertex 0.763931 21.6489 3
    endloop
  endfacet
  facet normal -0.785375 -0.61902 0
    outer loop
      vertex 0.763931 21.6489 11.4
      vertex 0.958376 21.4022 3
      vertex 0.958376 21.4022 11.4
    endloop
  endfacet
  facet normal -0.678798 0.734325 0
    outer loop
      vertex 1.40221 27.0416 3
      vertex 1.17157 26.8284 11.4
      vertex 1.40221 27.0416 11.4
    endloop
  endfacet
  facet normal -0.678798 0.734325 0
    outer loop
      vertex 1.17157 26.8284 11.4
      vertex 1.40221 27.0416 3
      vertex 1.17157 26.8284 3
    endloop
  endfacet
  facet normal -0.418679 -0.908134 0
    outer loop
      vertex 2.18404 20.436 3
      vertex 2.46927 20.3045 11.4
      vertex 2.18404 20.436 11.4
    endloop
  endfacet
  facet normal -0.418679 -0.908134 -0
    outer loop
      vertex 2.46927 20.3045 11.4
      vertex 2.18404 20.436 3
      vertex 2.46927 20.3045 3
    endloop
  endfacet
  facet normal 0.678798 -0.734325 0
    outer loop
      vertex 6.59779 20.9584 3
      vertex 6.82843 21.1716 11.4
      vertex 6.59779 20.9584 11.4
    endloop
  endfacet
  facet normal 0.678798 -0.734325 0
    outer loop
      vertex 6.82843 21.1716 11.4
      vertex 6.59779 20.9584 3
      vertex 6.82843 21.1716 3
    endloop
  endfacet
  facet normal 0.785367 0.61903 0
    outer loop
      vertex 7.23607 26.3511 11.4
      vertex 7.04162 26.5978 3
      vertex 7.04162 26.5978 11.4
    endloop
  endfacet
  facet normal 0.785367 0.61903 0
    outer loop
      vertex 7.04162 26.5978 3
      vertex 7.23607 26.3511 11.4
      vertex 7.23607 26.3511 3
    endloop
  endfacet
  facet normal -0.908184 0.41857 0
    outer loop
      vertex 0.304482 25.5307 3
      vertex 0.435973 25.816 11.4
      vertex 0.435973 25.816 3
    endloop
  endfacet
  facet normal -0.908184 0.41857 0
    outer loop
      vertex 0.435973 25.816 11.4
      vertex 0.304482 25.5307 3
      vertex 0.304482 25.5307 11.4
    endloop
  endfacet
  facet normal -0.346163 0.938174 0
    outer loop
      vertex 30.7639 27.8042 3
      vertex 30.4693 27.6955 11.4
      vertex 30.7639 27.8042 11.4
    endloop
  endfacet
  facet normal -0.346163 0.938174 0
    outer loop
      vertex 30.4693 27.6955 11.4
      vertex 30.7639 27.8042 3
      vertex 30.4693 27.6955 3
    endloop
  endfacet
  facet normal 0.993074 0.117488 0
    outer loop
      vertex 35.9877 24.3138 11.4
      vertex 35.9508 24.6257 3
      vertex 35.9508 24.6257 11.4
    endloop
  endfacet
  facet normal 0.993074 0.117488 0
    outer loop
      vertex 35.9508 24.6257 3
      vertex 35.9877 24.3138 11.4
      vertex 35.9877 24.3138 3
    endloop
  endfacet
  facet normal 0.999233 0.0391669 0
    outer loop
      vertex 36 24 11.4
      vertex 35.9877 24.3138 3
      vertex 35.9877 24.3138 11.4
    endloop
  endfacet
  facet normal 0.999233 0.0391669 0
    outer loop
      vertex 35.9877 24.3138 3
      vertex 36 24 11.4
      vertex 36 24 3
    endloop
  endfacet
  facet normal 0.980776 0.195137 0
    outer loop
      vertex 35.9508 24.6257 11.4
      vertex 35.8895 24.9338 3
      vertex 35.8895 24.9338 11.4
    endloop
  endfacet
  facet normal 0.980776 0.195137 0
    outer loop
      vertex 35.8895 24.9338 3
      vertex 35.9508 24.6257 11.4
      vertex 35.9508 24.6257 3
    endloop
  endfacet
  facet normal 0.96242 0.271566 0
    outer loop
      vertex 35.8895 24.9338 11.4
      vertex 35.8042 25.2361 3
      vertex 35.8042 25.2361 11.4
    endloop
  endfacet
  facet normal 0.96242 0.271566 0
    outer loop
      vertex 35.8042 25.2361 3
      vertex 35.8895 24.9338 11.4
      vertex 35.8895 24.9338 3
    endloop
  endfacet
  facet normal -0.908174 -0.418594 0
    outer loop
      vertex 28.436 22.184 3
      vertex 28.3045 22.4693 11.4
      vertex 28.3045 22.4693 3
    endloop
  endfacet
  facet normal -0.908174 -0.418594 0
    outer loop
      vertex 28.3045 22.4693 11.4
      vertex 28.436 22.184 3
      vertex 28.436 22.184 11.4
    endloop
  endfacet
  facet normal 0.999233 -0.0391669 0
    outer loop
      vertex 35.9877 23.6862 11.4
      vertex 36 24 3
      vertex 36 24 11.4
    endloop
  endfacet
  facet normal 0.999233 -0.0391669 0
    outer loop
      vertex 36 24 3
      vertex 35.9877 23.6862 11.4
      vertex 35.9877 23.6862 3
    endloop
  endfacet
  facet normal -0.96242 -0.271566 0
    outer loop
      vertex 28.1958 22.7639 3
      vertex 28.1105 23.0662 11.4
      vertex 28.1105 23.0662 3
    endloop
  endfacet
  facet normal -0.96242 -0.271566 0
    outer loop
      vertex 28.1105 23.0662 11.4
      vertex 28.1958 22.7639 3
      vertex 28.1958 22.7639 11.4
    endloop
  endfacet
  facet normal -0.195137 0.980776 0
    outer loop
      vertex 31.3743 27.9508 3
      vertex 31.0662 27.8895 11.4
      vertex 31.3743 27.9508 11.4
    endloop
  endfacet
  facet normal -0.195137 0.980776 0
    outer loop
      vertex 31.0662 27.8895 11.4
      vertex 31.3743 27.9508 3
      vertex 31.0662 27.8895 3
    endloop
  endfacet
  facet normal -0.993074 0.117488 0
    outer loop
      vertex 28.0123 24.3138 3
      vertex 28.0492 24.6257 11.4
      vertex 28.0492 24.6257 3
    endloop
  endfacet
  facet normal -0.993074 0.117488 0
    outer loop
      vertex 28.0492 24.6257 11.4
      vertex 28.0123 24.3138 3
      vertex 28.0123 24.3138 11.4
    endloop
  endfacet
  facet normal 0.980776 -0.195137 0
    outer loop
      vertex 35.8895 23.0662 11.4
      vertex 35.9508 23.3743 3
      vertex 35.9508 23.3743 11.4
    endloop
  endfacet
  facet normal 0.980776 -0.195137 0
    outer loop
      vertex 35.9508 23.3743 3
      vertex 35.8895 23.0662 11.4
      vertex 35.8895 23.0662 3
    endloop
  endfacet
  facet normal 0.418594 0.908174 -0
    outer loop
      vertex 33.816 27.564 3
      vertex 33.5307 27.6955 11.4
      vertex 33.816 27.564 11.4
    endloop
  endfacet
  facet normal 0.418594 0.908174 0
    outer loop
      vertex 33.5307 27.6955 11.4
      vertex 33.816 27.564 3
      vertex 33.5307 27.6955 3
    endloop
  endfacet
  facet normal 0.195137 0.980776 -0
    outer loop
      vertex 32.9338 27.8895 3
      vertex 32.6257 27.9508 11.4
      vertex 32.9338 27.8895 11.4
    endloop
  endfacet
  facet normal 0.195137 0.980776 0
    outer loop
      vertex 32.6257 27.9508 11.4
      vertex 32.9338 27.8895 3
      vertex 32.6257 27.9508 3
    endloop
  endfacet
  facet normal 0.117488 -0.993074 0
    outer loop
      vertex 32.3138 20.0123 3
      vertex 32.6257 20.0492 11.4
      vertex 32.3138 20.0123 11.4
    endloop
  endfacet
  facet normal 0.117488 -0.993074 0
    outer loop
      vertex 32.6257 20.0492 11.4
      vertex 32.3138 20.0123 3
      vertex 32.6257 20.0492 3
    endloop
  endfacet
  facet normal 0.78529 -0.619128 0
    outer loop
      vertex 35.0416 21.4022 11.4
      vertex 35.2361 21.6489 3
      vertex 35.2361 21.6489 11.4
    endloop
  endfacet
  facet normal 0.78529 -0.619128 0
    outer loop
      vertex 35.2361 21.6489 3
      vertex 35.0416 21.4022 11.4
      vertex 35.0416 21.4022 3
    endloop
  endfacet
  facet normal 0.87256 0.488506 0
    outer loop
      vertex 35.564 25.816 11.4
      vertex 35.4106 26.09 3
      vertex 35.4106 26.09 11.4
    endloop
  endfacet
  facet normal 0.87256 0.488506 0
    outer loop
      vertex 35.4106 26.09 3
      vertex 35.564 25.816 11.4
      vertex 35.564 25.816 3
    endloop
  endfacet
  facet normal -0.488506 -0.87256 0
    outer loop
      vertex 29.91 20.5894 3
      vertex 30.184 20.436 11.4
      vertex 29.91 20.5894 11.4
    endloop
  endfacet
  facet normal -0.488506 -0.87256 -0
    outer loop
      vertex 30.184 20.436 11.4
      vertex 29.91 20.5894 3
      vertex 30.184 20.436 3
    endloop
  endfacet
  facet normal -0.117488 0.993074 0
    outer loop
      vertex 31.6862 27.9877 3
      vertex 31.3743 27.9508 11.4
      vertex 31.6862 27.9877 11.4
    endloop
  endfacet
  facet normal -0.117488 0.993074 0
    outer loop
      vertex 31.3743 27.9508 11.4
      vertex 31.6862 27.9877 3
      vertex 31.3743 27.9508 3
    endloop
  endfacet
  facet normal 0.831413 0.555655 0
    outer loop
      vertex 35.4106 26.09 11.4
      vertex 35.2361 26.3511 3
      vertex 35.2361 26.3511 11.4
    endloop
  endfacet
  facet normal 0.831413 0.555655 0
    outer loop
      vertex 35.2361 26.3511 3
      vertex 35.4106 26.09 11.4
      vertex 35.4106 26.09 3
    endloop
  endfacet
  facet normal -0.87256 0.488506 0
    outer loop
      vertex 28.436 25.816 3
      vertex 28.5894 26.09 11.4
      vertex 28.5894 26.09 3
    endloop
  endfacet
  facet normal -0.87256 0.488506 0
    outer loop
      vertex 28.5894 26.09 11.4
      vertex 28.436 25.816 3
      vertex 28.436 25.816 11.4
    endloop
  endfacet
  facet normal 0.938174 -0.346163 0
    outer loop
      vertex 35.6955 22.4693 11.4
      vertex 35.8042 22.7639 3
      vertex 35.8042 22.7639 11.4
    endloop
  endfacet
  facet normal 0.938174 -0.346163 0
    outer loop
      vertex 35.8042 22.7639 3
      vertex 35.6955 22.4693 11.4
      vertex 35.6955 22.4693 3
    endloop
  endfacet
  facet normal 0.346163 0.938174 -0
    outer loop
      vertex 33.5307 27.6955 3
      vertex 33.2361 27.8042 11.4
      vertex 33.5307 27.6955 11.4
    endloop
  endfacet
  facet normal 0.346163 0.938174 0
    outer loop
      vertex 33.2361 27.8042 11.4
      vertex 33.5307 27.6955 3
      vertex 33.2361 27.8042 3
    endloop
  endfacet
  facet normal -0.555655 0.831413 0
    outer loop
      vertex 29.91 27.4106 3
      vertex 29.6489 27.2361 11.4
      vertex 29.91 27.4106 11.4
    endloop
  endfacet
  facet normal -0.555655 0.831413 0
    outer loop
      vertex 29.6489 27.2361 11.4
      vertex 29.91 27.4106 3
      vertex 29.6489 27.2361 3
    endloop
  endfacet
  facet normal -0.418594 0.908174 0
    outer loop
      vertex 30.4693 27.6955 3
      vertex 30.184 27.564 11.4
      vertex 30.4693 27.6955 11.4
    endloop
  endfacet
  facet normal -0.418594 0.908174 0
    outer loop
      vertex 30.184 27.564 11.4
      vertex 30.4693 27.6955 3
      vertex 30.184 27.564 3
    endloop
  endfacet
  facet normal -0.87256 -0.488506 0
    outer loop
      vertex 28.5894 21.91 3
      vertex 28.436 22.184 11.4
      vertex 28.436 22.184 3
    endloop
  endfacet
  facet normal -0.87256 -0.488506 0
    outer loop
      vertex 28.436 22.184 11.4
      vertex 28.5894 21.91 3
      vertex 28.5894 21.91 11.4
    endloop
  endfacet
  facet normal 0.488506 0.87256 -0
    outer loop
      vertex 34.09 27.4106 3
      vertex 33.816 27.564 11.4
      vertex 34.09 27.4106 11.4
    endloop
  endfacet
  facet normal 0.488506 0.87256 0
    outer loop
      vertex 33.816 27.564 11.4
      vertex 34.09 27.4106 3
      vertex 33.816 27.564 3
    endloop
  endfacet
  facet normal 0.993074 -0.117488 0
    outer loop
      vertex 35.9508 23.3743 11.4
      vertex 35.9877 23.6862 3
      vertex 35.9877 23.6862 11.4
    endloop
  endfacet
  facet normal 0.993074 -0.117488 0
    outer loop
      vertex 35.9877 23.6862 3
      vertex 35.9508 23.3743 11.4
      vertex 35.9508 23.3743 3
    endloop
  endfacet
  facet normal -0.78529 -0.619128 0
    outer loop
      vertex 28.9584 21.4022 3
      vertex 28.7639 21.6489 11.4
      vertex 28.7639 21.6489 3
    endloop
  endfacet
  facet normal -0.78529 -0.619128 0
    outer loop
      vertex 28.7639 21.6489 11.4
      vertex 28.9584 21.4022 3
      vertex 28.9584 21.4022 11.4
    endloop
  endfacet
  facet normal 0.346163 -0.938174 0
    outer loop
      vertex 33.2361 20.1958 3
      vertex 33.5307 20.3045 11.4
      vertex 33.2361 20.1958 11.4
    endloop
  endfacet
  facet normal 0.346163 -0.938174 0
    outer loop
      vertex 33.5307 20.3045 11.4
      vertex 33.2361 20.1958 3
      vertex 33.5307 20.3045 3
    endloop
  endfacet
  facet normal 0.619128 0.78529 -0
    outer loop
      vertex 34.5978 27.0416 3
      vertex 34.3511 27.2361 11.4
      vertex 34.5978 27.0416 11.4
    endloop
  endfacet
  facet normal 0.619128 0.78529 0
    outer loop
      vertex 34.3511 27.2361 11.4
      vertex 34.5978 27.0416 3
      vertex 34.3511 27.2361 3
    endloop
  endfacet
  facet normal 0.195137 -0.980776 0
    outer loop
      vertex 32.6257 20.0492 3
      vertex 32.9338 20.1105 11.4
      vertex 32.6257 20.0492 11.4
    endloop
  endfacet
  facet normal 0.195137 -0.980776 0
    outer loop
      vertex 32.9338 20.1105 11.4
      vertex 32.6257 20.0492 3
      vertex 32.9338 20.1105 3
    endloop
  endfacet
  facet normal 0.488506 -0.87256 0
    outer loop
      vertex 33.816 20.436 3
      vertex 34.09 20.5894 11.4
      vertex 33.816 20.436 11.4
    endloop
  endfacet
  facet normal 0.488506 -0.87256 0
    outer loop
      vertex 34.09 20.5894 11.4
      vertex 33.816 20.436 3
      vertex 34.09 20.5894 3
    endloop
  endfacet
  facet normal 0.555655 0.831413 -0
    outer loop
      vertex 34.3511 27.2361 3
      vertex 34.09 27.4106 11.4
      vertex 34.3511 27.2361 11.4
    endloop
  endfacet
  facet normal 0.555655 0.831413 0
    outer loop
      vertex 34.09 27.4106 11.4
      vertex 34.3511 27.2361 3
      vertex 34.09 27.4106 3
    endloop
  endfacet
  facet normal 0.734266 -0.678862 0
    outer loop
      vertex 34.8284 21.1716 11.4
      vertex 35.0416 21.4022 3
      vertex 35.0416 21.4022 11.4
    endloop
  endfacet
  facet normal 0.734266 -0.678862 0
    outer loop
      vertex 35.0416 21.4022 3
      vertex 34.8284 21.1716 11.4
      vertex 34.8284 21.1716 3
    endloop
  endfacet
  facet normal 0.96242 -0.271566 0
    outer loop
      vertex 35.8042 22.7639 11.4
      vertex 35.8895 23.0662 3
      vertex 35.8895 23.0662 11.4
    endloop
  endfacet
  facet normal 0.96242 -0.271566 0
    outer loop
      vertex 35.8895 23.0662 3
      vertex 35.8042 22.7639 11.4
      vertex 35.8042 22.7639 3
    endloop
  endfacet
  facet normal 0.78529 0.619128 0
    outer loop
      vertex 35.2361 26.3511 11.4
      vertex 35.0416 26.5978 3
      vertex 35.0416 26.5978 11.4
    endloop
  endfacet
  facet normal 0.78529 0.619128 0
    outer loop
      vertex 35.0416 26.5978 3
      vertex 35.2361 26.3511 11.4
      vertex 35.2361 26.3511 3
    endloop
  endfacet
  facet normal -0.999233 0.0391669 0
    outer loop
      vertex 28 24 3
      vertex 28.0123 24.3138 11.4
      vertex 28.0123 24.3138 3
    endloop
  endfacet
  facet normal -0.999233 0.0391669 0
    outer loop
      vertex 28.0123 24.3138 11.4
      vertex 28 24 3
      vertex 28 24 11.4
    endloop
  endfacet
  facet normal 0 0 1
    outer loop
      vertex 33.7 24 11.4
      vertex 36 24 11.4
      vertex 35.9877 24.3138 11.4
    endloop
  endfacet
  facet normal 0 0 1
    outer loop
      vertex 33.6948 24.1334 11.4
      vertex 35.9877 24.3138 11.4
      vertex 35.9508 24.6257 11.4
    endloop
  endfacet
  facet normal 0 0 1
    outer loop
      vertex 36 24 11.4
      vertex 33.7 24 11.4
      vertex 35.9877 23.6862 11.4
    endloop
  endfacet
  facet normal 0 0 1
    outer loop
      vertex 33.6791 24.2659 11.4
      vertex 35.9508 24.6257 11.4
      vertex 35.8895 24.9338 11.4
    endloop
  endfacet
  facet normal -0 0 1
    outer loop
      vertex 33.6948 23.8666 11.4
      vertex 35.9877 23.6862 11.4
      vertex 33.7 24 11.4
    endloop
  endfacet
  facet normal 0 0 1
    outer loop
      vertex 33.653 24.3969 11.4
      vertex 35.8895 24.9338 11.4
      vertex 35.8042 25.2361 11.4
    endloop
  endfacet
  facet normal 0 0 1
    outer loop
      vertex 35.9877 23.6862 11.4
      vertex 33.6948 23.8666 11.4
      vertex 35.9508 23.3743 11.4
    endloop
  endfacet
  facet normal 0 0 1
    outer loop
      vertex 33.6168 24.5253 11.4
      vertex 35.8042 25.2361 11.4
      vertex 35.6955 25.5307 11.4
    endloop
  endfacet
  facet normal -0 0 1
    outer loop
      vertex 33.6791 23.7341 11.4
      vertex 35.9508 23.3743 11.4
      vertex 33.6948 23.8666 11.4
    endloop
  endfacet
  facet normal 0 0 1
    outer loop
      vertex 33.5706 24.6506 11.4
      vertex 35.6955 25.5307 11.4
      vertex 35.564 25.816 11.4
    endloop
  endfacet
  facet normal 0 0 1
    outer loop
      vertex 35.9508 23.3743 11.4
      vertex 33.6791 23.7341 11.4
      vertex 35.8895 23.0662 11.4
    endloop
  endfacet
  facet normal 0 0 1
    outer loop
      vertex 33.5147 24.7718 11.4
      vertex 35.564 25.816 11.4
      vertex 35.4106 26.09 11.4
    endloop
  endfacet
  facet normal -0 0 1
    outer loop
      vertex 33.653 23.6031 11.4
      vertex 35.8895 23.0662 11.4
      vertex 33.6791 23.7341 11.4
    endloop
  endfacet
  facet normal 0 0 1
    outer loop
      vertex 33.4495 24.8882 11.4
      vertex 35.4106 26.09 11.4
      vertex 35.2361 26.3511 11.4
    endloop
  endfacet
  facet normal 0 0 1
    outer loop
      vertex 35.8895 23.0662 11.4
      vertex 33.653 23.6031 11.4
      vertex 35.8042 22.7639 11.4
    endloop
  endfacet
  facet normal 0 0 1
    outer loop
      vertex 33.3753 24.9992 11.4
      vertex 35.2361 26.3511 11.4
      vertex 35.0416 26.5978 11.4
    endloop
  endfacet
  facet normal -0 0 1
    outer loop
      vertex 33.6168 23.4747 11.4
      vertex 35.8042 22.7639 11.4
      vertex 33.653 23.6031 11.4
    endloop
  endfacet
  facet normal 0 0 1
    outer loop
      vertex 33.2927 25.1041 11.4
      vertex 35.0416 26.5978 11.4
      vertex 34.8284 26.8284 11.4
    endloop
  endfacet
  facet normal 0 0 1
    outer loop
      vertex 35.8042 22.7639 11.4
      vertex 33.6168 23.4747 11.4
      vertex 35.6955 22.4693 11.4
    endloop
  endfacet
  facet normal 0 0 1
    outer loop
      vertex 33.2021 25.2021 11.4
      vertex 34.8284 26.8284 11.4
      vertex 34.5978 27.0416 11.4
    endloop
  endfacet
  facet normal -0 0 1
    outer loop
      vertex 33.5706 23.3494 11.4
      vertex 35.6955 22.4693 11.4
      vertex 33.6168 23.4747 11.4
    endloop
  endfacet
  facet normal 0 0 1
    outer loop
      vertex 33.1041 25.2927 11.4
      vertex 34.5978 27.0416 11.4
      vertex 34.3511 27.2361 11.4
    endloop
  endfacet
  facet normal 0 0 1
    outer loop
      vertex 35.6955 22.4693 11.4
      vertex 33.5706 23.3494 11.4
      vertex 35.564 22.184 11.4
    endloop
  endfacet
  facet normal 0 0 1
    outer loop
      vertex 32.9992 25.3753 11.4
      vertex 34.3511 27.2361 11.4
      vertex 34.09 27.4106 11.4
    endloop
  endfacet
  facet normal -0 0 1
    outer loop
      vertex 33.5147 23.2282 11.4
      vertex 35.564 22.184 11.4
      vertex 33.5706 23.3494 11.4
    endloop
  endfacet
  facet normal 0 0 1
    outer loop
      vertex 32.8882 25.4495 11.4
      vertex 34.09 27.4106 11.4
      vertex 33.816 27.564 11.4
    endloop
  endfacet
  facet normal 0 0 1
    outer loop
      vertex 35.564 22.184 11.4
      vertex 33.5147 23.2282 11.4
      vertex 35.4106 21.91 11.4
    endloop
  endfacet
  facet normal -0 0 1
    outer loop
      vertex 33.4495 23.1118 11.4
      vertex 35.4106 21.91 11.4
      vertex 33.5147 23.2282 11.4
    endloop
  endfacet
  facet normal 0 0 1
    outer loop
      vertex 35.9877 24.3138 11.4
      vertex 33.6948 24.1334 11.4
      vertex 33.7 24 11.4
    endloop
  endfacet
  facet normal 0 0 1
    outer loop
      vertex 35.9508 24.6257 11.4
      vertex 33.6791 24.2659 11.4
      vertex 33.6948 24.1334 11.4
    endloop
  endfacet
  facet normal 0 0 1
    outer loop
      vertex 35.8895 24.9338 11.4
      vertex 33.653 24.3969 11.4
      vertex 33.6791 24.2659 11.4
    endloop
  endfacet
  facet normal 0 0 1
    outer loop
      vertex 35.8042 25.2361 11.4
      vertex 33.6168 24.5253 11.4
      vertex 33.653 24.3969 11.4
    endloop
  endfacet
  facet normal 0 0 1
    outer loop
      vertex 35.6955 25.5307 11.4
      vertex 33.5706 24.6506 11.4
      vertex 33.6168 24.5253 11.4
    endloop
  endfacet
  facet normal 0 0 1
    outer loop
      vertex 32.7718 25.5147 11.4
      vertex 33.816 27.564 11.4
      vertex 33.5307 27.6955 11.4
    endloop
  endfacet
  facet normal 0 0 1
    outer loop
      vertex 35.564 25.816 11.4
      vertex 33.5147 24.7718 11.4
      vertex 33.5706 24.6506 11.4
    endloop
  endfacet
  facet normal 0 0 1
    outer loop
      vertex 35.4106 26.09 11.4
      vertex 33.4495 24.8882 11.4
      vertex 33.5147 24.7718 11.4
    endloop
  endfacet
  facet normal 0 0 1
    outer loop
      vertex 35.2361 26.3511 11.4
      vertex 33.3753 24.9992 11.4
      vertex 33.4495 24.8882 11.4
    endloop
  endfacet
  facet normal 0 0 1
    outer loop
      vertex 35.0416 26.5978 11.4
      vertex 33.2927 25.1041 11.4
      vertex 33.3753 24.9992 11.4
    endloop
  endfacet
  facet normal 0 0 1
    outer loop
      vertex 32.6506 25.5706 11.4
      vertex 33.5307 27.6955 11.4
      vertex 33.2361 27.8042 11.4
    endloop
  endfacet
  facet normal 0 0 1
    outer loop
      vertex 34.8284 26.8284 11.4
      vertex 33.2021 25.2021 11.4
      vertex 33.2927 25.1041 11.4
    endloop
  endfacet
  facet normal 0 0 1
    outer loop
      vertex 34.5978 27.0416 11.4
      vertex 33.1041 25.2927 11.4
      vertex 33.2021 25.2021 11.4
    endloop
  endfacet
  facet normal 0 0 1
    outer loop
      vertex 34.3511 27.2361 11.4
      vertex 32.9992 25.3753 11.4
      vertex 33.1041 25.2927 11.4
    endloop
  endfacet
  facet normal 0 0 1
    outer loop
      vertex 32.5253 25.6168 11.4
      vertex 33.2361 27.8042 11.4
      vertex 32.9338 27.8895 11.4
    endloop
  endfacet
  facet normal 0 0 1
    outer loop
      vertex 34.09 27.4106 11.4
      vertex 32.8882 25.4495 11.4
      vertex 32.9992 25.3753 11.4
    endloop
  endfacet
  facet normal 0 0 1
    outer loop
      vertex 33.816 27.564 11.4
      vertex 32.7718 25.5147 11.4
      vertex 32.8882 25.4495 11.4
    endloop
  endfacet
  facet normal 0 0 1
    outer loop
      vertex 33.5307 27.6955 11.4
      vertex 32.6506 25.5706 11.4
      vertex 32.7718 25.5147 11.4
    endloop
  endfacet
  facet normal 0 0 1
    outer loop
      vertex 32.3969 25.653 11.4
      vertex 32.9338 27.8895 11.4
      vertex 32.6257 27.9508 11.4
    endloop
  endfacet
  facet normal 0 0 1
    outer loop
      vertex 33.2361 27.8042 11.4
      vertex 32.5253 25.6168 11.4
      vertex 32.6506 25.5706 11.4
    endloop
  endfacet
  facet normal 0 0 1
    outer loop
      vertex 32.9338 27.8895 11.4
      vertex 32.3969 25.653 11.4
      vertex 32.5253 25.6168 11.4
    endloop
  endfacet
  facet normal 0 0 1
    outer loop
      vertex 32.2659 25.6791 11.4
      vertex 32.6257 27.9508 11.4
      vertex 32.3138 27.9877 11.4
    endloop
  endfacet
  facet normal 0 0 1
    outer loop
      vertex 32.6257 27.9508 11.4
      vertex 32.2659 25.6791 11.4
      vertex 32.3969 25.653 11.4
    endloop
  endfacet
  facet normal 0 0 1
    outer loop
      vertex 32.3138 27.9877 11.4
      vertex 32.1334 25.6948 11.4
      vertex 32.2659 25.6791 11.4
    endloop
  endfacet
  facet normal 0 0 1
    outer loop
      vertex 32 28 11.4
      vertex 32.1334 25.6948 11.4
      vertex 32.3138 27.9877 11.4
    endloop
  endfacet
  facet normal 0 0 1
    outer loop
      vertex 32 28 11.4
      vertex 32 25.7 11.4
      vertex 32.1334 25.6948 11.4
    endloop
  endfacet
  facet normal 0 0 1
    outer loop
      vertex 32 28 11.4
      vertex 31.8666 25.6948 11.4
      vertex 32 25.7 11.4
    endloop
  endfacet
  facet normal -0 0 1
    outer loop
      vertex 31.6862 27.9877 11.4
      vertex 31.8666 25.6948 11.4
      vertex 32 28 11.4
    endloop
  endfacet
  facet normal 0 0 1
    outer loop
      vertex 31.8666 25.6948 11.4
      vertex 31.6862 27.9877 11.4
      vertex 31.7341 25.6791 11.4
    endloop
  endfacet
  facet normal -0 0 1
    outer loop
      vertex 31.3743 27.9508 11.4
      vertex 31.7341 25.6791 11.4
      vertex 31.6862 27.9877 11.4
    endloop
  endfacet
  facet normal 0 0 1
    outer loop
      vertex 31.7341 25.6791 11.4
      vertex 31.3743 27.9508 11.4
      vertex 31.6031 25.653 11.4
    endloop
  endfacet
  facet normal -0 0 1
    outer loop
      vertex 31.0662 27.8895 11.4
      vertex 31.6031 25.653 11.4
      vertex 31.3743 27.9508 11.4
    endloop
  endfacet
  facet normal 0 0 1
    outer loop
      vertex 31.6031 25.653 11.4
      vertex 31.0662 27.8895 11.4
      vertex 31.4747 25.6168 11.4
    endloop
  endfacet
  facet normal -0 0 1
    outer loop
      vertex 30.7639 27.8042 11.4
      vertex 31.4747 25.6168 11.4
      vertex 31.0662 27.8895 11.4
    endloop
  endfacet
  facet normal 0 0 1
    outer loop
      vertex 31.4747 25.6168 11.4
      vertex 30.7639 27.8042 11.4
      vertex 31.3494 25.5706 11.4
    endloop
  endfacet
  facet normal -0 0 1
    outer loop
      vertex 30.4693 27.6955 11.4
      vertex 31.3494 25.5706 11.4
      vertex 30.7639 27.8042 11.4
    endloop
  endfacet
  facet normal 0 0 1
    outer loop
      vertex 31.3494 25.5706 11.4
      vertex 30.4693 27.6955 11.4
      vertex 31.2282 25.5147 11.4
    endloop
  endfacet
  facet normal -0 0 1
    outer loop
      vertex 30.184 27.564 11.4
      vertex 31.2282 25.5147 11.4
      vertex 30.4693 27.6955 11.4
    endloop
  endfacet
  facet normal 0 0 1
    outer loop
      vertex 31.2282 25.5147 11.4
      vertex 30.184 27.564 11.4
      vertex 31.1118 25.4495 11.4
    endloop
  endfacet
  facet normal -0 0 1
    outer loop
      vertex 29.91 27.4106 11.4
      vertex 31.1118 25.4495 11.4
      vertex 30.184 27.564 11.4
    endloop
  endfacet
  facet normal 0 0 1
    outer loop
      vertex 31.1118 25.4495 11.4
      vertex 29.91 27.4106 11.4
      vertex 31.0008 25.3753 11.4
    endloop
  endfacet
  facet normal -0 0 1
    outer loop
      vertex 29.6489 27.2361 11.4
      vertex 31.0008 25.3753 11.4
      vertex 29.91 27.4106 11.4
    endloop
  endfacet
  facet normal 0 0 1
    outer loop
      vertex 31.0008 25.3753 11.4
      vertex 29.6489 27.2361 11.4
      vertex 30.8959 25.2927 11.4
    endloop
  endfacet
  facet normal -0 0 1
    outer loop
      vertex 29.4022 27.0416 11.4
      vertex 30.8959 25.2927 11.4
      vertex 29.6489 27.2361 11.4
    endloop
  endfacet
  facet normal 0 0 1
    outer loop
      vertex 30.8959 25.2927 11.4
      vertex 29.4022 27.0416 11.4
      vertex 30.7979 25.2021 11.4
    endloop
  endfacet
  facet normal -0 0 1
    outer loop
      vertex 29.1716 26.8284 11.4
      vertex 30.7979 25.2021 11.4
      vertex 29.4022 27.0416 11.4
    endloop
  endfacet
  facet normal 0 0 1
    outer loop
      vertex 30.7979 25.2021 11.4
      vertex 29.1716 26.8284 11.4
      vertex 30.7073 25.1041 11.4
    endloop
  endfacet
  facet normal -0 0 1
    outer loop
      vertex 28.9584 26.5978 11.4
      vertex 30.7073 25.1041 11.4
      vertex 29.1716 26.8284 11.4
    endloop
  endfacet
  facet normal 0 0 1
    outer loop
      vertex 30.7073 25.1041 11.4
      vertex 28.9584 26.5978 11.4
      vertex 30.6247 24.9992 11.4
    endloop
  endfacet
  facet normal -0 0 1
    outer loop
      vertex 28.7639 26.3511 11.4
      vertex 30.6247 24.9992 11.4
      vertex 28.9584 26.5978 11.4
    endloop
  endfacet
  facet normal -0 0 1
    outer loop
      vertex 28.5894 26.09 11.4
      vertex 30.5505 24.8882 11.4
      vertex 28.7639 26.3511 11.4
    endloop
  endfacet
  facet normal 0 0 1
    outer loop
      vertex 30.6247 24.9992 11.4
      vertex 28.7639 26.3511 11.4
      vertex 30.5505 24.8882 11.4
    endloop
  endfacet
  facet normal 0 0 1
    outer loop
      vertex 35.4106 21.91 11.4
      vertex 33.4495 23.1118 11.4
      vertex 35.2361 21.6489 11.4
    endloop
  endfacet
  facet normal -0 0 1
    outer loop
      vertex 33.3753 23.0008 11.4
      vertex 35.2361 21.6489 11.4
      vertex 33.4495 23.1118 11.4
    endloop
  endfacet
  facet normal 0 0 1
    outer loop
      vertex 35.2361 21.6489 11.4
      vertex 33.3753 23.0008 11.4
      vertex 35.0416 21.4022 11.4
    endloop
  endfacet
  facet normal -0 0 1
    outer loop
      vertex 33.2927 22.8959 11.4
      vertex 35.0416 21.4022 11.4
      vertex 33.3753 23.0008 11.4
    endloop
  endfacet
  facet normal 0 0 1
    outer loop
      vertex 35.0416 21.4022 11.4
      vertex 33.2927 22.8959 11.4
      vertex 34.8284 21.1716 11.4
    endloop
  endfacet
  facet normal -0 0 1
    outer loop
      vertex 33.2021 22.7979 11.4
      vertex 34.8284 21.1716 11.4
      vertex 33.2927 22.8959 11.4
    endloop
  endfacet
  facet normal 0 0 1
    outer loop
      vertex 34.8284 21.1716 11.4
      vertex 33.2021 22.7979 11.4
      vertex 34.5978 20.9584 11.4
    endloop
  endfacet
  facet normal -0 0 1
    outer loop
      vertex 33.1041 22.7073 11.4
      vertex 34.5978 20.9584 11.4
      vertex 33.2021 22.7979 11.4
    endloop
  endfacet
  facet normal 0 0 1
    outer loop
      vertex 34.5978 20.9584 11.4
      vertex 33.1041 22.7073 11.4
      vertex 34.3511 20.7639 11.4
    endloop
  endfacet
  facet normal -0 0 1
    outer loop
      vertex 32.9992 22.6247 11.4
      vertex 34.3511 20.7639 11.4
      vertex 33.1041 22.7073 11.4
    endloop
  endfacet
  facet normal 0 0 1
    outer loop
      vertex 34.3511 20.7639 11.4
      vertex 32.9992 22.6247 11.4
      vertex 34.09 20.5894 11.4
    endloop
  endfacet
  facet normal -0 0 1
    outer loop
      vertex 32.8882 22.5505 11.4
      vertex 34.09 20.5894 11.4
      vertex 32.9992 22.6247 11.4
    endloop
  endfacet
  facet normal 0 0 1
    outer loop
      vertex 34.09 20.5894 11.4
      vertex 32.8882 22.5505 11.4
      vertex 33.816 20.436 11.4
    endloop
  endfacet
  facet normal -0 0 1
    outer loop
      vertex 32.7718 22.4853 11.4
      vertex 33.816 20.436 11.4
      vertex 32.8882 22.5505 11.4
    endloop
  endfacet
  facet normal 0 0 1
    outer loop
      vertex 33.816 20.436 11.4
      vertex 32.7718 22.4853 11.4
      vertex 33.5307 20.3045 11.4
    endloop
  endfacet
  facet normal -0 0 1
    outer loop
      vertex 32.6506 22.4294 11.4
      vertex 33.5307 20.3045 11.4
      vertex 32.7718 22.4853 11.4
    endloop
  endfacet
  facet normal 0 0 1
    outer loop
      vertex 33.5307 20.3045 11.4
      vertex 32.6506 22.4294 11.4
      vertex 33.2361 20.1958 11.4
    endloop
  endfacet
  facet normal -0 0 1
    outer loop
      vertex 32.5253 22.3832 11.4
      vertex 33.2361 20.1958 11.4
      vertex 32.6506 22.4294 11.4
    endloop
  endfacet
  facet normal 0 0 1
    outer loop
      vertex 33.2361 20.1958 11.4
      vertex 32.5253 22.3832 11.4
      vertex 32.9338 20.1105 11.4
    endloop
  endfacet
  facet normal -0 0 1
    outer loop
      vertex 32.3969 22.347 11.4
      vertex 32.9338 20.1105 11.4
      vertex 32.5253 22.3832 11.4
    endloop
  endfacet
  facet normal 0 0 1
    outer loop
      vertex 32.9338 20.1105 11.4
      vertex 32.3969 22.347 11.4
      vertex 32.6257 20.0492 11.4
    endloop
  endfacet
  facet normal -0 0 1
    outer loop
      vertex 32.2659 22.3209 11.4
      vertex 32.6257 20.0492 11.4
      vertex 32.3969 22.347 11.4
    endloop
  endfacet
  facet normal 0 0 1
    outer loop
      vertex 32.6257 20.0492 11.4
      vertex 32.2659 22.3209 11.4
      vertex 32.3138 20.0123 11.4
    endloop
  endfacet
  facet normal -0 0 1
    outer loop
      vertex 32.1334 22.3052 11.4
      vertex 32.3138 20.0123 11.4
      vertex 32.2659 22.3209 11.4
    endloop
  endfacet
  facet normal -0 0 1
    outer loop
      vertex 32 22.3 11.4
      vertex 32.3138 20.0123 11.4
      vertex 32.1334 22.3052 11.4
    endloop
  endfacet
  facet normal 0 0 1
    outer loop
      vertex 32 22.3 11.4
      vertex 32 20 11.4
      vertex 32.3138 20.0123 11.4
    endloop
  endfacet
  facet normal 0 0 1
    outer loop
      vertex 31.8666 22.3052 11.4
      vertex 32 20 11.4
      vertex 32 22.3 11.4
    endloop
  endfacet
  facet normal 0 0 1
    outer loop
      vertex 31.6862 20.0123 11.4
      vertex 31.8666 22.3052 11.4
      vertex 31.7341 22.3209 11.4
    endloop
  endfacet
  facet normal 0 0 1
    outer loop
      vertex 31.8666 22.3052 11.4
      vertex 31.6862 20.0123 11.4
      vertex 32 20 11.4
    endloop
  endfacet
  facet normal 0 0 1
    outer loop
      vertex 31.3743 20.0492 11.4
      vertex 31.7341 22.3209 11.4
      vertex 31.6031 22.347 11.4
    endloop
  endfacet
  facet normal 0 0 1
    outer loop
      vertex 31.0662 20.1105 11.4
      vertex 31.6031 22.347 11.4
      vertex 31.4747 22.3832 11.4
    endloop
  endfacet
  facet normal 0 0 1
    outer loop
      vertex 31.7341 22.3209 11.4
      vertex 31.3743 20.0492 11.4
      vertex 31.6862 20.0123 11.4
    endloop
  endfacet
  facet normal 0 0 1
    outer loop
      vertex 30.7639 20.1958 11.4
      vertex 31.4747 22.3832 11.4
      vertex 31.3494 22.4294 11.4
    endloop
  endfacet
  facet normal 0 0 1
    outer loop
      vertex 30.4693 20.3045 11.4
      vertex 31.3494 22.4294 11.4
      vertex 31.2282 22.4853 11.4
    endloop
  endfacet
  facet normal 0 0 1
    outer loop
      vertex 30.184 20.436 11.4
      vertex 31.2282 22.4853 11.4
      vertex 31.1118 22.5505 11.4
    endloop
  endfacet
  facet normal 0 0 1
    outer loop
      vertex 31.6031 22.347 11.4
      vertex 31.0662 20.1105 11.4
      vertex 31.3743 20.0492 11.4
    endloop
  endfacet
  facet normal 0 0 1
    outer loop
      vertex 29.91 20.5894 11.4
      vertex 31.1118 22.5505 11.4
      vertex 31.0008 22.6247 11.4
    endloop
  endfacet
  facet normal 0 0 1
    outer loop
      vertex 29.6489 20.7639 11.4
      vertex 31.0008 22.6247 11.4
      vertex 30.8959 22.7073 11.4
    endloop
  endfacet
  facet normal 0 0 1
    outer loop
      vertex 29.4022 20.9584 11.4
      vertex 30.8959 22.7073 11.4
      vertex 30.7979 22.7979 11.4
    endloop
  endfacet
  facet normal 0 0 1
    outer loop
      vertex 31.4747 22.3832 11.4
      vertex 30.7639 20.1958 11.4
      vertex 31.0662 20.1105 11.4
    endloop
  endfacet
  facet normal 0 0 1
    outer loop
      vertex 29.1716 21.1716 11.4
      vertex 30.7979 22.7979 11.4
      vertex 30.7073 22.8959 11.4
    endloop
  endfacet
  facet normal 0 0 1
    outer loop
      vertex 28.9584 21.4022 11.4
      vertex 30.7073 22.8959 11.4
      vertex 30.6247 23.0008 11.4
    endloop
  endfacet
  facet normal 0 0 1
    outer loop
      vertex 28.7639 21.6489 11.4
      vertex 30.6247 23.0008 11.4
      vertex 30.5505 23.1118 11.4
    endloop
  endfacet
  facet normal 0 0 1
    outer loop
      vertex 28.5894 21.91 11.4
      vertex 30.5505 23.1118 11.4
      vertex 30.4853 23.2282 11.4
    endloop
  endfacet
  facet normal 0 0 1
    outer loop
      vertex 31.3494 22.4294 11.4
      vertex 30.4693 20.3045 11.4
      vertex 30.7639 20.1958 11.4
    endloop
  endfacet
  facet normal 0 0 1
    outer loop
      vertex 28.436 22.184 11.4
      vertex 30.4853 23.2282 11.4
      vertex 30.4294 23.3494 11.4
    endloop
  endfacet
  facet normal 0 0 1
    outer loop
      vertex 28.3045 22.4693 11.4
      vertex 30.4294 23.3494 11.4
      vertex 30.3832 23.4747 11.4
    endloop
  endfacet
  facet normal 0 0 1
    outer loop
      vertex 28.1958 22.7639 11.4
      vertex 30.3832 23.4747 11.4
      vertex 30.347 23.6031 11.4
    endloop
  endfacet
  facet normal 0 0 1
    outer loop
      vertex 28.1105 23.0662 11.4
      vertex 30.347 23.6031 11.4
      vertex 30.3209 23.7341 11.4
    endloop
  endfacet
  facet normal 0 0 1
    outer loop
      vertex 28.0492 23.3743 11.4
      vertex 30.3209 23.7341 11.4
      vertex 30.3052 23.8666 11.4
    endloop
  endfacet
  facet normal 0 0 1
    outer loop
      vertex 31.2282 22.4853 11.4
      vertex 30.184 20.436 11.4
      vertex 30.4693 20.3045 11.4
    endloop
  endfacet
  facet normal 0 0 1
    outer loop
      vertex 28.0123 23.6862 11.4
      vertex 30.3052 23.8666 11.4
      vertex 30.3 24 11.4
    endloop
  endfacet
  facet normal 0 0 1
    outer loop
      vertex 30.5505 24.8882 11.4
      vertex 28.5894 26.09 11.4
      vertex 30.4853 24.7718 11.4
    endloop
  endfacet
  facet normal -0 0 1
    outer loop
      vertex 28.436 25.816 11.4
      vertex 30.4853 24.7718 11.4
      vertex 28.5894 26.09 11.4
    endloop
  endfacet
  facet normal 0 0 1
    outer loop
      vertex 31.1118 22.5505 11.4
      vertex 29.91 20.5894 11.4
      vertex 30.184 20.436 11.4
    endloop
  endfacet
  facet normal 0 0 1
    outer loop
      vertex 30.4853 24.7718 11.4
      vertex 28.436 25.816 11.4
      vertex 30.4294 24.6506 11.4
    endloop
  endfacet
  facet normal 0 0 1
    outer loop
      vertex 31.0008 22.6247 11.4
      vertex 29.6489 20.7639 11.4
      vertex 29.91 20.5894 11.4
    endloop
  endfacet
  facet normal -0 0 1
    outer loop
      vertex 28.3045 25.5307 11.4
      vertex 30.4294 24.6506 11.4
      vertex 28.436 25.816 11.4
    endloop
  endfacet
  facet normal 0 0 1
    outer loop
      vertex 30.8959 22.7073 11.4
      vertex 29.4022 20.9584 11.4
      vertex 29.6489 20.7639 11.4
    endloop
  endfacet
  facet normal 0 0 1
    outer loop
      vertex 30.4294 24.6506 11.4
      vertex 28.3045 25.5307 11.4
      vertex 30.3832 24.5253 11.4
    endloop
  endfacet
  facet normal 0 0 1
    outer loop
      vertex 30.7979 22.7979 11.4
      vertex 29.1716 21.1716 11.4
      vertex 29.4022 20.9584 11.4
    endloop
  endfacet
  facet normal -0 0 1
    outer loop
      vertex 28.1958 25.2361 11.4
      vertex 30.3832 24.5253 11.4
      vertex 28.3045 25.5307 11.4
    endloop
  endfacet
  facet normal 0 0 1
    outer loop
      vertex 30.7073 22.8959 11.4
      vertex 28.9584 21.4022 11.4
      vertex 29.1716 21.1716 11.4
    endloop
  endfacet
  facet normal 0 0 1
    outer loop
      vertex 30.3832 24.5253 11.4
      vertex 28.1958 25.2361 11.4
      vertex 30.347 24.3969 11.4
    endloop
  endfacet
  facet normal 0 0 1
    outer loop
      vertex 30.6247 23.0008 11.4
      vertex 28.7639 21.6489 11.4
      vertex 28.9584 21.4022 11.4
    endloop
  endfacet
  facet normal -0 0 1
    outer loop
      vertex 28.1105 24.9338 11.4
      vertex 30.347 24.3969 11.4
      vertex 28.1958 25.2361 11.4
    endloop
  endfacet
  facet normal 0 0 1
    outer loop
      vertex 30.5505 23.1118 11.4
      vertex 28.5894 21.91 11.4
      vertex 28.7639 21.6489 11.4
    endloop
  endfacet
  facet normal 0 0 1
    outer loop
      vertex 30.347 24.3969 11.4
      vertex 28.1105 24.9338 11.4
      vertex 30.3209 24.2659 11.4
    endloop
  endfacet
  facet normal 0 0 1
    outer loop
      vertex 30.4853 23.2282 11.4
      vertex 28.436 22.184 11.4
      vertex 28.5894 21.91 11.4
    endloop
  endfacet
  facet normal -0 0 1
    outer loop
      vertex 28.0492 24.6257 11.4
      vertex 30.3209 24.2659 11.4
      vertex 28.1105 24.9338 11.4
    endloop
  endfacet
  facet normal 0 0 1
    outer loop
      vertex 30.4294 23.3494 11.4
      vertex 28.3045 22.4693 11.4
      vertex 28.436 22.184 11.4
    endloop
  endfacet
  facet normal 0 0 1
    outer loop
      vertex 30.3209 24.2659 11.4
      vertex 28.0492 24.6257 11.4
      vertex 30.3052 24.1334 11.4
    endloop
  endfacet
  facet normal 0 0 1
    outer loop
      vertex 30.3832 23.4747 11.4
      vertex 28.1958 22.7639 11.4
      vertex 28.3045 22.4693 11.4
    endloop
  endfacet
  facet normal -0 0 1
    outer loop
      vertex 28.0123 24.3138 11.4
      vertex 30.3052 24.1334 11.4
      vertex 28.0492 24.6257 11.4
    endloop
  endfacet
  facet normal 0 0 1
    outer loop
      vertex 30.347 23.6031 11.4
      vertex 28.1105 23.0662 11.4
      vertex 28.1958 22.7639 11.4
    endloop
  endfacet
  facet normal 0 0 1
    outer loop
      vertex 30.3052 24.1334 11.4
      vertex 28.0123 24.3138 11.4
      vertex 30.3 24 11.4
    endloop
  endfacet
  facet normal 0 0 1
    outer loop
      vertex 30.3209 23.7341 11.4
      vertex 28.0492 23.3743 11.4
      vertex 28.1105 23.0662 11.4
    endloop
  endfacet
  facet normal 0 0 1
    outer loop
      vertex 28 24 11.4
      vertex 30.3 24 11.4
      vertex 28.0123 24.3138 11.4
    endloop
  endfacet
  facet normal 0 0 1
    outer loop
      vertex 30.3052 23.8666 11.4
      vertex 28.0123 23.6862 11.4
      vertex 28.0492 23.3743 11.4
    endloop
  endfacet
  facet normal 0 0 1
    outer loop
      vertex 30.3 24 11.4
      vertex 28 24 11.4
      vertex 28.0123 23.6862 11.4
    endloop
  endfacet
  facet normal -0.938174 -0.346163 0
    outer loop
      vertex 28.3045 22.4693 3
      vertex 28.1958 22.7639 11.4
      vertex 28.1958 22.7639 3
    endloop
  endfacet
  facet normal -0.938174 -0.346163 0
    outer loop
      vertex 28.1958 22.7639 11.4
      vertex 28.3045 22.4693 3
      vertex 28.3045 22.4693 11.4
    endloop
  endfacet
  facet normal 0.908174 0.418594 0
    outer loop
      vertex 35.6955 25.5307 11.4
      vertex 35.564 25.816 3
      vertex 35.564 25.816 11.4
    endloop
  endfacet
  facet normal 0.908174 0.418594 0
    outer loop
      vertex 35.564 25.816 3
      vertex 35.6955 25.5307 11.4
      vertex 35.6955 25.5307 3
    endloop
  endfacet
  facet normal 0.938174 0.346163 0
    outer loop
      vertex 35.8042 25.2361 11.4
      vertex 35.6955 25.5307 3
      vertex 35.6955 25.5307 11.4
    endloop
  endfacet
  facet normal 0.938174 0.346163 0
    outer loop
      vertex 35.6955 25.5307 3
      vertex 35.8042 25.2361 11.4
      vertex 35.8042 25.2361 3
    endloop
  endfacet
  facet normal -0.78529 0.619128 0
    outer loop
      vertex 28.7639 26.3511 3
      vertex 28.9584 26.5978 11.4
      vertex 28.9584 26.5978 3
    endloop
  endfacet
  facet normal -0.78529 0.619128 0
    outer loop
      vertex 28.9584 26.5978 11.4
      vertex 28.7639 26.3511 3
      vertex 28.7639 26.3511 11.4
    endloop
  endfacet
  facet normal 0.0391669 -0.999233 0
    outer loop
      vertex 32 20 3
      vertex 32.3138 20.0123 11.4
      vertex 32 20 11.4
    endloop
  endfacet
  facet normal 0.0391669 -0.999233 0
    outer loop
      vertex 32.3138 20.0123 11.4
      vertex 32 20 3
      vertex 32.3138 20.0123 3
    endloop
  endfacet
  facet normal 0.418594 -0.908174 0
    outer loop
      vertex 33.5307 20.3045 3
      vertex 33.816 20.436 11.4
      vertex 33.5307 20.3045 11.4
    endloop
  endfacet
  facet normal 0.418594 -0.908174 0
    outer loop
      vertex 33.816 20.436 11.4
      vertex 33.5307 20.3045 3
      vertex 33.816 20.436 3
    endloop
  endfacet
  facet normal -0.619128 -0.78529 0
    outer loop
      vertex 29.4022 20.9584 3
      vertex 29.6489 20.7639 11.4
      vertex 29.4022 20.9584 11.4
    endloop
  endfacet
  facet normal -0.619128 -0.78529 -0
    outer loop
      vertex 29.6489 20.7639 11.4
      vertex 29.4022 20.9584 3
      vertex 29.6489 20.7639 3
    endloop
  endfacet
  facet normal 0.0391669 0.999233 -0
    outer loop
      vertex 32.3138 27.9877 3
      vertex 32 28 11.4
      vertex 32.3138 27.9877 11.4
    endloop
  endfacet
  facet normal 0.0391669 0.999233 0
    outer loop
      vertex 32 28 11.4
      vertex 32.3138 27.9877 3
      vertex 32 28 3
    endloop
  endfacet
  facet normal -0.734266 0.678862 0
    outer loop
      vertex 28.9584 26.5978 3
      vertex 29.1716 26.8284 11.4
      vertex 29.1716 26.8284 3
    endloop
  endfacet
  facet normal -0.734266 0.678862 0
    outer loop
      vertex 29.1716 26.8284 11.4
      vertex 28.9584 26.5978 3
      vertex 28.9584 26.5978 11.4
    endloop
  endfacet
  facet normal 0.87256 -0.488506 0
    outer loop
      vertex 35.4106 21.91 11.4
      vertex 35.564 22.184 3
      vertex 35.564 22.184 11.4
    endloop
  endfacet
  facet normal 0.87256 -0.488506 0
    outer loop
      vertex 35.564 22.184 3
      vertex 35.4106 21.91 11.4
      vertex 35.4106 21.91 3
    endloop
  endfacet
  facet normal -0.271566 0.96242 0
    outer loop
      vertex 31.0662 27.8895 3
      vertex 30.7639 27.8042 11.4
      vertex 31.0662 27.8895 11.4
    endloop
  endfacet
  facet normal -0.271566 0.96242 0
    outer loop
      vertex 30.7639 27.8042 11.4
      vertex 31.0662 27.8895 3
      vertex 30.7639 27.8042 3
    endloop
  endfacet
  facet normal -0.980776 0.195137 0
    outer loop
      vertex 28.0492 24.6257 3
      vertex 28.1105 24.9338 11.4
      vertex 28.1105 24.9338 3
    endloop
  endfacet
  facet normal -0.980776 0.195137 0
    outer loop
      vertex 28.1105 24.9338 11.4
      vertex 28.0492 24.6257 3
      vertex 28.0492 24.6257 11.4
    endloop
  endfacet
  facet normal 0.678862 0.734266 -0
    outer loop
      vertex 34.8284 26.8284 3
      vertex 34.5978 27.0416 11.4
      vertex 34.8284 26.8284 11.4
    endloop
  endfacet
  facet normal 0.678862 0.734266 0
    outer loop
      vertex 34.5978 27.0416 11.4
      vertex 34.8284 26.8284 3
      vertex 34.5978 27.0416 3
    endloop
  endfacet
  facet normal -0.488506 0.87256 0
    outer loop
      vertex 30.184 27.564 3
      vertex 29.91 27.4106 11.4
      vertex 30.184 27.564 11.4
    endloop
  endfacet
  facet normal -0.488506 0.87256 0
    outer loop
      vertex 29.91 27.4106 11.4
      vertex 30.184 27.564 3
      vertex 29.91 27.4106 3
    endloop
  endfacet
  facet normal -0.678862 -0.734266 0
    outer loop
      vertex 29.1716 21.1716 3
      vertex 29.4022 20.9584 11.4
      vertex 29.1716 21.1716 11.4
    endloop
  endfacet
  facet normal -0.678862 -0.734266 -0
    outer loop
      vertex 29.4022 20.9584 11.4
      vertex 29.1716 21.1716 3
      vertex 29.4022 20.9584 3
    endloop
  endfacet
  facet normal 0.619128 -0.78529 0
    outer loop
      vertex 34.3511 20.7639 3
      vertex 34.5978 20.9584 11.4
      vertex 34.3511 20.7639 11.4
    endloop
  endfacet
  facet normal 0.619128 -0.78529 0
    outer loop
      vertex 34.5978 20.9584 11.4
      vertex 34.3511 20.7639 3
      vertex 34.5978 20.9584 3
    endloop
  endfacet
  facet normal -0.271566 -0.96242 0
    outer loop
      vertex 30.7639 20.1958 3
      vertex 31.0662 20.1105 11.4
      vertex 30.7639 20.1958 11.4
    endloop
  endfacet
  facet normal -0.271566 -0.96242 -0
    outer loop
      vertex 31.0662 20.1105 11.4
      vertex 30.7639 20.1958 3
      vertex 31.0662 20.1105 3
    endloop
  endfacet
  facet normal -0.0391669 0.999233 0
    outer loop
      vertex 32 28 3
      vertex 31.6862 27.9877 11.4
      vertex 32 28 11.4
    endloop
  endfacet
  facet normal -0.0391669 0.999233 0
    outer loop
      vertex 31.6862 27.9877 11.4
      vertex 32 28 3
      vertex 31.6862 27.9877 3
    endloop
  endfacet
  facet normal -0.734266 -0.678862 0
    outer loop
      vertex 29.1716 21.1716 3
      vertex 28.9584 21.4022 11.4
      vertex 28.9584 21.4022 3
    endloop
  endfacet
  facet normal -0.734266 -0.678862 0
    outer loop
      vertex 28.9584 21.4022 11.4
      vertex 29.1716 21.1716 3
      vertex 29.1716 21.1716 11.4
    endloop
  endfacet
  facet normal 0.271566 -0.96242 0
    outer loop
      vertex 32.9338 20.1105 3
      vertex 33.2361 20.1958 11.4
      vertex 32.9338 20.1105 11.4
    endloop
  endfacet
  facet normal 0.271566 -0.96242 0
    outer loop
      vertex 33.2361 20.1958 11.4
      vertex 32.9338 20.1105 3
      vertex 33.2361 20.1958 3
    endloop
  endfacet
  facet normal -0.999233 -0.0391669 0
    outer loop
      vertex 28.0123 23.6862 3
      vertex 28 24 11.4
      vertex 28 24 3
    endloop
  endfacet
  facet normal -0.999233 -0.0391669 0
    outer loop
      vertex 28 24 11.4
      vertex 28.0123 23.6862 3
      vertex 28.0123 23.6862 11.4
    endloop
  endfacet
  facet normal 0.117488 0.993074 -0
    outer loop
      vertex 32.6257 27.9508 3
      vertex 32.3138 27.9877 11.4
      vertex 32.6257 27.9508 11.4
    endloop
  endfacet
  facet normal 0.117488 0.993074 0
    outer loop
      vertex 32.3138 27.9877 11.4
      vertex 32.6257 27.9508 3
      vertex 32.3138 27.9877 3
    endloop
  endfacet
  facet normal -0.678862 0.734266 0
    outer loop
      vertex 29.4022 27.0416 3
      vertex 29.1716 26.8284 11.4
      vertex 29.4022 27.0416 11.4
    endloop
  endfacet
  facet normal -0.678862 0.734266 0
    outer loop
      vertex 29.1716 26.8284 11.4
      vertex 29.4022 27.0416 3
      vertex 29.1716 26.8284 3
    endloop
  endfacet
  facet normal -0.831413 0.555655 0
    outer loop
      vertex 28.5894 26.09 3
      vertex 28.7639 26.3511 11.4
      vertex 28.7639 26.3511 3
    endloop
  endfacet
  facet normal -0.831413 0.555655 0
    outer loop
      vertex 28.7639 26.3511 11.4
      vertex 28.5894 26.09 3
      vertex 28.5894 26.09 11.4
    endloop
  endfacet
  facet normal -0.831413 -0.555655 0
    outer loop
      vertex 28.7639 21.6489 3
      vertex 28.5894 21.91 11.4
      vertex 28.5894 21.91 3
    endloop
  endfacet
  facet normal -0.831413 -0.555655 0
    outer loop
      vertex 28.5894 21.91 11.4
      vertex 28.7639 21.6489 3
      vertex 28.7639 21.6489 11.4
    endloop
  endfacet
  facet normal -0.980776 -0.195137 0
    outer loop
      vertex 28.1105 23.0662 3
      vertex 28.0492 23.3743 11.4
      vertex 28.0492 23.3743 3
    endloop
  endfacet
  facet normal -0.980776 -0.195137 0
    outer loop
      vertex 28.0492 23.3743 11.4
      vertex 28.1105 23.0662 3
      vertex 28.1105 23.0662 11.4
    endloop
  endfacet
  facet normal -0.96242 0.271566 0
    outer loop
      vertex 28.1105 24.9338 3
      vertex 28.1958 25.2361 11.4
      vertex 28.1958 25.2361 3
    endloop
  endfacet
  facet normal -0.96242 0.271566 0
    outer loop
      vertex 28.1958 25.2361 11.4
      vertex 28.1105 24.9338 3
      vertex 28.1105 24.9338 11.4
    endloop
  endfacet
  facet normal 0.908174 -0.418594 0
    outer loop
      vertex 35.564 22.184 11.4
      vertex 35.6955 22.4693 3
      vertex 35.6955 22.4693 11.4
    endloop
  endfacet
  facet normal 0.908174 -0.418594 0
    outer loop
      vertex 35.6955 22.4693 3
      vertex 35.564 22.184 11.4
      vertex 35.564 22.184 3
    endloop
  endfacet
  facet normal -0.195137 -0.980776 0
    outer loop
      vertex 31.0662 20.1105 3
      vertex 31.3743 20.0492 11.4
      vertex 31.0662 20.1105 11.4
    endloop
  endfacet
  facet normal -0.195137 -0.980776 -0
    outer loop
      vertex 31.3743 20.0492 11.4
      vertex 31.0662 20.1105 3
      vertex 31.3743 20.0492 3
    endloop
  endfacet
  facet normal 0.555655 -0.831413 0
    outer loop
      vertex 34.09 20.5894 3
      vertex 34.3511 20.7639 11.4
      vertex 34.09 20.5894 11.4
    endloop
  endfacet
  facet normal 0.555655 -0.831413 0
    outer loop
      vertex 34.3511 20.7639 11.4
      vertex 34.09 20.5894 3
      vertex 34.3511 20.7639 3
    endloop
  endfacet
  facet normal -0.993074 -0.117488 0
    outer loop
      vertex 28.0492 23.3743 3
      vertex 28.0123 23.6862 11.4
      vertex 28.0123 23.6862 3
    endloop
  endfacet
  facet normal -0.993074 -0.117488 0
    outer loop
      vertex 28.0123 23.6862 11.4
      vertex 28.0492 23.3743 3
      vertex 28.0492 23.3743 11.4
    endloop
  endfacet
  facet normal -0.555655 -0.831413 0
    outer loop
      vertex 29.6489 20.7639 3
      vertex 29.91 20.5894 11.4
      vertex 29.6489 20.7639 11.4
    endloop
  endfacet
  facet normal -0.555655 -0.831413 -0
    outer loop
      vertex 29.91 20.5894 11.4
      vertex 29.6489 20.7639 3
      vertex 29.91 20.5894 3
    endloop
  endfacet
  facet normal -0.346163 -0.938174 0
    outer loop
      vertex 30.4693 20.3045 3
      vertex 30.7639 20.1958 11.4
      vertex 30.4693 20.3045 11.4
    endloop
  endfacet
  facet normal -0.346163 -0.938174 -0
    outer loop
      vertex 30.7639 20.1958 11.4
      vertex 30.4693 20.3045 3
      vertex 30.7639 20.1958 3
    endloop
  endfacet
  facet normal 0.271566 0.96242 -0
    outer loop
      vertex 33.2361 27.8042 3
      vertex 32.9338 27.8895 11.4
      vertex 33.2361 27.8042 11.4
    endloop
  endfacet
  facet normal 0.271566 0.96242 0
    outer loop
      vertex 32.9338 27.8895 11.4
      vertex 33.2361 27.8042 3
      vertex 32.9338 27.8895 3
    endloop
  endfacet
  facet normal -0.938174 0.346163 0
    outer loop
      vertex 28.1958 25.2361 3
      vertex 28.3045 25.5307 11.4
      vertex 28.3045 25.5307 3
    endloop
  endfacet
  facet normal -0.938174 0.346163 0
    outer loop
      vertex 28.3045 25.5307 11.4
      vertex 28.1958 25.2361 3
      vertex 28.1958 25.2361 11.4
    endloop
  endfacet
  facet normal -0.619128 0.78529 0
    outer loop
      vertex 29.6489 27.2361 3
      vertex 29.4022 27.0416 11.4
      vertex 29.6489 27.2361 11.4
    endloop
  endfacet
  facet normal -0.619128 0.78529 0
    outer loop
      vertex 29.4022 27.0416 11.4
      vertex 29.6489 27.2361 3
      vertex 29.4022 27.0416 3
    endloop
  endfacet
  facet normal 0.734266 0.678862 0
    outer loop
      vertex 35.0416 26.5978 11.4
      vertex 34.8284 26.8284 3
      vertex 34.8284 26.8284 11.4
    endloop
  endfacet
  facet normal 0.734266 0.678862 0
    outer loop
      vertex 34.8284 26.8284 3
      vertex 35.0416 26.5978 11.4
      vertex 35.0416 26.5978 3
    endloop
  endfacet
  facet normal -0.0391669 -0.999233 0
    outer loop
      vertex 31.6862 20.0123 3
      vertex 32 20 11.4
      vertex 31.6862 20.0123 11.4
    endloop
  endfacet
  facet normal -0.0391669 -0.999233 -0
    outer loop
      vertex 32 20 11.4
      vertex 31.6862 20.0123 3
      vertex 32 20 3
    endloop
  endfacet
  facet normal 0.831413 -0.555655 0
    outer loop
      vertex 35.2361 21.6489 11.4
      vertex 35.4106 21.91 3
      vertex 35.4106 21.91 11.4
    endloop
  endfacet
  facet normal 0.831413 -0.555655 0
    outer loop
      vertex 35.4106 21.91 3
      vertex 35.2361 21.6489 11.4
      vertex 35.2361 21.6489 3
    endloop
  endfacet
  facet normal 0.678862 -0.734266 0
    outer loop
      vertex 34.5978 20.9584 3
      vertex 34.8284 21.1716 11.4
      vertex 34.5978 20.9584 11.4
    endloop
  endfacet
  facet normal 0.678862 -0.734266 0
    outer loop
      vertex 34.8284 21.1716 11.4
      vertex 34.5978 20.9584 3
      vertex 34.8284 21.1716 3
    endloop
  endfacet
  facet normal -0.418594 -0.908174 0
    outer loop
      vertex 30.184 20.436 3
      vertex 30.4693 20.3045 11.4
      vertex 30.184 20.436 11.4
    endloop
  endfacet
  facet normal -0.418594 -0.908174 -0
    outer loop
      vertex 30.4693 20.3045 11.4
      vertex 30.184 20.436 3
      vertex 30.4693 20.3045 3
    endloop
  endfacet
  facet normal -0.117488 -0.993074 0
    outer loop
      vertex 31.3743 20.0492 3
      vertex 31.6862 20.0123 11.4
      vertex 31.3743 20.0492 11.4
    endloop
  endfacet
  facet normal -0.117488 -0.993074 -0
    outer loop
      vertex 31.6862 20.0123 11.4
      vertex 31.3743 20.0492 3
      vertex 31.6862 20.0123 3
    endloop
  endfacet
  facet normal -0.908174 0.418594 0
    outer loop
      vertex 28.3045 25.5307 3
      vertex 28.436 25.816 11.4
      vertex 28.436 25.816 3
    endloop
  endfacet
  facet normal -0.908174 0.418594 0
    outer loop
      vertex 28.436 25.816 11.4
      vertex 28.3045 25.5307 3
      vertex 28.3045 25.5307 11.4
    endloop
  endfacet
  facet normal -0.99307 -0.117522 0
    outer loop
      vertex 0.0492554 3.37427 0
      vertex 0.0123444 3.68617 3
      vertex 0.0123444 3.68617 0
    endloop
  endfacet
  facet normal -0.99307 -0.117522 0
    outer loop
      vertex 0.0123444 3.68617 3
      vertex 0.0492554 3.37427 0
      vertex 0.0492554 3.37427 3
    endloop
  endfacet
  facet normal -0.980789 0.195074 0
    outer loop
      vertex 0.0492554 44.6257 0
      vertex 0.110535 44.9338 3
      vertex 0.110535 44.9338 0
    endloop
  endfacet
  facet normal -0.980789 0.195074 0
    outer loop
      vertex 0.110535 44.9338 3
      vertex 0.0492554 44.6257 0
      vertex 0.0492554 44.6257 3
    endloop
  endfacet
  facet normal -0.78538 0.619014 0
    outer loop
      vertex 0.763947 46.3511 0
      vertex 0.958389 46.5978 3
      vertex 0.958389 46.5978 0
    endloop
  endfacet
  facet normal -0.78538 0.619014 0
    outer loop
      vertex 0.958389 46.5978 3
      vertex 0.763947 46.3511 0
      vertex 0.763947 46.3511 3
    endloop
  endfacet
  facet normal -0.999227 -0.0393043 0
    outer loop
      vertex 0.0123444 3.68617 0
      vertex 0 4 3
      vertex 0 4 0
    endloop
  endfacet
  facet normal -0.999227 -0.0393043 0
    outer loop
      vertex 0 4 3
      vertex 0.0123444 3.68617 0
      vertex 0.0123444 3.68617 3
    endloop
  endfacet
  facet normal 0.195074 -0.980789 0
    outer loop
      vertex 32.6257 0.0492554 0
      vertex 32.9338 0.110535 3
      vertex 32.6257 0.0492554 3
    endloop
  endfacet
  facet normal 0.195074 -0.980789 0
    outer loop
      vertex 32.9338 0.110535 3
      vertex 32.6257 0.0492554 0
      vertex 32.9338 0.110535 0
    endloop
  endfacet
  facet normal 0.872583 -0.488466 0
    outer loop
      vertex 35.4106 1.91002 3
      vertex 35.564 2.18405 0
      vertex 35.564 2.18405 3
    endloop
  endfacet
  facet normal 0.872583 -0.488466 0
    outer loop
      vertex 35.564 2.18405 0
      vertex 35.4106 1.91002 3
      vertex 35.4106 1.91002 0
    endloop
  endfacet
  facet normal -0.872537 0.488548 0
    outer loop
      vertex 0.435974 45.8159 0
      vertex 0.589447 46.09 3
      vertex 0.589447 46.09 0
    endloop
  endfacet
  facet normal -0.872537 0.488548 0
    outer loop
      vertex 0.589447 46.09 3
      vertex 0.435974 45.8159 0
      vertex 0.435974 45.8159 3
    endloop
  endfacet
  facet normal -0.418651 -0.908147 0
    outer loop
      vertex 2.18405 0.435974 0
      vertex 2.46927 0.304489 3
      vertex 2.18405 0.435974 3
    endloop
  endfacet
  facet normal -0.418651 -0.908147 -0
    outer loop
      vertex 2.46927 0.304489 3
      vertex 2.18405 0.435974 0
      vertex 2.46927 0.304489 0
    endloop
  endfacet
  facet normal 0.993037 0.117802 0
    outer loop
      vertex 35.9877 44.3138 3
      vertex 35.9507 44.6257 0
      vertex 35.9507 44.6257 3
    endloop
  endfacet
  facet normal 0.993037 0.117802 0
    outer loop
      vertex 35.9507 44.6257 0
      vertex 35.9877 44.3138 3
      vertex 35.9877 44.3138 0
    endloop
  endfacet
  facet normal -0.938202 -0.346088 0
    outer loop
      vertex 0.304489 2.46927 0
      vertex 0.195786 2.76395 3
      vertex 0.195786 2.76395 0
    endloop
  endfacet
  facet normal -0.938202 -0.346088 0
    outer loop
      vertex 0.195786 2.76395 3
      vertex 0.304489 2.46927 0
      vertex 0.304489 2.46927 3
    endloop
  endfacet
  facet normal 0.938205 -0.34608 0
    outer loop
      vertex 35.6955 2.46927 3
      vertex 35.8042 2.76395 0
      vertex 35.8042 2.76395 3
    endloop
  endfacet
  facet normal 0.938205 -0.34608 0
    outer loop
      vertex 35.8042 2.76395 0
      vertex 35.6955 2.46927 3
      vertex 35.6955 2.46927 0
    endloop
  endfacet
  facet normal -0.831413 0.555655 0
    outer loop
      vertex 0.589447 46.09 0
      vertex 0.763947 46.3511 3
      vertex 0.763947 46.3511 0
    endloop
  endfacet
  facet normal -0.831413 0.555655 0
    outer loop
      vertex 0.763947 46.3511 3
      vertex 0.589447 46.09 0
      vertex 0.589447 46.09 3
    endloop
  endfacet
  facet normal 0.488371 0.872636 -0
    outer loop
      vertex 34.09 47.4106 0
      vertex 33.8159 47.564 3
      vertex 34.09 47.4106 3
    endloop
  endfacet
  facet normal 0.488371 0.872636 0
    outer loop
      vertex 33.8159 47.564 3
      vertex 34.09 47.4106 0
      vertex 33.8159 47.564 0
    endloop
  endfacet
  facet normal 1 -0 0
    outer loop
      vertex 36 24 3
      vertex 36 44 0
      vertex 36 44 3
    endloop
  endfacet
  facet normal 1 0 0
    outer loop
      vertex 36 4 0
      vertex 36 24 3
      vertex 36 4 3
    endloop
  endfacet
  facet normal 1 0 0
    outer loop
      vertex 36 24 3
      vertex 36 4 0
      vertex 36 44 0
    endloop
  endfacet
  facet normal -1 0 0
    outer loop
      vertex 0 44 0
      vertex 0 24 3
      vertex 0 44 3
    endloop
  endfacet
  facet normal -1 0 0
    outer loop
      vertex 0 4 0
      vertex 0 24 3
      vertex 0 44 0
    endloop
  endfacet
  facet normal -1 -0 0
    outer loop
      vertex 0 24 3
      vertex 0 4 0
      vertex 0 4 3
    endloop
  endfacet
  facet normal 0.039308 -0.999227 0
    outer loop
      vertex 32 0 0
      vertex 32.3138 0.0123444 3
      vertex 32 0 3
    endloop
  endfacet
  facet normal 0.039308 -0.999227 0
    outer loop
      vertex 32.3138 0.0123444 3
      vertex 32 0 0
      vertex 32.3138 0.0123444 0
    endloop
  endfacet
  facet normal 0.980831 -0.194861 0
    outer loop
      vertex 35.8895 3.06622 3
      vertex 35.9507 3.37427 0
      vertex 35.9507 3.37427 3
    endloop
  endfacet
  facet normal 0.980831 -0.194861 0
    outer loop
      vertex 35.9507 3.37427 0
      vertex 35.8895 3.06622 3
      vertex 35.8895 3.06622 0
    endloop
  endfacet
  facet normal 0.418675 -0.908136 0
    outer loop
      vertex 33.5307 0.304489 0
      vertex 33.8159 0.435974 3
      vertex 33.5307 0.304489 3
    endloop
  endfacet
  facet normal 0.418675 -0.908136 0
    outer loop
      vertex 33.8159 0.435974 3
      vertex 33.5307 0.304489 0
      vertex 33.8159 0.435974 0
    endloop
  endfacet
  facet normal 0.346171 -0.938171 0
    outer loop
      vertex 33.2361 0.195786 0
      vertex 33.5307 0.304489 3
      vertex 33.2361 0.195786 3
    endloop
  endfacet
  facet normal 0.346171 -0.938171 0
    outer loop
      vertex 33.5307 0.304489 3
      vertex 33.2361 0.195786 0
      vertex 33.5307 0.304489 0
    endloop
  endfacet
  facet normal 0.908129 -0.418691 0
    outer loop
      vertex 35.564 2.18405 3
      vertex 35.6955 2.46927 0
      vertex 35.6955 2.46927 3
    endloop
  endfacet
  facet normal 0.908129 -0.418691 0
    outer loop
      vertex 35.6955 2.46927 0
      vertex 35.564 2.18405 3
      vertex 35.564 2.18405 0
    endloop
  endfacet
  facet normal -0.872484 -0.488643 0
    outer loop
      vertex 0.589447 1.91002 0
      vertex 0.435974 2.18405 3
      vertex 0.435974 2.18405 0
    endloop
  endfacet
  facet normal -0.872484 -0.488643 0
    outer loop
      vertex 0.435974 2.18405 3
      vertex 0.589447 1.91002 0
      vertex 0.589447 1.91002 3
    endloop
  endfacet
  facet normal -0.117522 -0.99307 0
    outer loop
      vertex 3.37427 0.0492554 0
      vertex 3.68617 0.0123444 3
      vertex 3.37427 0.0492554 3
    endloop
  endfacet
  facet normal -0.117522 -0.99307 -0
    outer loop
      vertex 3.68617 0.0123444 3
      vertex 3.37427 0.0492554 0
      vertex 3.68617 0.0123444 0
    endloop
  endfacet
  facet normal -0.908136 0.418675 0
    outer loop
      vertex 0.304489 45.5307 0
      vertex 0.435974 45.8159 3
      vertex 0.435974 45.8159 0
    endloop
  endfacet
  facet normal -0.908136 0.418675 0
    outer loop
      vertex 0.435974 45.8159 3
      vertex 0.304489 45.5307 0
      vertex 0.304489 45.5307 3
    endloop
  endfacet
  facet normal 0.346163 0.938174 -0
    outer loop
      vertex 33.5307 47.6955 0
      vertex 33.2361 47.8042 3
      vertex 33.5307 47.6955 3
    endloop
  endfacet
  facet normal 0.346163 0.938174 0
    outer loop
      vertex 33.2361 47.8042 3
      vertex 33.5307 47.6955 0
      vertex 33.2361 47.8042 0
    endloop
  endfacet
  facet normal 0.0391669 0.999233 -0
    outer loop
      vertex 32.3138 47.9877 0
      vertex 32 48 3
      vertex 32.3138 47.9877 3
    endloop
  endfacet
  facet normal 0.0391669 0.999233 0
    outer loop
      vertex 32 48 3
      vertex 32.3138 47.9877 0
      vertex 32 48 0
    endloop
  endfacet
  facet normal -0.34608 0.938205 0
    outer loop
      vertex 2.76395 47.8042 0
      vertex 2.46927 47.6955 3
      vertex 2.76395 47.8042 3
    endloop
  endfacet
  facet normal -0.34608 0.938205 0
    outer loop
      vertex 2.46927 47.6955 3
      vertex 2.76395 47.8042 0
      vertex 2.46927 47.6955 0
    endloop
  endfacet
  facet normal 0.938174 0.346163 0
    outer loop
      vertex 35.8042 45.2361 3
      vertex 35.6955 45.5307 0
      vertex 35.6955 45.5307 3
    endloop
  endfacet
  facet normal 0.938174 0.346163 0
    outer loop
      vertex 35.6955 45.5307 0
      vertex 35.8042 45.2361 3
      vertex 35.8042 45.2361 0
    endloop
  endfacet
  facet normal 0.872636 0.488371 0
    outer loop
      vertex 35.564 45.8159 3
      vertex 35.4106 46.09 0
      vertex 35.4106 46.09 3
    endloop
  endfacet
  facet normal 0.872636 0.488371 0
    outer loop
      vertex 35.4106 46.09 0
      vertex 35.564 45.8159 3
      vertex 35.564 45.8159 0
    endloop
  endfacet
  facet normal 0.831472 -0.555567 0
    outer loop
      vertex 35.2361 1.64886 3
      vertex 35.4106 1.91002 0
      vertex 35.4106 1.91002 3
    endloop
  endfacet
  facet normal 0.831472 -0.555567 0
    outer loop
      vertex 35.4106 1.91002 0
      vertex 35.2361 1.64886 3
      vertex 35.2361 1.64886 0
    endloop
  endfacet
  facet normal 0.999233 0.0391669 0
    outer loop
      vertex 36 44 3
      vertex 35.9877 44.3138 0
      vertex 35.9877 44.3138 3
    endloop
  endfacet
  facet normal 0.999233 0.0391669 0
    outer loop
      vertex 35.9877 44.3138 0
      vertex 36 44 3
      vertex 36 44 0
    endloop
  endfacet
  facet normal -0.0393043 -0.999227 0
    outer loop
      vertex 3.68617 0.0123444 0
      vertex 4 0 3
      vertex 3.68617 0.0123444 3
    endloop
  endfacet
  facet normal -0.0393043 -0.999227 -0
    outer loop
      vertex 4 0 3
      vertex 3.68617 0.0123444 0
      vertex 4 0 0
    endloop
  endfacet
  facet normal -0.555567 0.831472 0
    outer loop
      vertex 1.91002 47.4106 0
      vertex 1.64886 47.2361 3
      vertex 1.91002 47.4106 3
    endloop
  endfacet
  facet normal -0.555567 0.831472 0
    outer loop
      vertex 1.64886 47.2361 3
      vertex 1.91002 47.4106 0
      vertex 1.64886 47.2361 0
    endloop
  endfacet
  facet normal 0.678864 -0.734264 0
    outer loop
      vertex 34.5978 0.958389 0
      vertex 34.8284 1.17159 3
      vertex 34.5978 0.958389 3
    endloop
  endfacet
  facet normal 0.678864 -0.734264 0
    outer loop
      vertex 34.8284 1.17159 3
      vertex 34.5978 0.958389 0
      vertex 34.8284 1.17159 0
    endloop
  endfacet
  facet normal -0.117802 0.993037 0
    outer loop
      vertex 3.68617 47.9877 0
      vertex 3.37427 47.9507 3
      vertex 3.68617 47.9877 3
    endloop
  endfacet
  facet normal -0.117802 0.993037 0
    outer loop
      vertex 3.37427 47.9507 3
      vertex 3.68617 47.9877 0
      vertex 3.37427 47.9507 0
    endloop
  endfacet
  facet normal 0.418715 0.908118 -0
    outer loop
      vertex 33.8159 47.564 0
      vertex 33.5307 47.6955 3
      vertex 33.8159 47.564 3
    endloop
  endfacet
  facet normal 0.418715 0.908118 0
    outer loop
      vertex 33.5307 47.6955 3
      vertex 33.8159 47.564 0
      vertex 33.5307 47.6955 0
    endloop
  endfacet
  facet normal -0.99307 0.117522 0
    outer loop
      vertex 0.0123444 44.3138 0
      vertex 0.0492554 44.6257 3
      vertex 0.0492554 44.6257 0
    endloop
  endfacet
  facet normal -0.99307 0.117522 0
    outer loop
      vertex 0.0492554 44.6257 3
      vertex 0.0123444 44.3138 0
      vertex 0.0123444 44.3138 3
    endloop
  endfacet
  facet normal 0.999233 -0.0391631 0
    outer loop
      vertex 35.9877 3.68617 3
      vertex 36 4 0
      vertex 36 4 3
    endloop
  endfacet
  facet normal 0.999233 -0.0391631 0
    outer loop
      vertex 36 4 0
      vertex 35.9877 3.68617 3
      vertex 35.9877 3.68617 0
    endloop
  endfacet
  facet normal -0.980782 -0.195105 0
    outer loop
      vertex 0.110535 3.06622 0
      vertex 0.0492554 3.37427 3
      vertex 0.0492554 3.37427 0
    endloop
  endfacet
  facet normal -0.980782 -0.195105 0
    outer loop
      vertex 0.0492554 3.37427 3
      vertex 0.110535 3.06622 0
      vertex 0.110535 3.06622 3
    endloop
  endfacet
  facet normal 0.555655 0.831413 -0
    outer loop
      vertex 34.3511 47.2361 0
      vertex 34.09 47.4106 3
      vertex 34.3511 47.2361 3
    endloop
  endfacet
  facet normal 0.555655 0.831413 0
    outer loop
      vertex 34.09 47.4106 3
      vertex 34.3511 47.2361 0
      vertex 34.09 47.4106 0
    endloop
  endfacet
  facet normal -0.962461 0.271422 0
    outer loop
      vertex 0.110535 44.9338 0
      vertex 0.195786 45.2361 3
      vertex 0.195786 45.2361 0
    endloop
  endfacet
  facet normal -0.962461 0.271422 0
    outer loop
      vertex 0.195786 45.2361 3
      vertex 0.110535 44.9338 0
      vertex 0.110535 44.9338 3
    endloop
  endfacet
  facet normal 0.488548 -0.872537 0
    outer loop
      vertex 33.8159 0.435974 0
      vertex 34.09 0.589447 3
      vertex 33.8159 0.435974 3
    endloop
  endfacet
  facet normal 0.488548 -0.872537 0
    outer loop
      vertex 34.09 0.589447 3
      vertex 33.8159 0.435974 0
      vertex 34.09 0.589447 0
    endloop
  endfacet
  facet normal -0.908147 -0.418651 0
    outer loop
      vertex 0.435974 2.18405 0
      vertex 0.304489 2.46927 3
      vertex 0.304489 2.46927 0
    endloop
  endfacet
  facet normal -0.908147 -0.418651 0
    outer loop
      vertex 0.304489 2.46927 3
      vertex 0.435974 2.18405 0
      vertex 0.435974 2.18405 3
    endloop
  endfacet
  facet normal -0.678816 -0.734309 0
    outer loop
      vertex 1.17159 1.17159 0
      vertex 1.40222 0.958389 3
      vertex 1.17159 1.17159 3
    endloop
  endfacet
  facet normal -0.678816 -0.734309 -0
    outer loop
      vertex 1.40222 0.958389 3
      vertex 1.17159 1.17159 0
      vertex 1.40222 0.958389 0
    endloop
  endfacet
  facet normal 0.785217 -0.619221 0
    outer loop
      vertex 35.0416 1.40222 3
      vertex 35.2361 1.64886 0
      vertex 35.2361 1.64886 3
    endloop
  endfacet
  facet normal 0.785217 -0.619221 0
    outer loop
      vertex 35.2361 1.64886 0
      vertex 35.0416 1.40222 3
      vertex 35.0416 1.40222 0
    endloop
  endfacet
  facet normal -0.999227 0.039308 0
    outer loop
      vertex 0 44 0
      vertex 0.0123444 44.3138 3
      vertex 0.0123444 44.3138 0
    endloop
  endfacet
  facet normal -0.999227 0.039308 0
    outer loop
      vertex 0.0123444 44.3138 3
      vertex 0 44 0
      vertex 0 44 3
    endloop
  endfacet
  facet normal -0.555567 -0.831472 0
    outer loop
      vertex 1.64886 0.763947 0
      vertex 1.91002 0.589447 3
      vertex 1.64886 0.763947 3
    endloop
  endfacet
  facet normal -0.555567 -0.831472 -0
    outer loop
      vertex 1.91002 0.589447 3
      vertex 1.64886 0.763947 0
      vertex 1.91002 0.589447 0
    endloop
  endfacet
  facet normal -0.734264 0.678864 0
    outer loop
      vertex 0.958389 46.5978 0
      vertex 1.17159 46.8284 3
      vertex 1.17159 46.8284 0
    endloop
  endfacet
  facet normal -0.734264 0.678864 0
    outer loop
      vertex 1.17159 46.8284 3
      vertex 0.958389 46.5978 0
      vertex 0.958389 46.5978 3
    endloop
  endfacet
  facet normal -0.938171 0.346171 0
    outer loop
      vertex 0.195786 45.2361 0
      vertex 0.304489 45.5307 3
      vertex 0.304489 45.5307 0
    endloop
  endfacet
  facet normal -0.938171 0.346171 0
    outer loop
      vertex 0.304489 45.5307 3
      vertex 0.195786 45.2361 0
      vertex 0.195786 45.2361 3
    endloop
  endfacet
  facet normal 0.73431 -0.678814 0
    outer loop
      vertex 34.8284 1.17159 3
      vertex 35.0416 1.40222 0
      vertex 35.0416 1.40222 3
    endloop
  endfacet
  facet normal 0.73431 -0.678814 0
    outer loop
      vertex 35.0416 1.40222 0
      vertex 34.8284 1.17159 3
      vertex 34.8284 1.17159 0
    endloop
  endfacet
  facet normal 0.78529 0.619128 0
    outer loop
      vertex 35.2361 46.3511 3
      vertex 35.0416 46.5978 0
      vertex 35.0416 46.5978 3
    endloop
  endfacet
  facet normal 0.78529 0.619128 0
    outer loop
      vertex 35.0416 46.5978 0
      vertex 35.2361 46.3511 3
      vertex 35.2361 46.3511 0
    endloop
  endfacet
  facet normal -0.418691 0.908129 0
    outer loop
      vertex 2.46927 47.6955 0
      vertex 2.18405 47.564 3
      vertex 2.46927 47.6955 3
    endloop
  endfacet
  facet normal -0.418691 0.908129 0
    outer loop
      vertex 2.18405 47.564 3
      vertex 2.46927 47.6955 0
      vertex 2.18405 47.564 0
    endloop
  endfacet
  facet normal 0.271566 0.96242 -0
    outer loop
      vertex 33.2361 47.8042 0
      vertex 32.9338 47.8895 3
      vertex 33.2361 47.8042 3
    endloop
  endfacet
  facet normal 0.271566 0.96242 0
    outer loop
      vertex 32.9338 47.8895 3
      vertex 33.2361 47.8042 0
      vertex 32.9338 47.8895 0
    endloop
  endfacet
  facet normal -0.195105 -0.980782 0
    outer loop
      vertex 3.06622 0.110535 0
      vertex 3.37427 0.0492554 3
      vertex 3.06622 0.110535 3
    endloop
  endfacet
  facet normal -0.195105 -0.980782 -0
    outer loop
      vertex 3.37427 0.0492554 3
      vertex 3.06622 0.110535 0
      vertex 3.37427 0.0492554 0
    endloop
  endfacet
  facet normal -0.488643 -0.872484 0
    outer loop
      vertex 1.91002 0.589447 0
      vertex 2.18405 0.435974 3
      vertex 1.91002 0.589447 3
    endloop
  endfacet
  facet normal -0.488643 -0.872484 -0
    outer loop
      vertex 2.18405 0.435974 3
      vertex 1.91002 0.589447 0
      vertex 2.18405 0.435974 0
    endloop
  endfacet
  facet normal -0.0391631 0.999233 0
    outer loop
      vertex 4 48 0
      vertex 3.68617 47.9877 3
      vertex 4 48 3
    endloop
  endfacet
  facet normal -0.0391631 0.999233 0
    outer loop
      vertex 3.68617 47.9877 3
      vertex 4 48 0
      vertex 3.68617 47.9877 0
    endloop
  endfacet
  facet normal 0.993037 -0.117802 0
    outer loop
      vertex 35.9507 3.37427 3
      vertex 35.9877 3.68617 0
      vertex 35.9877 3.68617 3
    endloop
  endfacet
  facet normal 0.993037 -0.117802 0
    outer loop
      vertex 35.9877 3.68617 0
      vertex 35.9507 3.37427 3
      vertex 35.9507 3.37427 0
    endloop
  endfacet
  facet normal 0.962413 -0.271591 0
    outer loop
      vertex 35.8042 2.76395 3
      vertex 35.8895 3.06622 0
      vertex 35.8895 3.06622 3
    endloop
  endfacet
  facet normal 0.962413 -0.271591 0
    outer loop
      vertex 35.8895 3.06622 0
      vertex 35.8042 2.76395 3
      vertex 35.8042 2.76395 0
    endloop
  endfacet
  facet normal -0.271446 -0.962454 0
    outer loop
      vertex 2.76395 0.195786 0
      vertex 3.06622 0.110535 3
      vertex 2.76395 0.195786 3
    endloop
  endfacet
  facet normal -0.271446 -0.962454 -0
    outer loop
      vertex 3.06622 0.110535 3
      vertex 2.76395 0.195786 0
      vertex 3.06622 0.110535 0
    endloop
  endfacet
  facet normal -0.785307 -0.619107 0
    outer loop
      vertex 0.958389 1.40222 0
      vertex 0.763947 1.64886 3
      vertex 0.763947 1.64886 0
    endloop
  endfacet
  facet normal -0.785307 -0.619107 0
    outer loop
      vertex 0.763947 1.64886 3
      vertex 0.958389 1.40222 0
      vertex 0.958389 1.40222 3
    endloop
  endfacet
  facet normal 0.908118 0.418715 0
    outer loop
      vertex 35.6955 45.5307 3
      vertex 35.564 45.8159 0
      vertex 35.564 45.8159 3
    endloop
  endfacet
  facet normal 0.908118 0.418715 0
    outer loop
      vertex 35.564 45.8159 0
      vertex 35.6955 45.5307 3
      vertex 35.6955 45.5307 0
    endloop
  endfacet
  facet normal -0.194861 0.980831 0
    outer loop
      vertex 3.37427 47.9507 0
      vertex 3.06622 47.8895 3
      vertex 3.37427 47.9507 3
    endloop
  endfacet
  facet normal -0.194861 0.980831 0
    outer loop
      vertex 3.06622 47.8895 3
      vertex 3.37427 47.9507 0
      vertex 3.06622 47.8895 0
    endloop
  endfacet
  facet normal 0.619128 0.78529 -0
    outer loop
      vertex 34.5978 47.0416 0
      vertex 34.3511 47.2361 3
      vertex 34.5978 47.0416 3
    endloop
  endfacet
  facet normal 0.619128 0.78529 0
    outer loop
      vertex 34.3511 47.2361 3
      vertex 34.5978 47.0416 0
      vertex 34.3511 47.2361 0
    endloop
  endfacet
  facet normal 0.117522 -0.99307 0
    outer loop
      vertex 32.3138 0.0123444 0
      vertex 32.6257 0.0492554 3
      vertex 32.3138 0.0123444 3
    endloop
  endfacet
  facet normal 0.117522 -0.99307 0
    outer loop
      vertex 32.6257 0.0492554 3
      vertex 32.3138 0.0123444 0
      vertex 32.6257 0.0492554 0
    endloop
  endfacet
  facet normal 0.96242 0.271566 0
    outer loop
      vertex 35.8895 44.9338 3
      vertex 35.8042 45.2361 0
      vertex 35.8042 45.2361 3
    endloop
  endfacet
  facet normal 0.96242 0.271566 0
    outer loop
      vertex 35.8042 45.2361 0
      vertex 35.8895 44.9338 3
      vertex 35.8895 44.9338 0
    endloop
  endfacet
  facet normal -0.271591 0.962413 0
    outer loop
      vertex 3.06622 47.8895 0
      vertex 2.76395 47.8042 3
      vertex 3.06622 47.8895 3
    endloop
  endfacet
  facet normal -0.271591 0.962413 0
    outer loop
      vertex 2.76395 47.8042 3
      vertex 3.06622 47.8895 0
      vertex 2.76395 47.8042 0
    endloop
  endfacet
  facet normal 0 -1 0
    outer loop
      vertex 4 0 0
      vertex 32 0 3
      vertex 4 0 3
    endloop
  endfacet
  facet normal 0 -1 -0
    outer loop
      vertex 32 0 3
      vertex 4 0 0
      vertex 32 0 0
    endloop
  endfacet
  facet normal 0.117802 0.993037 -0
    outer loop
      vertex 32.6257 47.9507 0
      vertex 32.3138 47.9877 3
      vertex 32.6257 47.9507 3
    endloop
  endfacet
  facet normal 0.117802 0.993037 0
    outer loop
      vertex 32.3138 47.9877 3
      vertex 32.6257 47.9507 0
      vertex 32.3138 47.9877 0
    endloop
  endfacet
  facet normal 0 1 -0
    outer loop
      vertex 32 48 0
      vertex 4 48 3
      vertex 32 48 3
    endloop
  endfacet
  facet normal 0 1 0
    outer loop
      vertex 4 48 3
      vertex 32 48 0
      vertex 4 48 0
    endloop
  endfacet
  facet normal -0.488466 0.872583 0
    outer loop
      vertex 2.18405 47.564 0
      vertex 1.91002 47.4106 3
      vertex 2.18405 47.564 3
    endloop
  endfacet
  facet normal -0.488466 0.872583 0
    outer loop
      vertex 1.91002 47.4106 3
      vertex 2.18405 47.564 0
      vertex 1.91002 47.4106 0
    endloop
  endfacet
  facet normal -0.619107 -0.785307 0
    outer loop
      vertex 1.40222 0.958389 0
      vertex 1.64886 0.763947 3
      vertex 1.40222 0.958389 3
    endloop
  endfacet
  facet normal -0.619107 -0.785307 -0
    outer loop
      vertex 1.64886 0.763947 3
      vertex 1.40222 0.958389 0
      vertex 1.64886 0.763947 0
    endloop
  endfacet
  facet normal 0.271422 -0.962461 0
    outer loop
      vertex 32.9338 0.110535 0
      vertex 33.2361 0.195786 3
      vertex 32.9338 0.110535 3
    endloop
  endfacet
  facet normal 0.271422 -0.962461 0
    outer loop
      vertex 33.2361 0.195786 3
      vertex 32.9338 0.110535 0
      vertex 33.2361 0.195786 0
    endloop
  endfacet
  facet normal 0.555655 -0.831413 0
    outer loop
      vertex 34.09 0.589447 0
      vertex 34.3511 0.763947 3
      vertex 34.09 0.589447 3
    endloop
  endfacet
  facet normal 0.555655 -0.831413 0
    outer loop
      vertex 34.3511 0.763947 3
      vertex 34.09 0.589447 0
      vertex 34.3511 0.763947 0
    endloop
  endfacet
  facet normal 0.19483 0.980837 -0
    outer loop
      vertex 32.9338 47.8895 0
      vertex 32.6257 47.9507 3
      vertex 32.9338 47.8895 3
    endloop
  endfacet
  facet normal 0.19483 0.980837 0
    outer loop
      vertex 32.6257 47.9507 3
      vertex 32.9338 47.8895 0
      vertex 32.6257 47.9507 0
    endloop
  endfacet
  facet normal 0.619014 -0.78538 0
    outer loop
      vertex 34.3511 0.763947 0
      vertex 34.5978 0.958389 3
      vertex 34.3511 0.763947 3
    endloop
  endfacet
  facet normal 0.619014 -0.78538 0
    outer loop
      vertex 34.5978 0.958389 3
      vertex 34.3511 0.763947 0
      vertex 34.5978 0.958389 0
    endloop
  endfacet
  facet normal -0.734309 -0.678816 0
    outer loop
      vertex 1.17159 1.17159 0
      vertex 0.958389 1.40222 3
      vertex 0.958389 1.40222 0
    endloop
  endfacet
  facet normal -0.734309 -0.678816 0
    outer loop
      vertex 0.958389 1.40222 3
      vertex 1.17159 1.17159 0
      vertex 1.17159 1.17159 3
    endloop
  endfacet
  facet normal 0.734266 0.678862 0
    outer loop
      vertex 35.0416 46.5978 3
      vertex 34.8284 46.8284 0
      vertex 34.8284 46.8284 3
    endloop
  endfacet
  facet normal 0.734266 0.678862 0
    outer loop
      vertex 34.8284 46.8284 0
      vertex 35.0416 46.5978 3
      vertex 35.0416 46.5978 0
    endloop
  endfacet
  facet normal -0.678814 0.73431 0
    outer loop
      vertex 1.40222 47.0416 0
      vertex 1.17159 46.8284 3
      vertex 1.40222 47.0416 3
    endloop
  endfacet
  facet normal -0.678814 0.73431 0
    outer loop
      vertex 1.17159 46.8284 3
      vertex 1.40222 47.0416 0
      vertex 1.17159 46.8284 0
    endloop
  endfacet
  facet normal 0 0 1
    outer loop
      vertex 36 44 3
      vertex 35.9877 24.3138 3
      vertex 36 24 3
    endloop
  endfacet
  facet normal 0 0 1
    outer loop
      vertex 32 48 3
      vertex 36 44 3
      vertex 35.9877 44.3138 3
    endloop
  endfacet
  facet normal 0 0 1
    outer loop
      vertex 36 44 3
      vertex 35.9508 24.6257 3
      vertex 35.9877 24.3138 3
    endloop
  endfacet
  facet normal 0 0 1
    outer loop
      vertex 32 48 3
      vertex 35.9877 44.3138 3
      vertex 35.9507 44.6257 3
    endloop
  endfacet
  facet normal 0 0 1
    outer loop
      vertex 36 44 3
      vertex 35.8895 24.9338 3
      vertex 35.9508 24.6257 3
    endloop
  endfacet
  facet normal 0 0 1
    outer loop
      vertex 32 48 3
      vertex 35.9507 44.6257 3
      vertex 35.8895 44.9338 3
    endloop
  endfacet
  facet normal 0 0 1
    outer loop
      vertex 36 44 3
      vertex 35.8042 25.2361 3
      vertex 35.8895 24.9338 3
    endloop
  endfacet
  facet normal 0 0 1
    outer loop
      vertex 32 48 3
      vertex 35.8895 44.9338 3
      vertex 35.8042 45.2361 3
    endloop
  endfacet
  facet normal 0 0 1
    outer loop
      vertex 36 44 3
      vertex 35.6955 25.5307 3
      vertex 35.8042 25.2361 3
    endloop
  endfacet
  facet normal 0 0 1
    outer loop
      vertex 32 48 3
      vertex 35.8042 45.2361 3
      vertex 35.6955 45.5307 3
    endloop
  endfacet
  facet normal 0 0 1
    outer loop
      vertex 32 48 3
      vertex 35.6955 45.5307 3
      vertex 35.564 45.8159 3
    endloop
  endfacet
  facet normal 0 0 1
    outer loop
      vertex 36 44 3
      vertex 35.564 25.816 3
      vertex 35.6955 25.5307 3
    endloop
  endfacet
  facet normal 0 0 1
    outer loop
      vertex 36 44 3
      vertex 35.4106 26.09 3
      vertex 35.564 25.816 3
    endloop
  endfacet
  facet normal 0 0 1
    outer loop
      vertex 32 48 3
      vertex 35.564 45.8159 3
      vertex 35.4106 46.09 3
    endloop
  endfacet
  facet normal 0 0 1
    outer loop
      vertex 36 44 3
      vertex 35.2361 26.3511 3
      vertex 35.4106 26.09 3
    endloop
  endfacet
  facet normal 0 0 1
    outer loop
      vertex 32 48 3
      vertex 35.4106 46.09 3
      vertex 35.2361 46.3511 3
    endloop
  endfacet
  facet normal 0 0 1
    outer loop
      vertex 36 44 3
      vertex 35.0416 26.5978 3
      vertex 35.2361 26.3511 3
    endloop
  endfacet
  facet normal 0 0 1
    outer loop
      vertex 32 48 3
      vertex 35.2361 46.3511 3
      vertex 35.0416 46.5978 3
    endloop
  endfacet
  facet normal 0 0 1
    outer loop
      vertex 36 44 3
      vertex 34.8284 26.8284 3
      vertex 35.0416 26.5978 3
    endloop
  endfacet
  facet normal 0 0 1
    outer loop
      vertex 32 48 3
      vertex 35.0416 46.5978 3
      vertex 34.8284 46.8284 3
    endloop
  endfacet
  facet normal 0 0 1
    outer loop
      vertex 36 44 3
      vertex 34.5978 27.0416 3
      vertex 34.8284 26.8284 3
    endloop
  endfacet
  facet normal 0 0 1
    outer loop
      vertex 32 48 3
      vertex 34.8284 46.8284 3
      vertex 34.5978 47.0416 3
    endloop
  endfacet
  facet normal 0 0 1
    outer loop
      vertex 36 44 3
      vertex 34.3511 27.2361 3
      vertex 34.5978 27.0416 3
    endloop
  endfacet
  facet normal 0 0 1
    outer loop
      vertex 32 48 3
      vertex 34.5978 47.0416 3
      vertex 34.3511 47.2361 3
    endloop
  endfacet
  facet normal 0 0 1
    outer loop
      vertex 36 44 3
      vertex 34.09 27.4106 3
      vertex 34.3511 27.2361 3
    endloop
  endfacet
  facet normal 0 0 1
    outer loop
      vertex 32 48 3
      vertex 34.3511 47.2361 3
      vertex 34.09 47.4106 3
    endloop
  endfacet
  facet normal 0 0 1
    outer loop
      vertex 36 44 3
      vertex 33.816 27.564 3
      vertex 34.09 27.4106 3
    endloop
  endfacet
  facet normal 0 0 1
    outer loop
      vertex 32 48 3
      vertex 34.09 47.4106 3
      vertex 33.8159 47.564 3
    endloop
  endfacet
  facet normal 0 0 1
    outer loop
      vertex 32 48 3
      vertex 33.8159 47.564 3
      vertex 33.5307 47.6955 3
    endloop
  endfacet
  facet normal 0 0 1
    outer loop
      vertex 36 44 3
      vertex 33.5307 27.6955 3
      vertex 33.816 27.564 3
    endloop
  endfacet
  facet normal 0 0 1
    outer loop
      vertex 36 44 3
      vertex 33.2361 27.8042 3
      vertex 33.5307 27.6955 3
    endloop
  endfacet
  facet normal 0 0 1
    outer loop
      vertex 32 48 3
      vertex 33.5307 47.6955 3
      vertex 33.2361 47.8042 3
    endloop
  endfacet
  facet normal 0 0 1
    outer loop
      vertex 36 44 3
      vertex 32.9338 27.8895 3
      vertex 33.2361 27.8042 3
    endloop
  endfacet
  facet normal 0 0 1
    outer loop
      vertex 32 48 3
      vertex 33.2361 47.8042 3
      vertex 32.9338 47.8895 3
    endloop
  endfacet
  facet normal 0 0 1
    outer loop
      vertex 36 44 3
      vertex 32.6257 27.9508 3
      vertex 32.9338 27.8895 3
    endloop
  endfacet
  facet normal 0 0 1
    outer loop
      vertex 32 48 3
      vertex 32.9338 47.8895 3
      vertex 32.6257 47.9507 3
    endloop
  endfacet
  facet normal 0 0 1
    outer loop
      vertex 36 44 3
      vertex 32.3138 27.9877 3
      vertex 32.6257 27.9508 3
    endloop
  endfacet
  facet normal 0 0 1
    outer loop
      vertex 32 48 3
      vertex 32.6257 47.9507 3
      vertex 32.3138 47.9877 3
    endloop
  endfacet
  facet normal 0 0 1
    outer loop
      vertex 36 44 3
      vertex 32 48 3
      vertex 30.4693 27.6955 3
    endloop
  endfacet
  facet normal 0 0 1
    outer loop
      vertex 36 44 3
      vertex 32 28 3
      vertex 32.3138 27.9877 3
    endloop
  endfacet
  facet normal 0 0 1
    outer loop
      vertex 36 44 3
      vertex 31.6862 27.9877 3
      vertex 32 28 3
    endloop
  endfacet
  facet normal 0 0 1
    outer loop
      vertex 36 44 3
      vertex 31.3743 27.9508 3
      vertex 31.6862 27.9877 3
    endloop
  endfacet
  facet normal 0 0 1
    outer loop
      vertex 36 44 3
      vertex 31.0662 27.8895 3
      vertex 31.3743 27.9508 3
    endloop
  endfacet
  facet normal 0 0 1
    outer loop
      vertex 36 44 3
      vertex 30.7639 27.8042 3
      vertex 31.0662 27.8895 3
    endloop
  endfacet
  facet normal 0 0 1
    outer loop
      vertex 36 44 3
      vertex 30.4693 27.6955 3
      vertex 30.7639 27.8042 3
    endloop
  endfacet
  facet normal 0 0 1
    outer loop
      vertex 32 48 3
      vertex 30.184 27.564 3
      vertex 30.4693 27.6955 3
    endloop
  endfacet
  facet normal 0 0 1
    outer loop
      vertex 32 48 3
      vertex 29.91 27.4106 3
      vertex 30.184 27.564 3
    endloop
  endfacet
  facet normal 0 0 1
    outer loop
      vertex 32 48 3
      vertex 29.6489 27.2361 3
      vertex 29.91 27.4106 3
    endloop
  endfacet
  facet normal 0 0 1
    outer loop
      vertex 32 48 3
      vertex 29.4022 27.0416 3
      vertex 29.6489 27.2361 3
    endloop
  endfacet
  facet normal 0 0 1
    outer loop
      vertex 32 48 3
      vertex 29.1716 26.8284 3
      vertex 29.4022 27.0416 3
    endloop
  endfacet
  facet normal 0 0 1
    outer loop
      vertex 6.82843 26.8284 3
      vertex 29.1716 26.8284 3
      vertex 32 48 3
    endloop
  endfacet
  facet normal 0 0 1
    outer loop
      vertex 29.1716 26.8284 3
      vertex 6.82843 26.8284 3
      vertex 28.9584 26.5978 3
    endloop
  endfacet
  facet normal 0 -0 1
    outer loop
      vertex 7.04162 26.5978 3
      vertex 28.9584 26.5978 3
      vertex 6.82843 26.8284 3
    endloop
  endfacet
  facet normal 0 0 1
    outer loop
      vertex 28.9584 26.5978 3
      vertex 7.04162 26.5978 3
      vertex 28.7639 26.3511 3
    endloop
  endfacet
  facet normal 0 -0 1
    outer loop
      vertex 7.23607 26.3511 3
      vertex 28.7639 26.3511 3
      vertex 7.04162 26.5978 3
    endloop
  endfacet
  facet normal 0 0 1
    outer loop
      vertex 28.7639 26.3511 3
      vertex 7.23607 26.3511 3
      vertex 28.5894 26.09 3
    endloop
  endfacet
  facet normal 0 -0 1
    outer loop
      vertex 7.41056 26.09 3
      vertex 28.5894 26.09 3
      vertex 7.23607 26.3511 3
    endloop
  endfacet
  facet normal 0 0 1
    outer loop
      vertex 28.5894 26.09 3
      vertex 7.41056 26.09 3
      vertex 28.436 25.816 3
    endloop
  endfacet
  facet normal 0 0 1
    outer loop
      vertex 28.0123 24.3138 3
      vertex 8 24 3
      vertex 28 24 3
    endloop
  endfacet
  facet normal 0 0 1
    outer loop
      vertex 7.98767 24.3138 3
      vertex 28.0123 24.3138 3
      vertex 28.0492 24.6257 3
    endloop
  endfacet
  facet normal 0 -0 1
    outer loop
      vertex 7.56403 25.816 3
      vertex 28.436 25.816 3
      vertex 7.41056 26.09 3
    endloop
  endfacet
  facet normal 0 0 1
    outer loop
      vertex 28.0123 24.3138 3
      vertex 7.98767 24.3138 3
      vertex 8 24 3
    endloop
  endfacet
  facet normal 0 0 1
    outer loop
      vertex 28.0492 24.6257 3
      vertex 7.95075 24.6257 3
      vertex 7.98767 24.3138 3
    endloop
  endfacet
  facet normal 0 0 1
    outer loop
      vertex 28.0492 24.6257 3
      vertex 7.88948 24.9338 3
      vertex 7.95075 24.6257 3
    endloop
  endfacet
  facet normal 0 0 1
    outer loop
      vertex 28.1105 24.9338 3
      vertex 7.88948 24.9338 3
      vertex 28.0492 24.6257 3
    endloop
  endfacet
  facet normal 0 -0 1
    outer loop
      vertex 7.88948 24.9338 3
      vertex 28.1105 24.9338 3
      vertex 7.80423 25.2361 3
    endloop
  endfacet
  facet normal 0 0 1
    outer loop
      vertex 28.1958 25.2361 3
      vertex 7.80423 25.2361 3
      vertex 28.1105 24.9338 3
    endloop
  endfacet
  facet normal 0 -0 1
    outer loop
      vertex 7.80423 25.2361 3
      vertex 28.1958 25.2361 3
      vertex 7.69552 25.5307 3
    endloop
  endfacet
  facet normal 0 0 1
    outer loop
      vertex 28.3045 25.5307 3
      vertex 7.69552 25.5307 3
      vertex 28.1958 25.2361 3
    endloop
  endfacet
  facet normal 0 -0 1
    outer loop
      vertex 7.69552 25.5307 3
      vertex 28.3045 25.5307 3
      vertex 7.56403 25.816 3
    endloop
  endfacet
  facet normal 0 0 1
    outer loop
      vertex 28.436 25.816 3
      vertex 7.56403 25.816 3
      vertex 28.3045 25.5307 3
    endloop
  endfacet
  facet normal 0 0 1
    outer loop
      vertex 32 48 3
      vertex 6.59779 27.0416 3
      vertex 6.82843 26.8284 3
    endloop
  endfacet
  facet normal -0 0 1
    outer loop
      vertex 4 48 3
      vertex 6.59779 27.0416 3
      vertex 32 48 3
    endloop
  endfacet
  facet normal 0 0 1
    outer loop
      vertex 6.59779 27.0416 3
      vertex 4 48 3
      vertex 6.35114 27.2361 3
    endloop
  endfacet
  facet normal 0 0 1
    outer loop
      vertex 6.35114 27.2361 3
      vertex 4 48 3
      vertex 6.08999 27.4106 3
    endloop
  endfacet
  facet normal 0 0 1
    outer loop
      vertex 6.08999 27.4106 3
      vertex 4 48 3
      vertex 5.81596 27.564 3
    endloop
  endfacet
  facet normal 0 0 1
    outer loop
      vertex 5.81596 27.564 3
      vertex 4 48 3
      vertex 5.53073 27.6955 3
    endloop
  endfacet
  facet normal -0 0 1
    outer loop
      vertex 0 44 3
      vertex 5.53073 27.6955 3
      vertex 4 48 3
    endloop
  endfacet
  facet normal 0 0 1
    outer loop
      vertex 5.53073 27.6955 3
      vertex 0 44 3
      vertex 5.23607 27.8042 3
    endloop
  endfacet
  facet normal 0 0 1
    outer loop
      vertex 5.23607 27.8042 3
      vertex 0 44 3
      vertex 4.93378 27.8895 3
    endloop
  endfacet
  facet normal 0 0 1
    outer loop
      vertex 4.93378 27.8895 3
      vertex 0 44 3
      vertex 4.62574 27.9508 3
    endloop
  endfacet
  facet normal 0 0 1
    outer loop
      vertex 4.62574 27.9508 3
      vertex 0 44 3
      vertex 4.31384 27.9877 3
    endloop
  endfacet
  facet normal 0 0 1
    outer loop
      vertex 0 44 3
      vertex 4 48 3
      vertex 3.68617 47.9877 3
    endloop
  endfacet
  facet normal 0 0 1
    outer loop
      vertex 4.31384 27.9877 3
      vertex 0 44 3
      vertex 4 28 3
    endloop
  endfacet
  facet normal 0 0 1
    outer loop
      vertex 0 44 3
      vertex 3.68617 47.9877 3
      vertex 3.37427 47.9507 3
    endloop
  endfacet
  facet normal 0 0 1
    outer loop
      vertex 4 28 3
      vertex 0 44 3
      vertex 3.68616 27.9877 3
    endloop
  endfacet
  facet normal 0 0 1
    outer loop
      vertex 0 44 3
      vertex 3.37427 47.9507 3
      vertex 3.06622 47.8895 3
    endloop
  endfacet
  facet normal 0 0 1
    outer loop
      vertex 3.68616 27.9877 3
      vertex 0 44 3
      vertex 3.37426 27.9508 3
    endloop
  endfacet
  facet normal 0 0 1
    outer loop
      vertex 0 44 3
      vertex 3.06622 47.8895 3
      vertex 2.76395 47.8042 3
    endloop
  endfacet
  facet normal 0 0 1
    outer loop
      vertex 3.37426 27.9508 3
      vertex 0 44 3
      vertex 3.06622 27.8895 3
    endloop
  endfacet
  facet normal 0 0 1
    outer loop
      vertex 0 44 3
      vertex 2.76395 47.8042 3
      vertex 2.46927 47.6955 3
    endloop
  endfacet
  facet normal 0 0 1
    outer loop
      vertex 3.06622 27.8895 3
      vertex 0 44 3
      vertex 2.76393 27.8042 3
    endloop
  endfacet
  facet normal 0 0 1
    outer loop
      vertex 0 44 3
      vertex 2.46927 47.6955 3
      vertex 2.18405 47.564 3
    endloop
  endfacet
  facet normal 0 0 1
    outer loop
      vertex 2.76393 27.8042 3
      vertex 0 44 3
      vertex 2.46927 27.6955 3
    endloop
  endfacet
  facet normal 0 0 1
    outer loop
      vertex 0 44 3
      vertex 2.18405 47.564 3
      vertex 1.91002 47.4106 3
    endloop
  endfacet
  facet normal 0 0 1
    outer loop
      vertex 2.46927 27.6955 3
      vertex 0 44 3
      vertex 2.18404 27.564 3
    endloop
  endfacet
  facet normal 0 0 1
    outer loop
      vertex 0 44 3
      vertex 1.91002 47.4106 3
      vertex 1.64886 47.2361 3
    endloop
  endfacet
  facet normal 0 0 1
    outer loop
      vertex 2.18404 27.564 3
      vertex 0 44 3
      vertex 1.91001 27.4106 3
    endloop
  endfacet
  facet normal 0 0 1
    outer loop
      vertex 0 44 3
      vertex 1.64886 47.2361 3
      vertex 1.40222 47.0416 3
    endloop
  endfacet
  facet normal 0 0 1
    outer loop
      vertex 1.91001 27.4106 3
      vertex 0 44 3
      vertex 1.64886 27.2361 3
    endloop
  endfacet
  facet normal 0 0 1
    outer loop
      vertex 0 44 3
      vertex 1.40222 47.0416 3
      vertex 1.17159 46.8284 3
    endloop
  endfacet
  facet normal 0 0 1
    outer loop
      vertex 1.64886 27.2361 3
      vertex 0 44 3
      vertex 1.40221 27.0416 3
    endloop
  endfacet
  facet normal 0 0 1
    outer loop
      vertex 0 44 3
      vertex 1.17159 46.8284 3
      vertex 0.958389 46.5978 3
    endloop
  endfacet
  facet normal 0 0 1
    outer loop
      vertex 1.40221 27.0416 3
      vertex 0 44 3
      vertex 1.17157 26.8284 3
    endloop
  endfacet
  facet normal 0 0 1
    outer loop
      vertex 0 44 3
      vertex 0.958389 46.5978 3
      vertex 0.763947 46.3511 3
    endloop
  endfacet
  facet normal 0 0 1
    outer loop
      vertex 1.17157 26.8284 3
      vertex 0 44 3
      vertex 0.958376 26.5978 3
    endloop
  endfacet
  facet normal 0 0 1
    outer loop
      vertex 0 44 3
      vertex 0.763947 46.3511 3
      vertex 0.589447 46.09 3
    endloop
  endfacet
  facet normal 0 0 1
    outer loop
      vertex 0.958376 26.5978 3
      vertex 0 44 3
      vertex 0.763931 26.3511 3
    endloop
  endfacet
  facet normal 0 0 1
    outer loop
      vertex 0 44 3
      vertex 0.589447 46.09 3
      vertex 0.435974 45.8159 3
    endloop
  endfacet
  facet normal 0 0 1
    outer loop
      vertex 0.763931 26.3511 3
      vertex 0 44 3
      vertex 0.589438 26.09 3
    endloop
  endfacet
  facet normal 0 0 1
    outer loop
      vertex 0 44 3
      vertex 0.435974 45.8159 3
      vertex 0.304489 45.5307 3
    endloop
  endfacet
  facet normal 0 0 1
    outer loop
      vertex 0.589438 26.09 3
      vertex 0 44 3
      vertex 0.435973 25.816 3
    endloop
  endfacet
  facet normal 0 0 1
    outer loop
      vertex 0 44 3
      vertex 0.304489 45.5307 3
      vertex 0.195786 45.2361 3
    endloop
  endfacet
  facet normal 0 0 1
    outer loop
      vertex 0.435973 25.816 3
      vertex 0 44 3
      vertex 0.304482 25.5307 3
    endloop
  endfacet
  facet normal 0 0 1
    outer loop
      vertex 0 44 3
      vertex 0.195786 45.2361 3
      vertex 0.110535 44.9338 3
    endloop
  endfacet
  facet normal 0 0 1
    outer loop
      vertex 0.304482 25.5307 3
      vertex 0 44 3
      vertex 0.195773 25.2361 3
    endloop
  endfacet
  facet normal 0 0 1
    outer loop
      vertex 0 44 3
      vertex 0.110535 44.9338 3
      vertex 0.0492554 44.6257 3
    endloop
  endfacet
  facet normal 0 0 1
    outer loop
      vertex 0.195773 25.2361 3
      vertex 0 44 3
      vertex 0.110519 24.9338 3
    endloop
  endfacet
  facet normal 0 0 1
    outer loop
      vertex 0 44 3
      vertex 0.0492554 44.6257 3
      vertex 0.0123444 44.3138 3
    endloop
  endfacet
  facet normal 0 0 1
    outer loop
      vertex 0.110519 24.9338 3
      vertex 0 44 3
      vertex 0.0492458 24.6257 3
    endloop
  endfacet
  facet normal 0 0 1
    outer loop
      vertex 0.0492458 24.6257 3
      vertex 0 44 3
      vertex 0.0123301 24.3138 3
    endloop
  endfacet
  facet normal 0 0 1
    outer loop
      vertex 0.0123301 24.3138 3
      vertex 0 44 3
      vertex 0 24 3
    endloop
  endfacet
  facet normal -0 0 1
    outer loop
      vertex 35.9877 23.6862 3
      vertex 36 4 3
      vertex 36 24 3
    endloop
  endfacet
  facet normal -0 0 1
    outer loop
      vertex 35.9508 23.3743 3
      vertex 36 4 3
      vertex 35.9877 23.6862 3
    endloop
  endfacet
  facet normal -0 0 1
    outer loop
      vertex 35.8895 23.0662 3
      vertex 36 4 3
      vertex 35.9508 23.3743 3
    endloop
  endfacet
  facet normal -0 0 1
    outer loop
      vertex 35.8042 22.7639 3
      vertex 36 4 3
      vertex 35.8895 23.0662 3
    endloop
  endfacet
  facet normal -0 0 1
    outer loop
      vertex 35.6955 22.4693 3
      vertex 36 4 3
      vertex 35.8042 22.7639 3
    endloop
  endfacet
  facet normal -0 0 1
    outer loop
      vertex 35.564 22.184 3
      vertex 36 4 3
      vertex 35.6955 22.4693 3
    endloop
  endfacet
  facet normal -0 0 1
    outer loop
      vertex 35.4106 21.91 3
      vertex 36 4 3
      vertex 35.564 22.184 3
    endloop
  endfacet
  facet normal -0 0 1
    outer loop
      vertex 35.2361 21.6489 3
      vertex 36 4 3
      vertex 35.4106 21.91 3
    endloop
  endfacet
  facet normal -0 0 1
    outer loop
      vertex 35.0416 21.4022 3
      vertex 36 4 3
      vertex 35.2361 21.6489 3
    endloop
  endfacet
  facet normal -0 0 1
    outer loop
      vertex 34.8284 21.1716 3
      vertex 36 4 3
      vertex 35.0416 21.4022 3
    endloop
  endfacet
  facet normal -0 0 1
    outer loop
      vertex 34.5978 20.9584 3
      vertex 36 4 3
      vertex 34.8284 21.1716 3
    endloop
  endfacet
  facet normal -0 0 1
    outer loop
      vertex 34.3511 20.7639 3
      vertex 36 4 3
      vertex 34.5978 20.9584 3
    endloop
  endfacet
  facet normal -0 0 1
    outer loop
      vertex 34.09 20.5894 3
      vertex 36 4 3
      vertex 34.3511 20.7639 3
    endloop
  endfacet
  facet normal -0 0 1
    outer loop
      vertex 33.816 20.436 3
      vertex 36 4 3
      vertex 34.09 20.5894 3
    endloop
  endfacet
  facet normal -0 0 1
    outer loop
      vertex 33.5307 20.3045 3
      vertex 36 4 3
      vertex 33.816 20.436 3
    endloop
  endfacet
  facet normal -0 0 1
    outer loop
      vertex 33.2361 20.1958 3
      vertex 36 4 3
      vertex 33.5307 20.3045 3
    endloop
  endfacet
  facet normal -0 0 1
    outer loop
      vertex 32.9338 20.1105 3
      vertex 36 4 3
      vertex 33.2361 20.1958 3
    endloop
  endfacet
  facet normal -0 0 1
    outer loop
      vertex 32.6257 20.0492 3
      vertex 36 4 3
      vertex 32.9338 20.1105 3
    endloop
  endfacet
  facet normal -0 0 1
    outer loop
      vertex 32.3138 20.0123 3
      vertex 36 4 3
      vertex 32.6257 20.0492 3
    endloop
  endfacet
  facet normal -0 0 1
    outer loop
      vertex 32 20 3
      vertex 36 4 3
      vertex 32.3138 20.0123 3
    endloop
  endfacet
  facet normal 0 0 1
    outer loop
      vertex 31.6862 20.0123 3
      vertex 36 4 3
      vertex 32 20 3
    endloop
  endfacet
  facet normal 0 0 1
    outer loop
      vertex 31.3743 20.0492 3
      vertex 36 4 3
      vertex 31.6862 20.0123 3
    endloop
  endfacet
  facet normal 0 0 1
    outer loop
      vertex 31.0662 20.1105 3
      vertex 36 4 3
      vertex 31.3743 20.0492 3
    endloop
  endfacet
  facet normal 0 0 1
    outer loop
      vertex 30.7639 20.1958 3
      vertex 36 4 3
      vertex 31.0662 20.1105 3
    endloop
  endfacet
  facet normal 0 0 1
    outer loop
      vertex 30.4693 20.3045 3
      vertex 36 4 3
      vertex 30.7639 20.1958 3
    endloop
  endfacet
  facet normal 0 -0 1
    outer loop
      vertex 32 0 3
      vertex 36 4 3
      vertex 30.4693 20.3045 3
    endloop
  endfacet
  facet normal 0 0 1
    outer loop
      vertex 35.9877 3.68617 3
      vertex 32 0 3
      vertex 35.9507 3.37427 3
    endloop
  endfacet
  facet normal 0 0 1
    outer loop
      vertex 35.9507 3.37427 3
      vertex 32 0 3
      vertex 35.8895 3.06622 3
    endloop
  endfacet
  facet normal 0 0 1
    outer loop
      vertex 35.8042 2.76395 3
      vertex 32 0 3
      vertex 35.6955 2.46927 3
    endloop
  endfacet
  facet normal 0 0 1
    outer loop
      vertex 35.6955 2.46927 3
      vertex 32 0 3
      vertex 35.564 2.18405 3
    endloop
  endfacet
  facet normal 0 0 1
    outer loop
      vertex 35.564 2.18405 3
      vertex 32 0 3
      vertex 35.4106 1.91002 3
    endloop
  endfacet
  facet normal 0 0 1
    outer loop
      vertex 35.2361 1.64886 3
      vertex 32 0 3
      vertex 35.0416 1.40222 3
    endloop
  endfacet
  facet normal 0 0 1
    outer loop
      vertex 35.0416 1.40222 3
      vertex 32 0 3
      vertex 34.8284 1.17159 3
    endloop
  endfacet
  facet normal 0 0 1
    outer loop
      vertex 34.8284 1.17159 3
      vertex 32 0 3
      vertex 34.5978 0.958389 3
    endloop
  endfacet
  facet normal 0 0 1
    outer loop
      vertex 34.3511 0.763947 3
      vertex 32 0 3
      vertex 34.09 0.589447 3
    endloop
  endfacet
  facet normal 0 0 1
    outer loop
      vertex 34.09 0.589447 3
      vertex 32 0 3
      vertex 33.8159 0.435974 3
    endloop
  endfacet
  facet normal 0 0 1
    outer loop
      vertex 33.8159 0.435974 3
      vertex 32 0 3
      vertex 33.5307 0.304489 3
    endloop
  endfacet
  facet normal 0 0 1
    outer loop
      vertex 33.5307 0.304489 3
      vertex 32 0 3
      vertex 33.2361 0.195786 3
    endloop
  endfacet
  facet normal 0 0 1
    outer loop
      vertex 32.9338 0.110535 3
      vertex 32 0 3
      vertex 32.6257 0.0492554 3
    endloop
  endfacet
  facet normal 0 0 1
    outer loop
      vertex 32.6257 0.0492554 3
      vertex 32 0 3
      vertex 32.3138 0.0123444 3
    endloop
  endfacet
  facet normal 0 0 1
    outer loop
      vertex 33.2361 0.195786 3
      vertex 32 0 3
      vertex 32.9338 0.110535 3
    endloop
  endfacet
  facet normal 0 0 1
    outer loop
      vertex 34.5978 0.958389 3
      vertex 32 0 3
      vertex 34.3511 0.763947 3
    endloop
  endfacet
  facet normal 0 0 1
    outer loop
      vertex 35.4106 1.91002 3
      vertex 32 0 3
      vertex 35.2361 1.64886 3
    endloop
  endfacet
  facet normal 0 0 1
    outer loop
      vertex 35.8895 3.06622 3
      vertex 32 0 3
      vertex 35.8042 2.76395 3
    endloop
  endfacet
  facet normal 0 0 1
    outer loop
      vertex 36 4 3
      vertex 32 0 3
      vertex 35.9877 3.68617 3
    endloop
  endfacet
  facet normal 0 0 1
    outer loop
      vertex 30.184 20.436 3
      vertex 32 0 3
      vertex 30.4693 20.3045 3
    endloop
  endfacet
  facet normal 0 0 1
    outer loop
      vertex 29.91 20.5894 3
      vertex 32 0 3
      vertex 30.184 20.436 3
    endloop
  endfacet
  facet normal 0 0 1
    outer loop
      vertex 29.6489 20.7639 3
      vertex 32 0 3
      vertex 29.91 20.5894 3
    endloop
  endfacet
  facet normal 0 0 1
    outer loop
      vertex 29.4022 20.9584 3
      vertex 32 0 3
      vertex 29.6489 20.7639 3
    endloop
  endfacet
  facet normal 0 0 1
    outer loop
      vertex 29.1716 21.1716 3
      vertex 32 0 3
      vertex 29.4022 20.9584 3
    endloop
  endfacet
  facet normal 0 0 1
    outer loop
      vertex 6.82843 21.1716 3
      vertex 29.1716 21.1716 3
      vertex 28.9584 21.4022 3
    endloop
  endfacet
  facet normal 0 0 1
    outer loop
      vertex 7.04162 21.4022 3
      vertex 28.9584 21.4022 3
      vertex 28.7639 21.6489 3
    endloop
  endfacet
  facet normal 0 0 1
    outer loop
      vertex 7.23607 21.6489 3
      vertex 28.7639 21.6489 3
      vertex 28.5894 21.91 3
    endloop
  endfacet
  facet normal 0 0 1
    outer loop
      vertex 7.41056 21.91 3
      vertex 28.5894 21.91 3
      vertex 28.436 22.184 3
    endloop
  endfacet
  facet normal 0 0 1
    outer loop
      vertex 7.56403 22.184 3
      vertex 28.436 22.184 3
      vertex 28.3045 22.4693 3
    endloop
  endfacet
  facet normal 0 0 1
    outer loop
      vertex 7.69552 22.4693 3
      vertex 28.3045 22.4693 3
      vertex 28.1958 22.7639 3
    endloop
  endfacet
  facet normal 0 0 1
    outer loop
      vertex 7.80423 22.7639 3
      vertex 28.1958 22.7639 3
      vertex 28.1105 23.0662 3
    endloop
  endfacet
  facet normal 0 0 1
    outer loop
      vertex 7.88948 23.0662 3
      vertex 28.1105 23.0662 3
      vertex 28.0492 23.3743 3
    endloop
  endfacet
  facet normal -0 0 1
    outer loop
      vertex 8 24 3
      vertex 28.0123 23.6862 3
      vertex 28 24 3
    endloop
  endfacet
  facet normal 0 0 1
    outer loop
      vertex 7.98767 23.6862 3
      vertex 28.0123 23.6862 3
      vertex 8 24 3
    endloop
  endfacet
  facet normal 0 0 1
    outer loop
      vertex 28.0123 23.6862 3
      vertex 7.98767 23.6862 3
      vertex 28.0492 23.3743 3
    endloop
  endfacet
  facet normal 0 0 1
    outer loop
      vertex 7.95075 23.3743 3
      vertex 28.0492 23.3743 3
      vertex 7.98767 23.6862 3
    endloop
  endfacet
  facet normal 0 0 1
    outer loop
      vertex 7.88948 23.0662 3
      vertex 28.0492 23.3743 3
      vertex 7.95075 23.3743 3
    endloop
  endfacet
  facet normal 0 0 1
    outer loop
      vertex 28.1105 23.0662 3
      vertex 7.88948 23.0662 3
      vertex 7.80423 22.7639 3
    endloop
  endfacet
  facet normal 0 0 1
    outer loop
      vertex 28.1958 22.7639 3
      vertex 7.80423 22.7639 3
      vertex 7.69552 22.4693 3
    endloop
  endfacet
  facet normal 0 0 1
    outer loop
      vertex 28.3045 22.4693 3
      vertex 7.69552 22.4693 3
      vertex 7.56403 22.184 3
    endloop
  endfacet
  facet normal 0 0 1
    outer loop
      vertex 28.436 22.184 3
      vertex 7.56403 22.184 3
      vertex 7.41056 21.91 3
    endloop
  endfacet
  facet normal 0 0 1
    outer loop
      vertex 28.5894 21.91 3
      vertex 7.41056 21.91 3
      vertex 7.23607 21.6489 3
    endloop
  endfacet
  facet normal 0 0 1
    outer loop
      vertex 28.7639 21.6489 3
      vertex 7.23607 21.6489 3
      vertex 7.04162 21.4022 3
    endloop
  endfacet
  facet normal 0 0 1
    outer loop
      vertex 28.9584 21.4022 3
      vertex 7.04162 21.4022 3
      vertex 6.82843 21.1716 3
    endloop
  endfacet
  facet normal 0 0 1
    outer loop
      vertex 29.1716 21.1716 3
      vertex 6.82843 21.1716 3
      vertex 32 0 3
    endloop
  endfacet
  facet normal -0 0 1
    outer loop
      vertex 6.59779 20.9584 3
      vertex 32 0 3
      vertex 6.82843 21.1716 3
    endloop
  endfacet
  facet normal 0 0 1
    outer loop
      vertex 4 0 3
      vertex 6.59779 20.9584 3
      vertex 6.35114 20.7639 3
    endloop
  endfacet
  facet normal 0 0 1
    outer loop
      vertex 4 0 3
      vertex 6.35114 20.7639 3
      vertex 6.08999 20.5894 3
    endloop
  endfacet
  facet normal 0 0 1
    outer loop
      vertex 4 0 3
      vertex 6.08999 20.5894 3
      vertex 5.81596 20.436 3
    endloop
  endfacet
  facet normal 0 0 1
    outer loop
      vertex 4 0 3
      vertex 5.81596 20.436 3
      vertex 5.53073 20.3045 3
    endloop
  endfacet
  facet normal 0 0 1
    outer loop
      vertex 0 4 3
      vertex 5.53073 20.3045 3
      vertex 5.23607 20.1958 3
    endloop
  endfacet
  facet normal 0 0 1
    outer loop
      vertex 0 4 3
      vertex 5.23607 20.1958 3
      vertex 4.93378 20.1105 3
    endloop
  endfacet
  facet normal 0 0 1
    outer loop
      vertex 0 4 3
      vertex 4.93378 20.1105 3
      vertex 4.62574 20.0492 3
    endloop
  endfacet
  facet normal 0 0 1
    outer loop
      vertex 0 4 3
      vertex 4.62574 20.0492 3
      vertex 4.31384 20.0123 3
    endloop
  endfacet
  facet normal 0 0 1
    outer loop
      vertex 0 4 3
      vertex 4.31384 20.0123 3
      vertex 4 20 3
    endloop
  endfacet
  facet normal 0 0 1
    outer loop
      vertex 6.59779 20.9584 3
      vertex 4 0 3
      vertex 32 0 3
    endloop
  endfacet
  facet normal 0 0 1
    outer loop
      vertex 5.53073 20.3045 3
      vertex 0 4 3
      vertex 4 0 3
    endloop
  endfacet
  facet normal 0 0 1
    outer loop
      vertex 0 4 3
      vertex 4 20 3
      vertex 3.68616 20.0123 3
    endloop
  endfacet
  facet normal 0 0 1
    outer loop
      vertex 4 0 3
      vertex 0 4 3
      vertex 3.68617 0.0123444 3
    endloop
  endfacet
  facet normal 0 0 1
    outer loop
      vertex 0 4 3
      vertex 3.68616 20.0123 3
      vertex 3.37426 20.0492 3
    endloop
  endfacet
  facet normal 0 0 1
    outer loop
      vertex 3.68617 0.0123444 3
      vertex 0 4 3
      vertex 3.37427 0.0492554 3
    endloop
  endfacet
  facet normal 0 0 1
    outer loop
      vertex 0 4 3
      vertex 3.37426 20.0492 3
      vertex 3.06622 20.1105 3
    endloop
  endfacet
  facet normal 0 0 1
    outer loop
      vertex 3.37427 0.0492554 3
      vertex 0 4 3
      vertex 3.06622 0.110535 3
    endloop
  endfacet
  facet normal 0 0 1
    outer loop
      vertex 0 4 3
      vertex 3.06622 20.1105 3
      vertex 2.76393 20.1958 3
    endloop
  endfacet
  facet normal 0 0 1
    outer loop
      vertex 3.06622 0.110535 3
      vertex 0 4 3
      vertex 2.76395 0.195786 3
    endloop
  endfacet
  facet normal 0 0 1
    outer loop
      vertex 0 4 3
      vertex 2.76393 20.1958 3
      vertex 2.46927 20.3045 3
    endloop
  endfacet
  facet normal 0 0 1
    outer loop
      vertex 2.76395 0.195786 3
      vertex 0 4 3
      vertex 2.46927 0.304489 3
    endloop
  endfacet
  facet normal 0 0 1
    outer loop
      vertex 0 4 3
      vertex 2.46927 20.3045 3
      vertex 2.18404 20.436 3
    endloop
  endfacet
  facet normal 0 0 1
    outer loop
      vertex 2.46927 0.304489 3
      vertex 0 4 3
      vertex 2.18405 0.435974 3
    endloop
  endfacet
  facet normal 0 0 1
    outer loop
      vertex 0 4 3
      vertex 2.18404 20.436 3
      vertex 1.91001 20.5894 3
    endloop
  endfacet
  facet normal 0 0 1
    outer loop
      vertex 2.18405 0.435974 3
      vertex 0 4 3
      vertex 1.91002 0.589447 3
    endloop
  endfacet
  facet normal 0 0 1
    outer loop
      vertex 0 4 3
      vertex 1.91001 20.5894 3
      vertex 1.64886 20.7639 3
    endloop
  endfacet
  facet normal 0 0 1
    outer loop
      vertex 1.91002 0.589447 3
      vertex 0 4 3
      vertex 1.64886 0.763947 3
    endloop
  endfacet
  facet normal 0 0 1
    outer loop
      vertex 0 4 3
      vertex 1.64886 20.7639 3
      vertex 1.40221 20.9584 3
    endloop
  endfacet
  facet normal 0 0 1
    outer loop
      vertex 1.64886 0.763947 3
      vertex 0 4 3
      vertex 1.40222 0.958389 3
    endloop
  endfacet
  facet normal 0 0 1
    outer loop
      vertex 0 4 3
      vertex 1.40221 20.9584 3
      vertex 1.17157 21.1716 3
    endloop
  endfacet
  facet normal 0 0 1
    outer loop
      vertex 1.40222 0.958389 3
      vertex 0 4 3
      vertex 1.17159 1.17159 3
    endloop
  endfacet
  facet normal 0 0 1
    outer loop
      vertex 0 4 3
      vertex 1.17157 21.1716 3
      vertex 0.958376 21.4022 3
    endloop
  endfacet
  facet normal 0 0 1
    outer loop
      vertex 1.17159 1.17159 3
      vertex 0 4 3
      vertex 0.958389 1.40222 3
    endloop
  endfacet
  facet normal 0 0 1
    outer loop
      vertex 0 4 3
      vertex 0.958376 21.4022 3
      vertex 0.763931 21.6489 3
    endloop
  endfacet
  facet normal 0 0 1
    outer loop
      vertex 0.958389 1.40222 3
      vertex 0 4 3
      vertex 0.763947 1.64886 3
    endloop
  endfacet
  facet normal 0 0 1
    outer loop
      vertex 0 4 3
      vertex 0.763931 21.6489 3
      vertex 0.589438 21.91 3
    endloop
  endfacet
  facet normal 0 0 1
    outer loop
      vertex 0.763947 1.64886 3
      vertex 0 4 3
      vertex 0.589447 1.91002 3
    endloop
  endfacet
  facet normal 0 0 1
    outer loop
      vertex 0 4 3
      vertex 0.589438 21.91 3
      vertex 0.435973 22.184 3
    endloop
  endfacet
  facet normal 0 0 1
    outer loop
      vertex 0.589447 1.91002 3
      vertex 0 4 3
      vertex 0.435974 2.18405 3
    endloop
  endfacet
  facet normal 0 0 1
    outer loop
      vertex 0 4 3
      vertex 0.435973 22.184 3
      vertex 0.304482 22.4693 3
    endloop
  endfacet
  facet normal 0 0 1
    outer loop
      vertex 0.435974 2.18405 3
      vertex 0 4 3
      vertex 0.304489 2.46927 3
    endloop
  endfacet
  facet normal 0 0 1
    outer loop
      vertex 0 4 3
      vertex 0.304482 22.4693 3
      vertex 0.195773 22.7639 3
    endloop
  endfacet
  facet normal 0 0 1
    outer loop
      vertex 0.304489 2.46927 3
      vertex 0 4 3
      vertex 0.195786 2.76395 3
    endloop
  endfacet
  facet normal 0 0 1
    outer loop
      vertex 0 4 3
      vertex 0.195773 22.7639 3
      vertex 0.110519 23.0662 3
    endloop
  endfacet
  facet normal 0 0 1
    outer loop
      vertex 0.195786 2.76395 3
      vertex 0 4 3
      vertex 0.110535 3.06622 3
    endloop
  endfacet
  facet normal 0 0 1
    outer loop
      vertex 0 4 3
      vertex 0.110519 23.0662 3
      vertex 0.0492458 23.3743 3
    endloop
  endfacet
  facet normal 0 0 1
    outer loop
      vertex 0.110535 3.06622 3
      vertex 0 4 3
      vertex 0.0492554 3.37427 3
    endloop
  endfacet
  facet normal 0 0 1
    outer loop
      vertex 0 4 3
      vertex 0.0492458 23.3743 3
      vertex 0.0123301 23.6862 3
    endloop
  endfacet
  facet normal 0 0 1
    outer loop
      vertex 0 4 3
      vertex 0.0123301 23.6862 3
      vertex 0 24 3
    endloop
  endfacet
  facet normal 0 0 1
    outer loop
      vertex 0.0492554 3.37427 3
      vertex 0 4 3
      vertex 0.0123444 3.68617 3
    endloop
  endfacet
  facet normal -0.619221 0.785217 0
    outer loop
      vertex 1.64886 47.2361 0
      vertex 1.40222 47.0416 3
      vertex 1.64886 47.2361 3
    endloop
  endfacet
  facet normal -0.619221 0.785217 0
    outer loop
      vertex 1.40222 47.0416 3
      vertex 1.64886 47.2361 0
      vertex 1.40222 47.0416 0
    endloop
  endfacet
  facet normal -0.346088 -0.938202 0
    outer loop
      vertex 2.46927 0.304489 0
      vertex 2.76395 0.195786 3
      vertex 2.46927 0.304489 3
    endloop
  endfacet
  facet normal -0.346088 -0.938202 -0
    outer loop
      vertex 2.76395 0.195786 3
      vertex 2.46927 0.304489 0
      vertex 2.76395 0.195786 0
    endloop
  endfacet
  facet normal 0.980837 0.19483 0
    outer loop
      vertex 35.9507 44.6257 3
      vertex 35.8895 44.9338 0
      vertex 35.8895 44.9338 3
    endloop
  endfacet
  facet normal 0.980837 0.19483 0
    outer loop
      vertex 35.8895 44.9338 0
      vertex 35.9507 44.6257 3
      vertex 35.9507 44.6257 0
    endloop
  endfacet
  facet normal -0.831472 -0.555567 0
    outer loop
      vertex 0.763947 1.64886 0
      vertex 0.589447 1.91002 3
      vertex 0.589447 1.91002 0
    endloop
  endfacet
  facet normal -0.831472 -0.555567 0
    outer loop
      vertex 0.589447 1.91002 3
      vertex 0.763947 1.64886 0
      vertex 0.763947 1.64886 3
    endloop
  endfacet
  facet normal 0.831413 0.555655 0
    outer loop
      vertex 35.4106 46.09 3
      vertex 35.2361 46.3511 0
      vertex 35.2361 46.3511 3
    endloop
  endfacet
  facet normal 0.831413 0.555655 0
    outer loop
      vertex 35.2361 46.3511 0
      vertex 35.4106 46.09 3
      vertex 35.4106 46.09 0
    endloop
  endfacet
  facet normal 0 0 -1
    outer loop
      vertex 32 0 0
      vertex 36 4 0
      vertex 35.9877 3.68617 0
    endloop
  endfacet
  facet normal 0 0 -1
    outer loop
      vertex 36 4 0
      vertex 33.7 24 0
      vertex 36 44 0
    endloop
  endfacet
  facet normal 0 0 -1
    outer loop
      vertex 32 0 0
      vertex 35.9877 3.68617 0
      vertex 35.9507 3.37427 0
    endloop
  endfacet
  facet normal 0 0 -1
    outer loop
      vertex 33.6948 24.1334 0
      vertex 36 44 0
      vertex 33.7 24 0
    endloop
  endfacet
  facet normal 0 0 -1
    outer loop
      vertex 32 0 0
      vertex 35.9507 3.37427 0
      vertex 35.8895 3.06622 0
    endloop
  endfacet
  facet normal 0 0 -1
    outer loop
      vertex 33.6791 24.2659 0
      vertex 36 44 0
      vertex 33.6948 24.1334 0
    endloop
  endfacet
  facet normal 0 0 -1
    outer loop
      vertex 32 0 0
      vertex 35.8895 3.06622 0
      vertex 35.8042 2.76395 0
    endloop
  endfacet
  facet normal 0 0 -1
    outer loop
      vertex 33.653 24.3969 0
      vertex 36 44 0
      vertex 33.6791 24.2659 0
    endloop
  endfacet
  facet normal 0 0 -1
    outer loop
      vertex 32 0 0
      vertex 35.8042 2.76395 0
      vertex 35.6955 2.46927 0
    endloop
  endfacet
  facet normal 0 0 -1
    outer loop
      vertex 33.6168 24.5253 0
      vertex 36 44 0
      vertex 33.653 24.3969 0
    endloop
  endfacet
  facet normal 0 0 -1
    outer loop
      vertex 32 0 0
      vertex 35.6955 2.46927 0
      vertex 35.564 2.18405 0
    endloop
  endfacet
  facet normal 0 0 -1
    outer loop
      vertex 33.5706 24.6506 0
      vertex 36 44 0
      vertex 33.6168 24.5253 0
    endloop
  endfacet
  facet normal 0 0 -1
    outer loop
      vertex 32 0 0
      vertex 35.564 2.18405 0
      vertex 35.4106 1.91002 0
    endloop
  endfacet
  facet normal 0 0 -1
    outer loop
      vertex 33.5147 24.7718 0
      vertex 36 44 0
      vertex 33.5706 24.6506 0
    endloop
  endfacet
  facet normal 0 0 -1
    outer loop
      vertex 32 0 0
      vertex 35.4106 1.91002 0
      vertex 35.2361 1.64886 0
    endloop
  endfacet
  facet normal 0 0 -1
    outer loop
      vertex 33.4495 24.8882 0
      vertex 36 44 0
      vertex 33.5147 24.7718 0
    endloop
  endfacet
  facet normal 0 0 -1
    outer loop
      vertex 32 0 0
      vertex 35.2361 1.64886 0
      vertex 35.0416 1.40222 0
    endloop
  endfacet
  facet normal 0 0 -1
    outer loop
      vertex 33.3753 24.9992 0
      vertex 36 44 0
      vertex 33.4495 24.8882 0
    endloop
  endfacet
  facet normal 0 0 -1
    outer loop
      vertex 32 0 0
      vertex 35.0416 1.40222 0
      vertex 34.8284 1.17159 0
    endloop
  endfacet
  facet normal 0 0 -1
    outer loop
      vertex 33.2927 25.1041 0
      vertex 36 44 0
      vertex 33.3753 24.9992 0
    endloop
  endfacet
  facet normal 0 0 -1
    outer loop
      vertex 32 0 0
      vertex 34.8284 1.17159 0
      vertex 34.5978 0.958389 0
    endloop
  endfacet
  facet normal 0 0 -1
    outer loop
      vertex 33.2021 25.2021 0
      vertex 36 44 0
      vertex 33.2927 25.1041 0
    endloop
  endfacet
  facet normal 0 0 -1
    outer loop
      vertex 32 0 0
      vertex 34.5978 0.958389 0
      vertex 34.3511 0.763947 0
    endloop
  endfacet
  facet normal 0 0 -1
    outer loop
      vertex 33.1041 25.2927 0
      vertex 36 44 0
      vertex 33.2021 25.2021 0
    endloop
  endfacet
  facet normal 0 0 -1
    outer loop
      vertex 32 0 0
      vertex 34.3511 0.763947 0
      vertex 34.09 0.589447 0
    endloop
  endfacet
  facet normal 0 0 -1
    outer loop
      vertex 32.9992 25.3753 0
      vertex 36 44 0
      vertex 33.1041 25.2927 0
    endloop
  endfacet
  facet normal 0 0 -1
    outer loop
      vertex 32 0 0
      vertex 34.09 0.589447 0
      vertex 33.8159 0.435974 0
    endloop
  endfacet
  facet normal 0 0 -1
    outer loop
      vertex 32.8882 25.4495 0
      vertex 36 44 0
      vertex 32.9992 25.3753 0
    endloop
  endfacet
  facet normal 0 0 -1
    outer loop
      vertex 32.7718 25.5147 0
      vertex 36 44 0
      vertex 32.8882 25.4495 0
    endloop
  endfacet
  facet normal 0 0 -1
    outer loop
      vertex 36 4 0
      vertex 33.6948 23.8666 0
      vertex 33.7 24 0
    endloop
  endfacet
  facet normal 0 0 -1
    outer loop
      vertex 36 4 0
      vertex 33.6791 23.7341 0
      vertex 33.6948 23.8666 0
    endloop
  endfacet
  facet normal 0 0 -1
    outer loop
      vertex 36 4 0
      vertex 33.653 23.6031 0
      vertex 33.6791 23.7341 0
    endloop
  endfacet
  facet normal 0 0 -1
    outer loop
      vertex 36 4 0
      vertex 33.6168 23.4747 0
      vertex 33.653 23.6031 0
    endloop
  endfacet
  facet normal 0 0 -1
    outer loop
      vertex 36 4 0
      vertex 33.5706 23.3494 0
      vertex 33.6168 23.4747 0
    endloop
  endfacet
  facet normal 0 0 -1
    outer loop
      vertex 32 0 0
      vertex 33.8159 0.435974 0
      vertex 33.5307 0.304489 0
    endloop
  endfacet
  facet normal 0 0 -1
    outer loop
      vertex 36 4 0
      vertex 33.5147 23.2282 0
      vertex 33.5706 23.3494 0
    endloop
  endfacet
  facet normal 0 0 -1
    outer loop
      vertex 36 4 0
      vertex 33.4495 23.1118 0
      vertex 33.5147 23.2282 0
    endloop
  endfacet
  facet normal 0 0 -1
    outer loop
      vertex 36 4 0
      vertex 33.3753 23.0008 0
      vertex 33.4495 23.1118 0
    endloop
  endfacet
  facet normal 0 0 -1
    outer loop
      vertex 36 4 0
      vertex 33.2927 22.8959 0
      vertex 33.3753 23.0008 0
    endloop
  endfacet
  facet normal 0 0 -1
    outer loop
      vertex 32 0 0
      vertex 33.5307 0.304489 0
      vertex 33.2361 0.195786 0
    endloop
  endfacet
  facet normal 0 0 -1
    outer loop
      vertex 36 4 0
      vertex 33.2021 22.7979 0
      vertex 33.2927 22.8959 0
    endloop
  endfacet
  facet normal 0 0 -1
    outer loop
      vertex 36 4 0
      vertex 33.1041 22.7073 0
      vertex 33.2021 22.7979 0
    endloop
  endfacet
  facet normal 0 0 -1
    outer loop
      vertex 36 4 0
      vertex 32.9992 22.6247 0
      vertex 33.1041 22.7073 0
    endloop
  endfacet
  facet normal 0 0 -1
    outer loop
      vertex 32 0 0
      vertex 33.2361 0.195786 0
      vertex 32.9338 0.110535 0
    endloop
  endfacet
  facet normal 0 0 -1
    outer loop
      vertex 36 4 0
      vertex 32.8882 22.5505 0
      vertex 32.9992 22.6247 0
    endloop
  endfacet
  facet normal 0 0 -1
    outer loop
      vertex 36 4 0
      vertex 32.7718 22.4853 0
      vertex 32.8882 22.5505 0
    endloop
  endfacet
  facet normal 0 0 -1
    outer loop
      vertex 36 4 0
      vertex 32.6506 22.4294 0
      vertex 32.7718 22.4853 0
    endloop
  endfacet
  facet normal 0 0 -1
    outer loop
      vertex 32 0 0
      vertex 32.9338 0.110535 0
      vertex 32.6257 0.0492554 0
    endloop
  endfacet
  facet normal 0 0 -1
    outer loop
      vertex 36 4 0
      vertex 32.5253 22.3832 0
      vertex 32.6506 22.4294 0
    endloop
  endfacet
  facet normal 0 0 -1
    outer loop
      vertex 36 4 0
      vertex 32.3969 22.347 0
      vertex 32.5253 22.3832 0
    endloop
  endfacet
  facet normal 0 0 -1
    outer loop
      vertex 32 0 0
      vertex 32.6257 0.0492554 0
      vertex 32.3138 0.0123444 0
    endloop
  endfacet
  facet normal 0 0 -1
    outer loop
      vertex 36 4 0
      vertex 32.2659 22.3209 0
      vertex 32.3969 22.347 0
    endloop
  endfacet
  facet normal 0 0 -1
    outer loop
      vertex 36 4 0
      vertex 32.1334 22.3052 0
      vertex 32.2659 22.3209 0
    endloop
  endfacet
  facet normal -0 0 -1
    outer loop
      vertex 36 4 0
      vertex 32 0 0
      vertex 31.2282 22.4853 0
    endloop
  endfacet
  facet normal 0 0 -1
    outer loop
      vertex 36 4 0
      vertex 32 22.3 0
      vertex 32.1334 22.3052 0
    endloop
  endfacet
  facet normal 0 0 -1
    outer loop
      vertex 36 4 0
      vertex 31.8666 22.3052 0
      vertex 32 22.3 0
    endloop
  endfacet
  facet normal 0 0 -1
    outer loop
      vertex 36 4 0
      vertex 31.7341 22.3209 0
      vertex 31.8666 22.3052 0
    endloop
  endfacet
  facet normal 0 0 -1
    outer loop
      vertex 36 4 0
      vertex 31.6031 22.347 0
      vertex 31.7341 22.3209 0
    endloop
  endfacet
  facet normal 0 0 -1
    outer loop
      vertex 36 4 0
      vertex 31.4747 22.3832 0
      vertex 31.6031 22.347 0
    endloop
  endfacet
  facet normal 0 0 -1
    outer loop
      vertex 36 4 0
      vertex 31.3494 22.4294 0
      vertex 31.4747 22.3832 0
    endloop
  endfacet
  facet normal 0 0 -1
    outer loop
      vertex 36 4 0
      vertex 31.2282 22.4853 0
      vertex 31.3494 22.4294 0
    endloop
  endfacet
  facet normal 0 0 -1
    outer loop
      vertex 32 0 0
      vertex 31.1118 22.5505 0
      vertex 31.2282 22.4853 0
    endloop
  endfacet
  facet normal 0 0 -1
    outer loop
      vertex 32 0 0
      vertex 31.0008 22.6247 0
      vertex 31.1118 22.5505 0
    endloop
  endfacet
  facet normal 0 0 -1
    outer loop
      vertex 32 0 0
      vertex 30.8959 22.7073 0
      vertex 31.0008 22.6247 0
    endloop
  endfacet
  facet normal 0 0 -1
    outer loop
      vertex 32 0 0
      vertex 30.7979 22.7979 0
      vertex 30.8959 22.7073 0
    endloop
  endfacet
  facet normal 0 0 -1
    outer loop
      vertex 5.20208 22.7979 0
      vertex 30.7979 22.7979 0
      vertex 32 0 0
    endloop
  endfacet
  facet normal 0 0 -1
    outer loop
      vertex 30.7979 22.7979 0
      vertex 5.20208 22.7979 0
      vertex 30.7073 22.8959 0
    endloop
  endfacet
  facet normal 0 -0 -1
    outer loop
      vertex 5.29269 22.8959 0
      vertex 30.7073 22.8959 0
      vertex 5.20208 22.7979 0
    endloop
  endfacet
  facet normal 0 0 -1
    outer loop
      vertex 30.7073 22.8959 0
      vertex 5.29269 22.8959 0
      vertex 30.6247 23.0008 0
    endloop
  endfacet
  facet normal 0 -0 -1
    outer loop
      vertex 5.37533 23.0008 0
      vertex 30.6247 23.0008 0
      vertex 5.29269 22.8959 0
    endloop
  endfacet
  facet normal 0 -0 -1
    outer loop
      vertex 5.44949 23.1118 0
      vertex 30.5505 23.1118 0
      vertex 5.37533 23.0008 0
    endloop
  endfacet
  facet normal 0 0 -1
    outer loop
      vertex 30.5505 23.1118 0
      vertex 5.44949 23.1118 0
      vertex 30.4853 23.2282 0
    endloop
  endfacet
  facet normal 0 -0 -1
    outer loop
      vertex 5.51471 23.2282 0
      vertex 30.4853 23.2282 0
      vertex 5.44949 23.1118 0
    endloop
  endfacet
  facet normal 0 0 -1
    outer loop
      vertex 30.4853 23.2282 0
      vertex 5.51471 23.2282 0
      vertex 30.4294 23.3494 0
    endloop
  endfacet
  facet normal 0 0 -1
    outer loop
      vertex 30.3052 23.8666 0
      vertex 5.7 24 0
      vertex 30.3 24 0
    endloop
  endfacet
  facet normal 0 -0 -1
    outer loop
      vertex 5.57059 23.3494 0
      vertex 30.4294 23.3494 0
      vertex 5.51471 23.2282 0
    endloop
  endfacet
  facet normal 0 0 -1
    outer loop
      vertex 30.3052 23.8666 0
      vertex 5.69476 23.8666 0
      vertex 5.7 24 0
    endloop
  endfacet
  facet normal -0 0 -1
    outer loop
      vertex 30.3052 23.8666 0
      vertex 5.67907 23.7341 0
      vertex 5.69476 23.8666 0
    endloop
  endfacet
  facet normal 0 0 -1
    outer loop
      vertex 30.3209 23.7341 0
      vertex 5.67907 23.7341 0
      vertex 30.3052 23.8666 0
    endloop
  endfacet
  facet normal 0 -0 -1
    outer loop
      vertex 5.67907 23.7341 0
      vertex 30.3209 23.7341 0
      vertex 5.65303 23.6031 0
    endloop
  endfacet
  facet normal 0 0 -1
    outer loop
      vertex 30.347 23.6031 0
      vertex 5.65303 23.6031 0
      vertex 30.3209 23.7341 0
    endloop
  endfacet
  facet normal 0 -0 -1
    outer loop
      vertex 5.65303 23.6031 0
      vertex 30.347 23.6031 0
      vertex 5.6168 23.4747 0
    endloop
  endfacet
  facet normal 0 0 -1
    outer loop
      vertex 30.3832 23.4747 0
      vertex 5.6168 23.4747 0
      vertex 30.347 23.6031 0
    endloop
  endfacet
  facet normal 0 -0 -1
    outer loop
      vertex 5.6168 23.4747 0
      vertex 30.3832 23.4747 0
      vertex 5.57059 23.3494 0
    endloop
  endfacet
  facet normal 0 0 -1
    outer loop
      vertex 30.4294 23.3494 0
      vertex 5.57059 23.3494 0
      vertex 30.3832 23.4747 0
    endloop
  endfacet
  facet normal 0 0 -1
    outer loop
      vertex 30.6247 23.0008 0
      vertex 5.37533 23.0008 0
      vertex 30.5505 23.1118 0
    endloop
  endfacet
  facet normal 0 0 -1
    outer loop
      vertex 4 0 0
      vertex 5.20208 22.7979 0
      vertex 32 0 0
    endloop
  endfacet
  facet normal 0 0 -1
    outer loop
      vertex 5.20208 22.7979 0
      vertex 4 0 0
      vertex 5.10406 22.7073 0
    endloop
  endfacet
  facet normal 0 0 -1
    outer loop
      vertex 5.10406 22.7073 0
      vertex 4 0 0
      vertex 4.99923 22.6247 0
    endloop
  endfacet
  facet normal 0 0 -1
    outer loop
      vertex 4.99923 22.6247 0
      vertex 4 0 0
      vertex 4.88825 22.5505 0
    endloop
  endfacet
  facet normal 0 0 -1
    outer loop
      vertex 4.88825 22.5505 0
      vertex 4 0 0
      vertex 4.77178 22.4853 0
    endloop
  endfacet
  facet normal 0 0 -1
    outer loop
      vertex 0 4 0
      vertex 4.77178 22.4853 0
      vertex 4 0 0
    endloop
  endfacet
  facet normal 0 0 -1
    outer loop
      vertex 4.77178 22.4853 0
      vertex 0 4 0
      vertex 4.65056 22.4294 0
    endloop
  endfacet
  facet normal 0 0 -1
    outer loop
      vertex 4.65056 22.4294 0
      vertex 0 4 0
      vertex 4.52533 22.3832 0
    endloop
  endfacet
  facet normal 0 0 -1
    outer loop
      vertex 4.52533 22.3832 0
      vertex 0 4 0
      vertex 4.39686 22.347 0
    endloop
  endfacet
  facet normal 0 0 -1
    outer loop
      vertex 4.39686 22.347 0
      vertex 0 4 0
      vertex 4.26594 22.3209 0
    endloop
  endfacet
  facet normal 0 0 -1
    outer loop
      vertex 4.26594 22.3209 0
      vertex 0 4 0
      vertex 4.13338 22.3052 0
    endloop
  endfacet
  facet normal 0 0 -1
    outer loop
      vertex 4.13338 22.3052 0
      vertex 0 4 0
      vertex 4 22.3 0
    endloop
  endfacet
  facet normal -0 0 -1
    outer loop
      vertex 4 22.3 0
      vertex 0 4 0
      vertex 3.86662 22.3052 0
    endloop
  endfacet
  facet normal 0 0 -1
    outer loop
      vertex 0 4 0
      vertex 4 0 0
      vertex 3.68617 0.0123444 0
    endloop
  endfacet
  facet normal -0 0 -1
    outer loop
      vertex 3.86662 22.3052 0
      vertex 0 4 0
      vertex 3.73406 22.3209 0
    endloop
  endfacet
  facet normal -0 0 -1
    outer loop
      vertex 3.73406 22.3209 0
      vertex 0 4 0
      vertex 3.60314 22.347 0
    endloop
  endfacet
  facet normal 0 0 -1
    outer loop
      vertex 0 4 0
      vertex 3.68617 0.0123444 0
      vertex 3.37427 0.0492554 0
    endloop
  endfacet
  facet normal -0 0 -1
    outer loop
      vertex 3.60314 22.347 0
      vertex 0 4 0
      vertex 3.47467 22.3832 0
    endloop
  endfacet
  facet normal -0 0 -1
    outer loop
      vertex 3.47467 22.3832 0
      vertex 0 4 0
      vertex 3.34944 22.4294 0
    endloop
  endfacet
  facet normal -0 0 -1
    outer loop
      vertex 3.34944 22.4294 0
      vertex 0 4 0
      vertex 3.22822 22.4853 0
    endloop
  endfacet
  facet normal 0 0 -1
    outer loop
      vertex 0 4 0
      vertex 3.37427 0.0492554 0
      vertex 3.06622 0.110535 0
    endloop
  endfacet
  facet normal -0 0 -1
    outer loop
      vertex 3.22822 22.4853 0
      vertex 0 4 0
      vertex 3.11175 22.5505 0
    endloop
  endfacet
  facet normal -0 0 -1
    outer loop
      vertex 3.11175 22.5505 0
      vertex 0 4 0
      vertex 3.00076 22.6247 0
    endloop
  endfacet
  facet normal -0 0 -1
    outer loop
      vertex 3.00076 22.6247 0
      vertex 0 4 0
      vertex 2.89594 22.7073 0
    endloop
  endfacet
  facet normal 0 0 -1
    outer loop
      vertex 0 4 0
      vertex 3.06622 0.110535 0
      vertex 2.76395 0.195786 0
    endloop
  endfacet
  facet normal -0 0 -1
    outer loop
      vertex 2.89594 22.7073 0
      vertex 0 4 0
      vertex 2.79792 22.7979 0
    endloop
  endfacet
  facet normal -0 0 -1
    outer loop
      vertex 2.79792 22.7979 0
      vertex 0 4 0
      vertex 2.70731 22.8959 0
    endloop
  endfacet
  facet normal -0 0 -1
    outer loop
      vertex 2.70731 22.8959 0
      vertex 0 4 0
      vertex 2.62467 23.0008 0
    endloop
  endfacet
  facet normal -0 0 -1
    outer loop
      vertex 2.62467 23.0008 0
      vertex 0 4 0
      vertex 2.55051 23.1118 0
    endloop
  endfacet
  facet normal 0 0 -1
    outer loop
      vertex 0 4 0
      vertex 2.76395 0.195786 0
      vertex 2.46927 0.304489 0
    endloop
  endfacet
  facet normal -0 0 -1
    outer loop
      vertex 2.55051 23.1118 0
      vertex 0 4 0
      vertex 2.48529 23.2282 0
    endloop
  endfacet
  facet normal -0 0 -1
    outer loop
      vertex 2.48529 23.2282 0
      vertex 0 4 0
      vertex 2.4294 23.3494 0
    endloop
  endfacet
  facet normal -0 0 -1
    outer loop
      vertex 2.4294 23.3494 0
      vertex 0 4 0
      vertex 2.3832 23.4747 0
    endloop
  endfacet
  facet normal -0 0 -1
    outer loop
      vertex 2.3832 23.4747 0
      vertex 0 4 0
      vertex 2.34697 23.6031 0
    endloop
  endfacet
  facet normal -0 0 -1
    outer loop
      vertex 2.34697 23.6031 0
      vertex 0 4 0
      vertex 2.32093 23.7341 0
    endloop
  endfacet
  facet normal -0 0 -1
    outer loop
      vertex 2.32093 23.7341 0
      vertex 0 4 0
      vertex 2.30524 23.8666 0
    endloop
  endfacet
  facet normal 0 0 -1
    outer loop
      vertex 0 4 0
      vertex 2.46927 0.304489 0
      vertex 2.18405 0.435974 0
    endloop
  endfacet
  facet normal 0 0 -1
    outer loop
      vertex 32.6506 25.5706 0
      vertex 36 44 0
      vertex 32.7718 25.5147 0
    endloop
  endfacet
  facet normal 0 0 -1
    outer loop
      vertex 32.5253 25.6168 0
      vertex 36 44 0
      vertex 32.6506 25.5706 0
    endloop
  endfacet
  facet normal 0 0 -1
    outer loop
      vertex 32.3969 25.653 0
      vertex 36 44 0
      vertex 32.5253 25.6168 0
    endloop
  endfacet
  facet normal 0 0 -1
    outer loop
      vertex 32.2659 25.6791 0
      vertex 36 44 0
      vertex 32.3969 25.653 0
    endloop
  endfacet
  facet normal 0 0 -1
    outer loop
      vertex 32.1334 25.6948 0
      vertex 36 44 0
      vertex 32.2659 25.6791 0
    endloop
  endfacet
  facet normal 0 0 -1
    outer loop
      vertex 32 25.7 0
      vertex 36 44 0
      vertex 32.1334 25.6948 0
    endloop
  endfacet
  facet normal 0 0 -1
    outer loop
      vertex 31.8666 25.6948 0
      vertex 36 44 0
      vertex 32 25.7 0
    endloop
  endfacet
  facet normal 0 0 -1
    outer loop
      vertex 31.7341 25.6791 0
      vertex 36 44 0
      vertex 31.8666 25.6948 0
    endloop
  endfacet
  facet normal 0 0 -1
    outer loop
      vertex 31.6031 25.653 0
      vertex 36 44 0
      vertex 31.7341 25.6791 0
    endloop
  endfacet
  facet normal 0 0 -1
    outer loop
      vertex 31.4747 25.6168 0
      vertex 36 44 0
      vertex 31.6031 25.653 0
    endloop
  endfacet
  facet normal 0 0 -1
    outer loop
      vertex 31.3494 25.5706 0
      vertex 36 44 0
      vertex 31.4747 25.6168 0
    endloop
  endfacet
  facet normal 0 0 -1
    outer loop
      vertex 31.2282 25.5147 0
      vertex 36 44 0
      vertex 31.3494 25.5706 0
    endloop
  endfacet
  facet normal 0 -0 -1
    outer loop
      vertex 32 48 0
      vertex 36 44 0
      vertex 31.2282 25.5147 0
    endloop
  endfacet
  facet normal 0 0 -1
    outer loop
      vertex 35.9877 44.3138 0
      vertex 32 48 0
      vertex 35.9507 44.6257 0
    endloop
  endfacet
  facet normal 0 0 -1
    outer loop
      vertex 35.9507 44.6257 0
      vertex 32 48 0
      vertex 35.8895 44.9338 0
    endloop
  endfacet
  facet normal 0 0 -1
    outer loop
      vertex 35.8042 45.2361 0
      vertex 32 48 0
      vertex 35.6955 45.5307 0
    endloop
  endfacet
  facet normal 0 0 -1
    outer loop
      vertex 35.6955 45.5307 0
      vertex 32 48 0
      vertex 35.564 45.8159 0
    endloop
  endfacet
  facet normal 0 0 -1
    outer loop
      vertex 35.4106 46.09 0
      vertex 32 48 0
      vertex 35.2361 46.3511 0
    endloop
  endfacet
  facet normal 0 0 -1
    outer loop
      vertex 35.2361 46.3511 0
      vertex 32 48 0
      vertex 35.0416 46.5978 0
    endloop
  endfacet
  facet normal 0 0 -1
    outer loop
      vertex 34.8284 46.8284 0
      vertex 32 48 0
      vertex 34.5978 47.0416 0
    endloop
  endfacet
  facet normal 0 0 -1
    outer loop
      vertex 34.5978 47.0416 0
      vertex 32 48 0
      vertex 34.3511 47.2361 0
    endloop
  endfacet
  facet normal 0 0 -1
    outer loop
      vertex 34.3511 47.2361 0
      vertex 32 48 0
      vertex 34.09 47.4106 0
    endloop
  endfacet
  facet normal 0 0 -1
    outer loop
      vertex 33.8159 47.564 0
      vertex 32 48 0
      vertex 33.5307 47.6955 0
    endloop
  endfacet
  facet normal 0 0 -1
    outer loop
      vertex 33.5307 47.6955 0
      vertex 32 48 0
      vertex 33.2361 47.8042 0
    endloop
  endfacet
  facet normal 0 0 -1
    outer loop
      vertex 32.9338 47.8895 0
      vertex 32 48 0
      vertex 32.6257 47.9507 0
    endloop
  endfacet
  facet normal 0 0 -1
    outer loop
      vertex 32.6257 47.9507 0
      vertex 32 48 0
      vertex 32.3138 47.9877 0
    endloop
  endfacet
  facet normal 0 0 -1
    outer loop
      vertex 33.2361 47.8042 0
      vertex 32 48 0
      vertex 32.9338 47.8895 0
    endloop
  endfacet
  facet normal 0 0 -1
    outer loop
      vertex 34.09 47.4106 0
      vertex 32 48 0
      vertex 33.8159 47.564 0
    endloop
  endfacet
  facet normal 0 0 -1
    outer loop
      vertex 35.0416 46.5978 0
      vertex 32 48 0
      vertex 34.8284 46.8284 0
    endloop
  endfacet
  facet normal 0 0 -1
    outer loop
      vertex 35.564 45.8159 0
      vertex 32 48 0
      vertex 35.4106 46.09 0
    endloop
  endfacet
  facet normal 0 0 -1
    outer loop
      vertex 35.8895 44.9338 0
      vertex 32 48 0
      vertex 35.8042 45.2361 0
    endloop
  endfacet
  facet normal 0 0 -1
    outer loop
      vertex 36 44 0
      vertex 32 48 0
      vertex 35.9877 44.3138 0
    endloop
  endfacet
  facet normal 0 0 -1
    outer loop
      vertex 31.1118 25.4495 0
      vertex 32 48 0
      vertex 31.2282 25.5147 0
    endloop
  endfacet
  facet normal 0 0 -1
    outer loop
      vertex 31.0008 25.3753 0
      vertex 32 48 0
      vertex 31.1118 25.4495 0
    endloop
  endfacet
  facet normal 0 0 -1
    outer loop
      vertex 30.8959 25.2927 0
      vertex 32 48 0
      vertex 31.0008 25.3753 0
    endloop
  endfacet
  facet normal 0 0 -1
    outer loop
      vertex 30.7979 25.2021 0
      vertex 32 48 0
      vertex 30.8959 25.2927 0
    endloop
  endfacet
  facet normal 0 0 -1
    outer loop
      vertex 5.20208 25.2021 0
      vertex 30.7979 25.2021 0
      vertex 30.7073 25.1041 0
    endloop
  endfacet
  facet normal 0 0 -1
    outer loop
      vertex 5.29269 25.1041 0
      vertex 30.7073 25.1041 0
      vertex 30.6247 24.9992 0
    endloop
  endfacet
  facet normal 0 0 -1
    outer loop
      vertex 5.37533 24.9992 0
      vertex 30.6247 24.9992 0
      vertex 30.5505 24.8882 0
    endloop
  endfacet
  facet normal 0 0 -1
    outer loop
      vertex 5.44949 24.8882 0
      vertex 30.5505 24.8882 0
      vertex 30.4853 24.7718 0
    endloop
  endfacet
  facet normal 0 0 -1
    outer loop
      vertex 5.51471 24.7718 0
      vertex 30.4853 24.7718 0
      vertex 30.4294 24.6506 0
    endloop
  endfacet
  facet normal 0 0 -1
    outer loop
      vertex 5.57059 24.6506 0
      vertex 30.4294 24.6506 0
      vertex 30.3832 24.5253 0
    endloop
  endfacet
  facet normal 0 0 -1
    outer loop
      vertex 5.6168 24.5253 0
      vertex 30.3832 24.5253 0
      vertex 30.347 24.3969 0
    endloop
  endfacet
  facet normal 0 0 -1
    outer loop
      vertex 5.65303 24.3969 0
      vertex 30.347 24.3969 0
      vertex 30.3209 24.2659 0
    endloop
  endfacet
  facet normal 0 0 -1
    outer loop
      vertex 5.67907 24.2659 0
      vertex 30.3209 24.2659 0
      vertex 30.3052 24.1334 0
    endloop
  endfacet
  facet normal 0 0 -1
    outer loop
      vertex 5.7 24 0
      vertex 30.3052 24.1334 0
      vertex 30.3 24 0
    endloop
  endfacet
  facet normal 0 0 -1
    outer loop
      vertex 5.69476 24.1334 0
      vertex 30.3052 24.1334 0
      vertex 5.7 24 0
    endloop
  endfacet
  facet normal 0 0 -1
    outer loop
      vertex 5.67907 24.2659 0
      vertex 30.3052 24.1334 0
      vertex 5.69476 24.1334 0
    endloop
  endfacet
  facet normal 0 0 -1
    outer loop
      vertex 30.3209 24.2659 0
      vertex 5.67907 24.2659 0
      vertex 5.65303 24.3969 0
    endloop
  endfacet
  facet normal 0 0 -1
    outer loop
      vertex 30.347 24.3969 0
      vertex 5.65303 24.3969 0
      vertex 5.6168 24.5253 0
    endloop
  endfacet
  facet normal 0 0 -1
    outer loop
      vertex 30.3832 24.5253 0
      vertex 5.6168 24.5253 0
      vertex 5.57059 24.6506 0
    endloop
  endfacet
  facet normal 0 0 -1
    outer loop
      vertex 30.4294 24.6506 0
      vertex 5.57059 24.6506 0
      vertex 5.51471 24.7718 0
    endloop
  endfacet
  facet normal 0 0 -1
    outer loop
      vertex 30.4853 24.7718 0
      vertex 5.51471 24.7718 0
      vertex 5.44949 24.8882 0
    endloop
  endfacet
  facet normal 0 0 -1
    outer loop
      vertex 30.5505 24.8882 0
      vertex 5.44949 24.8882 0
      vertex 5.37533 24.9992 0
    endloop
  endfacet
  facet normal 0 0 -1
    outer loop
      vertex 30.6247 24.9992 0
      vertex 5.37533 24.9992 0
      vertex 5.29269 25.1041 0
    endloop
  endfacet
  facet normal 0 0 -1
    outer loop
      vertex 30.7073 25.1041 0
      vertex 5.29269 25.1041 0
      vertex 5.20208 25.2021 0
    endloop
  endfacet
  facet normal 0 0 -1
    outer loop
      vertex 30.7979 25.2021 0
      vertex 5.20208 25.2021 0
      vertex 32 48 0
    endloop
  endfacet
  facet normal 0 0 -1
    outer loop
      vertex 4 48 0
      vertex 5.20208 25.2021 0
      vertex 5.10406 25.2927 0
    endloop
  endfacet
  facet normal 0 0 -1
    outer loop
      vertex 4 48 0
      vertex 5.10406 25.2927 0
      vertex 4.99923 25.3753 0
    endloop
  endfacet
  facet normal 0 0 -1
    outer loop
      vertex 4 48 0
      vertex 4.99923 25.3753 0
      vertex 4.88825 25.4495 0
    endloop
  endfacet
  facet normal 0 0 -1
    outer loop
      vertex 4 48 0
      vertex 4.88825 25.4495 0
      vertex 4.77178 25.5147 0
    endloop
  endfacet
  facet normal 0 0 -1
    outer loop
      vertex 0 44 0
      vertex 4.77178 25.5147 0
      vertex 4.65056 25.5706 0
    endloop
  endfacet
  facet normal 0 0 -1
    outer loop
      vertex 0 44 0
      vertex 4.65056 25.5706 0
      vertex 4.52533 25.6168 0
    endloop
  endfacet
  facet normal 0 0 -1
    outer loop
      vertex 0 44 0
      vertex 4.52533 25.6168 0
      vertex 4.39686 25.653 0
    endloop
  endfacet
  facet normal 0 0 -1
    outer loop
      vertex 0 44 0
      vertex 4.39686 25.653 0
      vertex 4.26594 25.6791 0
    endloop
  endfacet
  facet normal 0 0 -1
    outer loop
      vertex 0 44 0
      vertex 4.26594 25.6791 0
      vertex 4.13338 25.6948 0
    endloop
  endfacet
  facet normal 0 0 -1
    outer loop
      vertex 0 44 0
      vertex 4.13338 25.6948 0
      vertex 4 25.7 0
    endloop
  endfacet
  facet normal 0 0 -1
    outer loop
      vertex 5.20208 25.2021 0
      vertex 4 48 0
      vertex 32 48 0
    endloop
  endfacet
  facet normal 0 0 -1
    outer loop
      vertex 0 44 0
      vertex 4 25.7 0
      vertex 3.86662 25.6948 0
    endloop
  endfacet
  facet normal 0 0 -1
    outer loop
      vertex 0 44 0
      vertex 3.86662 25.6948 0
      vertex 3.73406 25.6791 0
    endloop
  endfacet
  facet normal 0 0 -1
    outer loop
      vertex 4.77178 25.5147 0
      vertex 0 44 0
      vertex 4 48 0
    endloop
  endfacet
  facet normal 0 0 -1
    outer loop
      vertex 0 44 0
      vertex 3.73406 25.6791 0
      vertex 3.60314 25.653 0
    endloop
  endfacet
  facet normal 0 0 -1
    outer loop
      vertex 0 44 0
      vertex 3.60314 25.653 0
      vertex 3.47467 25.6168 0
    endloop
  endfacet
  facet normal 0 0 -1
    outer loop
      vertex 4 48 0
      vertex 0 44 0
      vertex 3.68617 47.9877 0
    endloop
  endfacet
  facet normal 0 0 -1
    outer loop
      vertex 0 44 0
      vertex 3.47467 25.6168 0
      vertex 3.34944 25.5706 0
    endloop
  endfacet
  facet normal 0 0 -1
    outer loop
      vertex 0 44 0
      vertex 3.34944 25.5706 0
      vertex 3.22822 25.5147 0
    endloop
  endfacet
  facet normal 0 0 -1
    outer loop
      vertex 0 44 0
      vertex 3.22822 25.5147 0
      vertex 3.11175 25.4495 0
    endloop
  endfacet
  facet normal 0 0 -1
    outer loop
      vertex 3.68617 47.9877 0
      vertex 0 44 0
      vertex 3.37427 47.9507 0
    endloop
  endfacet
  facet normal 0 0 -1
    outer loop
      vertex 0 44 0
      vertex 3.11175 25.4495 0
      vertex 3.00076 25.3753 0
    endloop
  endfacet
  facet normal 0 0 -1
    outer loop
      vertex 0 44 0
      vertex 3.00076 25.3753 0
      vertex 2.89594 25.2927 0
    endloop
  endfacet
  facet normal 0 0 -1
    outer loop
      vertex 0 44 0
      vertex 2.89594 25.2927 0
      vertex 2.79792 25.2021 0
    endloop
  endfacet
  facet normal 0 0 -1
    outer loop
      vertex 3.37427 47.9507 0
      vertex 0 44 0
      vertex 3.06622 47.8895 0
    endloop
  endfacet
  facet normal 0 0 -1
    outer loop
      vertex 0 44 0
      vertex 2.79792 25.2021 0
      vertex 2.70731 25.1041 0
    endloop
  endfacet
  facet normal 0 0 -1
    outer loop
      vertex 0 44 0
      vertex 2.70731 25.1041 0
      vertex 2.62467 24.9992 0
    endloop
  endfacet
  facet normal 0 0 -1
    outer loop
      vertex 0 44 0
      vertex 2.62467 24.9992 0
      vertex 2.55051 24.8882 0
    endloop
  endfacet
  facet normal 0 0 -1
    outer loop
      vertex 0 44 0
      vertex 2.55051 24.8882 0
      vertex 2.48529 24.7718 0
    endloop
  endfacet
  facet normal 0 0 -1
    outer loop
      vertex 3.06622 47.8895 0
      vertex 0 44 0
      vertex 2.76395 47.8042 0
    endloop
  endfacet
  facet normal 0 0 -1
    outer loop
      vertex 0 44 0
      vertex 2.48529 24.7718 0
      vertex 2.4294 24.6506 0
    endloop
  endfacet
  facet normal 0 0 -1
    outer loop
      vertex 0 44 0
      vertex 2.4294 24.6506 0
      vertex 2.3832 24.5253 0
    endloop
  endfacet
  facet normal 0 0 -1
    outer loop
      vertex 0 44 0
      vertex 2.3832 24.5253 0
      vertex 2.34697 24.3969 0
    endloop
  endfacet
  facet normal 0 0 -1
    outer loop
      vertex 0 44 0
      vertex 2.34697 24.3969 0
      vertex 2.32093 24.2659 0
    endloop
  endfacet
  facet normal 0 0 -1
    outer loop
      vertex 0 44 0
      vertex 2.32093 24.2659 0
      vertex 2.30524 24.1334 0
    endloop
  endfacet
  facet normal 0 0 -1
    outer loop
      vertex 0 44 0
      vertex 2.30524 24.1334 0
      vertex 2.3 24 0
    endloop
  endfacet
  facet normal 0 0 -1
    outer loop
      vertex 2.76395 47.8042 0
      vertex 0 44 0
      vertex 2.46927 47.6955 0
    endloop
  endfacet
  facet normal -0 0 -1
    outer loop
      vertex 2.30524 23.8666 0
      vertex 0 4 0
      vertex 2.3 24 0
    endloop
  endfacet
  facet normal 0 0 -1
    outer loop
      vertex 0 4 0
      vertex 2.18405 0.435974 0
      vertex 1.91002 0.589447 0
    endloop
  endfacet
  facet normal 0 0 -1
    outer loop
      vertex 0 44 0
      vertex 2.3 24 0
      vertex 0 4 0
    endloop
  endfacet
  facet normal 0 0 -1
    outer loop
      vertex 0 4 0
      vertex 1.91002 0.589447 0
      vertex 1.64886 0.763947 0
    endloop
  endfacet
  facet normal 0 0 -1
    outer loop
      vertex 2.46927 47.6955 0
      vertex 0 44 0
      vertex 2.18405 47.564 0
    endloop
  endfacet
  facet normal 0 0 -1
    outer loop
      vertex 0 4 0
      vertex 1.64886 0.763947 0
      vertex 1.40222 0.958389 0
    endloop
  endfacet
  facet normal 0 0 -1
    outer loop
      vertex 2.18405 47.564 0
      vertex 0 44 0
      vertex 1.91002 47.4106 0
    endloop
  endfacet
  facet normal 0 0 -1
    outer loop
      vertex 0 4 0
      vertex 1.40222 0.958389 0
      vertex 1.17159 1.17159 0
    endloop
  endfacet
  facet normal 0 0 -1
    outer loop
      vertex 1.91002 47.4106 0
      vertex 0 44 0
      vertex 1.64886 47.2361 0
    endloop
  endfacet
  facet normal 0 0 -1
    outer loop
      vertex 0 4 0
      vertex 1.17159 1.17159 0
      vertex 0.958389 1.40222 0
    endloop
  endfacet
  facet normal 0 0 -1
    outer loop
      vertex 1.64886 47.2361 0
      vertex 0 44 0
      vertex 1.40222 47.0416 0
    endloop
  endfacet
  facet normal 0 0 -1
    outer loop
      vertex 0 4 0
      vertex 0.958389 1.40222 0
      vertex 0.763947 1.64886 0
    endloop
  endfacet
  facet normal 0 0 -1
    outer loop
      vertex 1.40222 47.0416 0
      vertex 0 44 0
      vertex 1.17159 46.8284 0
    endloop
  endfacet
  facet normal 0 0 -1
    outer loop
      vertex 0 4 0
      vertex 0.763947 1.64886 0
      vertex 0.589447 1.91002 0
    endloop
  endfacet
  facet normal 0 0 -1
    outer loop
      vertex 1.17159 46.8284 0
      vertex 0 44 0
      vertex 0.958389 46.5978 0
    endloop
  endfacet
  facet normal 0 0 -1
    outer loop
      vertex 0 4 0
      vertex 0.589447 1.91002 0
      vertex 0.435974 2.18405 0
    endloop
  endfacet
  facet normal 0 0 -1
    outer loop
      vertex 0.958389 46.5978 0
      vertex 0 44 0
      vertex 0.763947 46.3511 0
    endloop
  endfacet
  facet normal 0 0 -1
    outer loop
      vertex 0 4 0
      vertex 0.435974 2.18405 0
      vertex 0.304489 2.46927 0
    endloop
  endfacet
  facet normal 0 0 -1
    outer loop
      vertex 0.763947 46.3511 0
      vertex 0 44 0
      vertex 0.589447 46.09 0
    endloop
  endfacet
  facet normal 0 0 -1
    outer loop
      vertex 0 4 0
      vertex 0.304489 2.46927 0
      vertex 0.195786 2.76395 0
    endloop
  endfacet
  facet normal 0 0 -1
    outer loop
      vertex 0.589447 46.09 0
      vertex 0 44 0
      vertex 0.435974 45.8159 0
    endloop
  endfacet
  facet normal 0 0 -1
    outer loop
      vertex 0 4 0
      vertex 0.195786 2.76395 0
      vertex 0.110535 3.06622 0
    endloop
  endfacet
  facet normal 0 0 -1
    outer loop
      vertex 0.435974 45.8159 0
      vertex 0 44 0
      vertex 0.304489 45.5307 0
    endloop
  endfacet
  facet normal 0 0 -1
    outer loop
      vertex 0 4 0
      vertex 0.110535 3.06622 0
      vertex 0.0492554 3.37427 0
    endloop
  endfacet
  facet normal 0 0 -1
    outer loop
      vertex 0.304489 45.5307 0
      vertex 0 44 0
      vertex 0.195786 45.2361 0
    endloop
  endfacet
  facet normal 0 0 -1
    outer loop
      vertex 0 4 0
      vertex 0.0492554 3.37427 0
      vertex 0.0123444 3.68617 0
    endloop
  endfacet
  facet normal 0 0 -1
    outer loop
      vertex 0.195786 45.2361 0
      vertex 0 44 0
      vertex 0.110535 44.9338 0
    endloop
  endfacet
  facet normal 0 0 -1
    outer loop
      vertex 0.110535 44.9338 0
      vertex 0 44 0
      vertex 0.0492554 44.6257 0
    endloop
  endfacet
  facet normal 0 0 -1
    outer loop
      vertex 0.0492554 44.6257 0
      vertex 0 44 0
      vertex 0.0123444 44.3138 0
    endloop
  endfacet
  facet normal -0.962454 -0.271446 0
    outer loop
      vertex 0.195786 2.76395 0
      vertex 0.110535 3.06622 3
      vertex 0.110535 3.06622 0
    endloop
  endfacet
  facet normal -0.962454 -0.271446 0
    outer loop
      vertex 0.110535 3.06622 3
      vertex 0.195786 2.76395 0
      vertex 0.195786 2.76395 3
    endloop
  endfacet
  facet normal 0.678862 0.734266 -0
    outer loop
      vertex 34.8284 46.8284 0
      vertex 34.5978 47.0416 3
      vertex 34.8284 46.8284 3
    endloop
  endfacet
  facet normal 0.678862 0.734266 0
    outer loop
      vertex 34.5978 47.0416 3
      vertex 34.8284 46.8284 0
      vertex 34.5978 47.0416 0
    endloop
  endfacet
  facet normal -0.993062 -0.117594 0
    outer loop
      vertex 5.69476 24.1334 0
      vertex 5.67907 24.2659 11.4
      vertex 5.67907 24.2659 0
    endloop
  endfacet
  facet normal -0.993062 -0.117594 0
    outer loop
      vertex 5.67907 24.2659 11.4
      vertex 5.69476 24.1334 0
      vertex 5.69476 24.1334 11.4
    endloop
  endfacet
  facet normal -0.999229 -0.0392501 0
    outer loop
      vertex 5.7 24 0
      vertex 5.69476 24.1334 11.4
      vertex 5.69476 24.1334 0
    endloop
  endfacet
  facet normal -0.999229 -0.0392501 0
    outer loop
      vertex 5.69476 24.1334 11.4
      vertex 5.7 24 0
      vertex 5.7 24 11.4
    endloop
  endfacet
  facet normal -0.98081 -0.194964 0
    outer loop
      vertex 5.67907 24.2659 0
      vertex 5.65303 24.3969 11.4
      vertex 5.65303 24.3969 0
    endloop
  endfacet
  facet normal -0.98081 -0.194964 0
    outer loop
      vertex 5.65303 24.3969 11.4
      vertex 5.67907 24.2659 0
      vertex 5.67907 24.2659 11.4
    endloop
  endfacet
  facet normal -0.962421 -0.271562 0
    outer loop
      vertex 5.65303 24.3969 0
      vertex 5.6168 24.5253 11.4
      vertex 5.6168 24.5253 0
    endloop
  endfacet
  facet normal -0.962421 -0.271562 0
    outer loop
      vertex 5.6168 24.5253 11.4
      vertex 5.65303 24.3969 0
      vertex 5.65303 24.3969 11.4
    endloop
  endfacet
  facet normal 0.993062 -0.117594 0
    outer loop
      vertex 2.30524 24.1334 11.4
      vertex 2.32093 24.2659 0
      vertex 2.32093 24.2659 11.4
    endloop
  endfacet
  facet normal 0.993062 -0.117594 0
    outer loop
      vertex 2.32093 24.2659 0
      vertex 2.30524 24.1334 11.4
      vertex 2.30524 24.1334 0
    endloop
  endfacet
  facet normal 0.785523 0.618833 0
    outer loop
      vertex 2.70731 22.8959 11.4
      vertex 2.62467 23.0008 0
      vertex 2.62467 23.0008 11.4
    endloop
  endfacet
  facet normal 0.785523 0.618833 0
    outer loop
      vertex 2.62467 23.0008 0
      vertex 2.70731 22.8959 11.4
      vertex 2.70731 22.8959 0
    endloop
  endfacet
  facet normal -0.938229 0.346014 0
    outer loop
      vertex 5.57059 23.3494 0
      vertex 5.6168 23.4747 11.4
      vertex 5.6168 23.4747 0
    endloop
  endfacet
  facet normal -0.938229 0.346014 0
    outer loop
      vertex 5.6168 23.4747 11.4
      vertex 5.57059 23.3494 0
      vertex 5.57059 23.3494 11.4
    endloop
  endfacet
  facet normal -0.555806 -0.831312 0
    outer loop
      vertex 4.88825 25.4495 0
      vertex 4.99923 25.3753 11.4
      vertex 4.88825 25.4495 11.4
    endloop
  endfacet
  facet normal -0.555806 -0.831312 -0
    outer loop
      vertex 4.99923 25.3753 11.4
      vertex 4.88825 25.4495 0
      vertex 4.99923 25.3753 0
    endloop
  endfacet
  facet normal -0.999229 0.0392501 0
    outer loop
      vertex 5.69476 23.8666 0
      vertex 5.7 24 11.4
      vertex 5.7 24 0
    endloop
  endfacet
  facet normal -0.999229 0.0392501 0
    outer loop
      vertex 5.7 24 11.4
      vertex 5.69476 23.8666 0
      vertex 5.69476 23.8666 11.4
    endloop
  endfacet
  facet normal -0.346118 -0.938191 0
    outer loop
      vertex 4.52533 25.6168 0
      vertex 4.65056 25.5706 11.4
      vertex 4.52533 25.6168 11.4
    endloop
  endfacet
  facet normal -0.346118 -0.938191 -0
    outer loop
      vertex 4.65056 25.5706 11.4
      vertex 4.52533 25.6168 0
      vertex 4.65056 25.5706 0
    endloop
  endfacet
  facet normal 0.98081 -0.194964 0
    outer loop
      vertex 2.32093 24.2659 11.4
      vertex 2.34697 24.3969 0
      vertex 2.34697 24.3969 11.4
    endloop
  endfacet
  facet normal 0.98081 -0.194964 0
    outer loop
      vertex 2.34697 24.3969 0
      vertex 2.32093 24.2659 11.4
      vertex 2.32093 24.2659 0
    endloop
  endfacet
  facet normal -0.0389568 -0.999241 0
    outer loop
      vertex 4 25.7 0
      vertex 4.13338 25.6948 11.4
      vertex 4 25.7 11.4
    endloop
  endfacet
  facet normal -0.0389568 -0.999241 -0
    outer loop
      vertex 4.13338 25.6948 11.4
      vertex 4 25.7 0
      vertex 4.13338 25.6948 0
    endloop
  endfacet
  facet normal -0.418764 0.908095 0
    outer loop
      vertex 4.77178 22.4853 0
      vertex 4.65056 22.4294 11.4
      vertex 4.77178 22.4853 11.4
    endloop
  endfacet
  facet normal -0.418764 0.908095 0
    outer loop
      vertex 4.65056 22.4294 11.4
      vertex 4.77178 22.4853 0
      vertex 4.65056 22.4294 0
    endloop
  endfacet
  facet normal 0.831497 0.55553 0
    outer loop
      vertex 2.62467 23.0008 11.4
      vertex 2.55051 23.1118 0
      vertex 2.55051 23.1118 11.4
    endloop
  endfacet
  facet normal 0.831497 0.55553 0
    outer loop
      vertex 2.55051 23.1118 0
      vertex 2.62467 23.0008 11.4
      vertex 2.62467 23.0008 0
    endloop
  endfacet
  facet normal 0.271216 -0.962518 0
    outer loop
      vertex 3.47467 25.6168 0
      vertex 3.60314 25.653 11.4
      vertex 3.47467 25.6168 11.4
    endloop
  endfacet
  facet normal 0.271216 -0.962518 0
    outer loop
      vertex 3.60314 25.653 11.4
      vertex 3.47467 25.6168 0
      vertex 3.60314 25.653 0
    endloop
  endfacet
  facet normal -0.962421 0.271562 0
    outer loop
      vertex 5.6168 23.4747 0
      vertex 5.65303 23.6031 11.4
      vertex 5.65303 23.6031 0
    endloop
  endfacet
  facet normal -0.962421 0.271562 0
    outer loop
      vertex 5.65303 23.6031 11.4
      vertex 5.6168 23.4747 0
      vertex 5.6168 23.4747 11.4
    endloop
  endfacet
  facet normal -0.831497 -0.55553 0
    outer loop
      vertex 5.44949 24.8882 0
      vertex 5.37533 24.9992 11.4
      vertex 5.37533 24.9992 0
    endloop
  endfacet
  facet normal -0.831497 -0.55553 0
    outer loop
      vertex 5.37533 24.9992 11.4
      vertex 5.44949 24.8882 0
      vertex 5.44949 24.8882 11.4
    endloop
  endfacet
  facet normal -0.271216 0.962518 0
    outer loop
      vertex 4.52533 22.3832 0
      vertex 4.39686 22.347 11.4
      vertex 4.52533 22.3832 11.4
    endloop
  endfacet
  facet normal -0.271216 0.962518 0
    outer loop
      vertex 4.39686 22.347 11.4
      vertex 4.52533 22.3832 0
      vertex 4.39686 22.347 0
    endloop
  endfacet
  facet normal 0.993062 0.117594 0
    outer loop
      vertex 2.32093 23.7341 11.4
      vertex 2.30524 23.8666 0
      vertex 2.30524 23.8666 11.4
    endloop
  endfacet
  facet normal 0.993062 0.117594 0
    outer loop
      vertex 2.30524 23.8666 0
      vertex 2.32093 23.7341 11.4
      vertex 2.32093 23.7341 0
    endloop
  endfacet
  facet normal -0.618903 -0.785467 0
    outer loop
      vertex 4.99923 25.3753 0
      vertex 5.10406 25.2927 11.4
      vertex 4.99923 25.3753 11.4
    endloop
  endfacet
  facet normal -0.618903 -0.785467 -0
    outer loop
      vertex 5.10406 25.2927 11.4
      vertex 4.99923 25.3753 0
      vertex 5.10406 25.2927 0
    endloop
  endfacet
  facet normal 0.117615 0.993059 -0
    outer loop
      vertex 3.86662 22.3052 0
      vertex 3.73406 22.3209 11.4
      vertex 3.86662 22.3052 11.4
    endloop
  endfacet
  facet normal 0.117615 0.993059 0
    outer loop
      vertex 3.73406 22.3209 11.4
      vertex 3.86662 22.3052 0
      vertex 3.73406 22.3209 0
    endloop
  endfacet
  facet normal -0.908126 -0.418697 0
    outer loop
      vertex 5.57059 24.6506 0
      vertex 5.51471 24.7718 11.4
      vertex 5.51471 24.7718 0
    endloop
  endfacet
  facet normal -0.908126 -0.418697 0
    outer loop
      vertex 5.51471 24.7718 11.4
      vertex 5.57059 24.6506 0
      vertex 5.57059 24.6506 11.4
    endloop
  endfacet
  facet normal 0.488471 -0.87258 0
    outer loop
      vertex 3.11175 25.4495 0
      vertex 3.22822 25.5147 11.4
      vertex 3.11175 25.4495 11.4
    endloop
  endfacet
  facet normal 0.488471 -0.87258 0
    outer loop
      vertex 3.22822 25.5147 11.4
      vertex 3.11175 25.4495 0
      vertex 3.22822 25.5147 0
    endloop
  endfacet
  facet normal 0.908097 0.418759 0
    outer loop
      vertex 2.48529 23.2282 11.4
      vertex 2.4294 23.3494 0
      vertex 2.4294 23.3494 11.4
    endloop
  endfacet
  facet normal 0.908097 0.418759 0
    outer loop
      vertex 2.4294 23.3494 0
      vertex 2.48529 23.2282 11.4
      vertex 2.48529 23.2282 0
    endloop
  endfacet
  facet normal 0.98081 0.194964 0
    outer loop
      vertex 2.34697 23.6031 11.4
      vertex 2.32093 23.7341 0
      vertex 2.32093 23.7341 11.4
    endloop
  endfacet
  facet normal 0.98081 0.194964 0
    outer loop
      vertex 2.32093 23.7341 0
      vertex 2.34697 23.6031 11.4
      vertex 2.34697 23.6031 0
    endloop
  endfacet
  facet normal 0.117615 -0.993059 0
    outer loop
      vertex 3.73406 25.6791 0
      vertex 3.86662 25.6948 11.4
      vertex 3.73406 25.6791 11.4
    endloop
  endfacet
  facet normal 0.117615 -0.993059 0
    outer loop
      vertex 3.86662 25.6948 11.4
      vertex 3.73406 25.6791 0
      vertex 3.86662 25.6948 0
    endloop
  endfacet
  facet normal 0.678765 -0.734355 0
    outer loop
      vertex 2.79792 25.2021 0
      vertex 2.89594 25.2927 11.4
      vertex 2.79792 25.2021 11.4
    endloop
  endfacet
  facet normal 0.678765 -0.734355 0
    outer loop
      vertex 2.89594 25.2927 11.4
      vertex 2.79792 25.2021 0
      vertex 2.89594 25.2927 0
    endloop
  endfacet
  facet normal -0.678765 -0.734355 0
    outer loop
      vertex 5.10406 25.2927 0
      vertex 5.20208 25.2021 11.4
      vertex 5.10406 25.2927 11.4
    endloop
  endfacet
  facet normal -0.678765 -0.734355 -0
    outer loop
      vertex 5.20208 25.2021 11.4
      vertex 5.10406 25.2927 0
      vertex 5.20208 25.2021 0
    endloop
  endfacet
  facet normal -0.98081 0.194964 0
    outer loop
      vertex 5.65303 23.6031 0
      vertex 5.67907 23.7341 11.4
      vertex 5.67907 23.7341 0
    endloop
  endfacet
  facet normal -0.98081 0.194964 0
    outer loop
      vertex 5.67907 23.7341 11.4
      vertex 5.65303 23.6031 0
      vertex 5.65303 23.6031 11.4
    endloop
  endfacet
  facet normal -0.555806 0.831312 0
    outer loop
      vertex 4.99923 22.6247 0
      vertex 4.88825 22.5505 11.4
      vertex 4.99923 22.6247 11.4
    endloop
  endfacet
  facet normal -0.555806 0.831312 0
    outer loop
      vertex 4.88825 22.5505 11.4
      vertex 4.99923 22.6247 0
      vertex 4.88825 22.5505 0
    endloop
  endfacet
  facet normal 0.938254 0.345948 0
    outer loop
      vertex 2.4294 23.3494 11.4
      vertex 2.3832 23.4747 0
      vertex 2.3832 23.4747 11.4
    endloop
  endfacet
  facet normal 0.938254 0.345948 0
    outer loop
      vertex 2.3832 23.4747 0
      vertex 2.4294 23.3494 11.4
      vertex 2.4294 23.3494 0
    endloop
  endfacet
  facet normal -0.993062 0.117594 0
    outer loop
      vertex 5.67907 23.7341 0
      vertex 5.69476 23.8666 11.4
      vertex 5.69476 23.8666 0
    endloop
  endfacet
  facet normal -0.993062 0.117594 0
    outer loop
      vertex 5.69476 23.8666 11.4
      vertex 5.67907 23.7341 0
      vertex 5.67907 23.7341 11.4
    endloop
  endfacet
  facet normal 0.938254 -0.345948 0
    outer loop
      vertex 2.3832 24.5253 11.4
      vertex 2.4294 24.6506 0
      vertex 2.4294 24.6506 11.4
    endloop
  endfacet
  facet normal 0.938254 -0.345948 0
    outer loop
      vertex 2.4294 24.6506 0
      vertex 2.3832 24.5253 11.4
      vertex 2.3832 24.5253 0
    endloop
  endfacet
  facet normal -0.872391 -0.488809 0
    outer loop
      vertex 5.51471 24.7718 0
      vertex 5.44949 24.8882 11.4
      vertex 5.44949 24.8882 0
    endloop
  endfacet
  facet normal -0.872391 -0.488809 0
    outer loop
      vertex 5.44949 24.8882 11.4
      vertex 5.51471 24.7718 0
      vertex 5.51471 24.7718 11.4
    endloop
  endfacet
  facet normal -0.271216 -0.962518 0
    outer loop
      vertex 4.39686 25.653 0
      vertex 4.52533 25.6168 11.4
      vertex 4.39686 25.653 11.4
    endloop
  endfacet
  facet normal -0.271216 -0.962518 -0
    outer loop
      vertex 4.52533 25.6168 11.4
      vertex 4.39686 25.653 0
      vertex 4.52533 25.6168 0
    endloop
  endfacet
  facet normal -0.785523 -0.618833 0
    outer loop
      vertex 5.37533 24.9992 0
      vertex 5.29269 25.1041 11.4
      vertex 5.29269 25.1041 0
    endloop
  endfacet
  facet normal -0.785523 -0.618833 0
    outer loop
      vertex 5.29269 25.1041 11.4
      vertex 5.37533 24.9992 0
      vertex 5.37533 24.9992 11.4
    endloop
  endfacet
  facet normal 0.271216 0.962518 -0
    outer loop
      vertex 3.60314 22.347 0
      vertex 3.47467 22.3832 11.4
      vertex 3.60314 22.347 11.4
    endloop
  endfacet
  facet normal 0.271216 0.962518 0
    outer loop
      vertex 3.47467 22.3832 11.4
      vertex 3.60314 22.347 0
      vertex 3.47467 22.3832 0
    endloop
  endfacet
  facet normal -0.488471 0.87258 0
    outer loop
      vertex 4.88825 22.5505 0
      vertex 4.77178 22.4853 11.4
      vertex 4.88825 22.5505 11.4
    endloop
  endfacet
  facet normal -0.488471 0.87258 0
    outer loop
      vertex 4.77178 22.4853 11.4
      vertex 4.88825 22.5505 0
      vertex 4.77178 22.4853 0
    endloop
  endfacet
  facet normal 0.618939 0.785439 -0
    outer loop
      vertex 3.00076 22.6247 0
      vertex 2.89594 22.7073 11.4
      vertex 3.00076 22.6247 11.4
    endloop
  endfacet
  facet normal 0.618939 0.785439 0
    outer loop
      vertex 2.89594 22.7073 11.4
      vertex 3.00076 22.6247 0
      vertex 2.89594 22.7073 0
    endloop
  endfacet
  facet normal -0.938229 -0.346014 0
    outer loop
      vertex 5.6168 24.5253 0
      vertex 5.57059 24.6506 11.4
      vertex 5.57059 24.6506 0
    endloop
  endfacet
  facet normal -0.938229 -0.346014 0
    outer loop
      vertex 5.57059 24.6506 11.4
      vertex 5.6168 24.5253 0
      vertex 5.6168 24.5253 11.4
    endloop
  endfacet
  facet normal 0.346118 -0.938191 0
    outer loop
      vertex 3.34944 25.5706 0
      vertex 3.47467 25.6168 11.4
      vertex 3.34944 25.5706 11.4
    endloop
  endfacet
  facet normal 0.346118 -0.938191 0
    outer loop
      vertex 3.47467 25.6168 11.4
      vertex 3.34944 25.5706 0
      vertex 3.47467 25.6168 0
    endloop
  endfacet
  facet normal 0.418764 -0.908095 0
    outer loop
      vertex 3.22822 25.5147 0
      vertex 3.34944 25.5706 11.4
      vertex 3.22822 25.5147 11.4
    endloop
  endfacet
  facet normal 0.418764 -0.908095 0
    outer loop
      vertex 3.34944 25.5706 11.4
      vertex 3.22822 25.5147 0
      vertex 3.34944 25.5706 0
    endloop
  endfacet
  facet normal 0.872391 0.488809 0
    outer loop
      vertex 2.55051 23.1118 11.4
      vertex 2.48529 23.2282 0
      vertex 2.48529 23.2282 11.4
    endloop
  endfacet
  facet normal 0.872391 0.488809 0
    outer loop
      vertex 2.48529 23.2282 0
      vertex 2.55051 23.1118 11.4
      vertex 2.55051 23.1118 0
    endloop
  endfacet
  facet normal -0.785523 0.618833 0
    outer loop
      vertex 5.29269 22.8959 0
      vertex 5.37533 23.0008 11.4
      vertex 5.37533 23.0008 0
    endloop
  endfacet
  facet normal -0.785523 0.618833 0
    outer loop
      vertex 5.37533 23.0008 11.4
      vertex 5.29269 22.8959 0
      vertex 5.29269 22.8959 11.4
    endloop
  endfacet
  facet normal -0.734249 0.67888 0
    outer loop
      vertex 5.20208 22.7979 0
      vertex 5.29269 22.8959 11.4
      vertex 5.29269 22.8959 0
    endloop
  endfacet
  facet normal -0.734249 0.67888 0
    outer loop
      vertex 5.29269 22.8959 11.4
      vertex 5.20208 22.7979 0
      vertex 5.20208 22.7979 11.4
    endloop
  endfacet
  facet normal 0.0389568 0.999241 -0
    outer loop
      vertex 4 22.3 0
      vertex 3.86662 22.3052 11.4
      vertex 4 22.3 11.4
    endloop
  endfacet
  facet normal 0.0389568 0.999241 0
    outer loop
      vertex 3.86662 22.3052 11.4
      vertex 4 22.3 0
      vertex 3.86662 22.3052 0
    endloop
  endfacet
  facet normal 0.618939 -0.785439 0
    outer loop
      vertex 2.89594 25.2927 0
      vertex 3.00076 25.3753 11.4
      vertex 2.89594 25.2927 11.4
    endloop
  endfacet
  facet normal 0.618939 -0.785439 0
    outer loop
      vertex 3.00076 25.3753 11.4
      vertex 2.89594 25.2927 0
      vertex 3.00076 25.3753 0
    endloop
  endfacet
  facet normal 0.999229 -0.0392501 0
    outer loop
      vertex 2.3 24 11.4
      vertex 2.30524 24.1334 0
      vertex 2.30524 24.1334 11.4
    endloop
  endfacet
  facet normal 0.999229 -0.0392501 0
    outer loop
      vertex 2.30524 24.1334 0
      vertex 2.3 24 11.4
      vertex 2.3 24 0
    endloop
  endfacet
  facet normal -0.831497 0.55553 0
    outer loop
      vertex 5.37533 23.0008 0
      vertex 5.44949 23.1118 11.4
      vertex 5.44949 23.1118 0
    endloop
  endfacet
  facet normal -0.831497 0.55553 0
    outer loop
      vertex 5.44949 23.1118 11.4
      vertex 5.37533 23.0008 0
      vertex 5.37533 23.0008 11.4
    endloop
  endfacet
  facet normal 0.195511 0.980701 -0
    outer loop
      vertex 3.73406 22.3209 0
      vertex 3.60314 22.347 11.4
      vertex 3.73406 22.3209 11.4
    endloop
  endfacet
  facet normal 0.195511 0.980701 0
    outer loop
      vertex 3.60314 22.347 11.4
      vertex 3.73406 22.3209 0
      vertex 3.60314 22.347 0
    endloop
  endfacet
  facet normal 0.734249 0.67888 0
    outer loop
      vertex 2.79792 22.7979 11.4
      vertex 2.70731 22.8959 0
      vertex 2.70731 22.8959 11.4
    endloop
  endfacet
  facet normal 0.734249 0.67888 0
    outer loop
      vertex 2.70731 22.8959 0
      vertex 2.79792 22.7979 11.4
      vertex 2.79792 22.7979 0
    endloop
  endfacet
  facet normal -0.734249 -0.67888 0
    outer loop
      vertex 5.29269 25.1041 0
      vertex 5.20208 25.2021 11.4
      vertex 5.20208 25.2021 0
    endloop
  endfacet
  facet normal -0.734249 -0.67888 0
    outer loop
      vertex 5.20208 25.2021 11.4
      vertex 5.29269 25.1041 0
      vertex 5.29269 25.1041 11.4
    endloop
  endfacet
  facet normal 0.734249 -0.67888 0
    outer loop
      vertex 2.70731 25.1041 11.4
      vertex 2.79792 25.2021 0
      vertex 2.79792 25.2021 11.4
    endloop
  endfacet
  facet normal 0.734249 -0.67888 0
    outer loop
      vertex 2.79792 25.2021 0
      vertex 2.70731 25.1041 11.4
      vertex 2.70731 25.1041 0
    endloop
  endfacet
  facet normal -0.872391 0.488809 0
    outer loop
      vertex 5.44949 23.1118 0
      vertex 5.51471 23.2282 11.4
      vertex 5.51471 23.2282 0
    endloop
  endfacet
  facet normal -0.872391 0.488809 0
    outer loop
      vertex 5.51471 23.2282 11.4
      vertex 5.44949 23.1118 0
      vertex 5.44949 23.1118 11.4
    endloop
  endfacet
  facet normal 0.831497 -0.55553 0
    outer loop
      vertex 2.55051 24.8882 11.4
      vertex 2.62467 24.9992 0
      vertex 2.62467 24.9992 11.4
    endloop
  endfacet
  facet normal 0.831497 -0.55553 0
    outer loop
      vertex 2.62467 24.9992 0
      vertex 2.55051 24.8882 11.4
      vertex 2.55051 24.8882 0
    endloop
  endfacet
  facet normal -0.0389568 0.999241 0
    outer loop
      vertex 4.13338 22.3052 0
      vertex 4 22.3 11.4
      vertex 4.13338 22.3052 11.4
    endloop
  endfacet
  facet normal -0.0389568 0.999241 0
    outer loop
      vertex 4 22.3 11.4
      vertex 4.13338 22.3052 0
      vertex 4 22.3 0
    endloop
  endfacet
  facet normal -0.678765 0.734355 0
    outer loop
      vertex 5.20208 22.7979 0
      vertex 5.10406 22.7073 11.4
      vertex 5.20208 22.7979 11.4
    endloop
  endfacet
  facet normal -0.678765 0.734355 0
    outer loop
      vertex 5.10406 22.7073 11.4
      vertex 5.20208 22.7979 0
      vertex 5.10406 22.7073 0
    endloop
  endfacet
  facet normal 0.346118 0.938191 -0
    outer loop
      vertex 3.47467 22.3832 0
      vertex 3.34944 22.4294 11.4
      vertex 3.47467 22.3832 11.4
    endloop
  endfacet
  facet normal 0.346118 0.938191 0
    outer loop
      vertex 3.34944 22.4294 11.4
      vertex 3.47467 22.3832 0
      vertex 3.34944 22.4294 0
    endloop
  endfacet
  facet normal -0.117615 0.993059 0
    outer loop
      vertex 4.26594 22.3209 0
      vertex 4.13338 22.3052 11.4
      vertex 4.26594 22.3209 11.4
    endloop
  endfacet
  facet normal -0.117615 0.993059 0
    outer loop
      vertex 4.13338 22.3052 11.4
      vertex 4.26594 22.3209 0
      vertex 4.13338 22.3052 0
    endloop
  endfacet
  facet normal 0.962421 -0.271562 0
    outer loop
      vertex 2.34697 24.3969 11.4
      vertex 2.3832 24.5253 0
      vertex 2.3832 24.5253 11.4
    endloop
  endfacet
  facet normal 0.962421 -0.271562 0
    outer loop
      vertex 2.3832 24.5253 0
      vertex 2.34697 24.3969 11.4
      vertex 2.34697 24.3969 0
    endloop
  endfacet
  facet normal 0.0389568 -0.999241 0
    outer loop
      vertex 3.86662 25.6948 0
      vertex 4 25.7 11.4
      vertex 3.86662 25.6948 11.4
    endloop
  endfacet
  facet normal 0.0389568 -0.999241 0
    outer loop
      vertex 4 25.7 11.4
      vertex 3.86662 25.6948 0
      vertex 4 25.7 0
    endloop
  endfacet
  facet normal -0.908126 0.418697 0
    outer loop
      vertex 5.51471 23.2282 0
      vertex 5.57059 23.3494 11.4
      vertex 5.57059 23.3494 0
    endloop
  endfacet
  facet normal -0.908126 0.418697 0
    outer loop
      vertex 5.57059 23.3494 11.4
      vertex 5.51471 23.2282 0
      vertex 5.51471 23.2282 11.4
    endloop
  endfacet
  facet normal -0.488471 -0.87258 0
    outer loop
      vertex 4.77178 25.5147 0
      vertex 4.88825 25.4495 11.4
      vertex 4.77178 25.5147 11.4
    endloop
  endfacet
  facet normal -0.488471 -0.87258 -0
    outer loop
      vertex 4.88825 25.4495 11.4
      vertex 4.77178 25.5147 0
      vertex 4.88825 25.4495 0
    endloop
  endfacet
  facet normal -0.195511 0.980701 0
    outer loop
      vertex 4.39686 22.347 0
      vertex 4.26594 22.3209 11.4
      vertex 4.39686 22.347 11.4
    endloop
  endfacet
  facet normal -0.195511 0.980701 0
    outer loop
      vertex 4.26594 22.3209 11.4
      vertex 4.39686 22.347 0
      vertex 4.26594 22.3209 0
    endloop
  endfacet
  facet normal 0.962421 0.271562 0
    outer loop
      vertex 2.3832 23.4747 11.4
      vertex 2.34697 23.6031 0
      vertex 2.34697 23.6031 11.4
    endloop
  endfacet
  facet normal 0.962421 0.271562 0
    outer loop
      vertex 2.34697 23.6031 0
      vertex 2.3832 23.4747 11.4
      vertex 2.3832 23.4747 0
    endloop
  endfacet
  facet normal -0.346118 0.938191 0
    outer loop
      vertex 4.65056 22.4294 0
      vertex 4.52533 22.3832 11.4
      vertex 4.65056 22.4294 11.4
    endloop
  endfacet
  facet normal -0.346118 0.938191 0
    outer loop
      vertex 4.52533 22.3832 11.4
      vertex 4.65056 22.4294 0
      vertex 4.52533 22.3832 0
    endloop
  endfacet
  facet normal 0.872391 -0.488809 0
    outer loop
      vertex 2.48529 24.7718 11.4
      vertex 2.55051 24.8882 0
      vertex 2.55051 24.8882 11.4
    endloop
  endfacet
  facet normal 0.872391 -0.488809 0
    outer loop
      vertex 2.55051 24.8882 0
      vertex 2.48529 24.7718 11.4
      vertex 2.48529 24.7718 0
    endloop
  endfacet
  facet normal 0.195511 -0.980701 0
    outer loop
      vertex 3.60314 25.653 0
      vertex 3.73406 25.6791 11.4
      vertex 3.60314 25.653 11.4
    endloop
  endfacet
  facet normal 0.195511 -0.980701 0
    outer loop
      vertex 3.73406 25.6791 11.4
      vertex 3.60314 25.653 0
      vertex 3.73406 25.6791 0
    endloop
  endfacet
  facet normal 0.908097 -0.418759 0
    outer loop
      vertex 2.4294 24.6506 11.4
      vertex 2.48529 24.7718 0
      vertex 2.48529 24.7718 11.4
    endloop
  endfacet
  facet normal 0.908097 -0.418759 0
    outer loop
      vertex 2.48529 24.7718 0
      vertex 2.4294 24.6506 11.4
      vertex 2.4294 24.6506 0
    endloop
  endfacet
  facet normal 0.555771 0.831335 -0
    outer loop
      vertex 3.11175 22.5505 0
      vertex 3.00076 22.6247 11.4
      vertex 3.11175 22.5505 11.4
    endloop
  endfacet
  facet normal 0.555771 0.831335 0
    outer loop
      vertex 3.00076 22.6247 11.4
      vertex 3.11175 22.5505 0
      vertex 3.00076 22.6247 0
    endloop
  endfacet
  facet normal 0.678765 0.734355 -0
    outer loop
      vertex 2.89594 22.7073 0
      vertex 2.79792 22.7979 11.4
      vertex 2.89594 22.7073 11.4
    endloop
  endfacet
  facet normal 0.678765 0.734355 0
    outer loop
      vertex 2.79792 22.7979 11.4
      vertex 2.89594 22.7073 0
      vertex 2.79792 22.7979 0
    endloop
  endfacet
  facet normal 0.785523 -0.618833 0
    outer loop
      vertex 2.62467 24.9992 11.4
      vertex 2.70731 25.1041 0
      vertex 2.70731 25.1041 11.4
    endloop
  endfacet
  facet normal 0.785523 -0.618833 0
    outer loop
      vertex 2.70731 25.1041 0
      vertex 2.62467 24.9992 11.4
      vertex 2.62467 24.9992 0
    endloop
  endfacet
  facet normal -0.618903 0.785467 0
    outer loop
      vertex 5.10406 22.7073 0
      vertex 4.99923 22.6247 11.4
      vertex 5.10406 22.7073 11.4
    endloop
  endfacet
  facet normal -0.618903 0.785467 0
    outer loop
      vertex 4.99923 22.6247 11.4
      vertex 5.10406 22.7073 0
      vertex 4.99923 22.6247 0
    endloop
  endfacet
  facet normal -0.117615 -0.993059 0
    outer loop
      vertex 4.13338 25.6948 0
      vertex 4.26594 25.6791 11.4
      vertex 4.13338 25.6948 11.4
    endloop
  endfacet
  facet normal -0.117615 -0.993059 -0
    outer loop
      vertex 4.26594 25.6791 11.4
      vertex 4.13338 25.6948 0
      vertex 4.26594 25.6791 0
    endloop
  endfacet
  facet normal -0.195511 -0.980701 0
    outer loop
      vertex 4.26594 25.6791 0
      vertex 4.39686 25.653 11.4
      vertex 4.26594 25.6791 11.4
    endloop
  endfacet
  facet normal -0.195511 -0.980701 -0
    outer loop
      vertex 4.39686 25.653 11.4
      vertex 4.26594 25.6791 0
      vertex 4.39686 25.653 0
    endloop
  endfacet
  facet normal -0.418764 -0.908095 0
    outer loop
      vertex 4.65056 25.5706 0
      vertex 4.77178 25.5147 11.4
      vertex 4.65056 25.5706 11.4
    endloop
  endfacet
  facet normal -0.418764 -0.908095 -0
    outer loop
      vertex 4.77178 25.5147 11.4
      vertex 4.65056 25.5706 0
      vertex 4.77178 25.5147 0
    endloop
  endfacet
  facet normal 0.555771 -0.831335 0
    outer loop
      vertex 3.00076 25.3753 0
      vertex 3.11175 25.4495 11.4
      vertex 3.00076 25.3753 11.4
    endloop
  endfacet
  facet normal 0.555771 -0.831335 0
    outer loop
      vertex 3.11175 25.4495 11.4
      vertex 3.00076 25.3753 0
      vertex 3.11175 25.4495 0
    endloop
  endfacet
  facet normal 0.999229 0.0392501 0
    outer loop
      vertex 2.30524 23.8666 11.4
      vertex 2.3 24 0
      vertex 2.3 24 11.4
    endloop
  endfacet
  facet normal 0.999229 0.0392501 0
    outer loop
      vertex 2.3 24 0
      vertex 2.30524 23.8666 11.4
      vertex 2.30524 23.8666 0
    endloop
  endfacet
  facet normal 0.488471 0.87258 -0
    outer loop
      vertex 3.22822 22.4853 0
      vertex 3.11175 22.5505 11.4
      vertex 3.22822 22.4853 11.4
    endloop
  endfacet
  facet normal 0.488471 0.87258 0
    outer loop
      vertex 3.11175 22.5505 11.4
      vertex 3.22822 22.4853 0
      vertex 3.11175 22.5505 0
    endloop
  endfacet
  facet normal 0.418764 0.908095 -0
    outer loop
      vertex 3.34944 22.4294 0
      vertex 3.22822 22.4853 11.4
      vertex 3.34944 22.4294 11.4
    endloop
  endfacet
  facet normal 0.418764 0.908095 0
    outer loop
      vertex 3.22822 22.4853 11.4
      vertex 3.34944 22.4294 0
      vertex 3.22822 22.4853 0
    endloop
  endfacet
  facet normal -0.993053 -0.117667 0
    outer loop
      vertex 33.6948 24.1334 0
      vertex 33.6791 24.2659 11.4
      vertex 33.6791 24.2659 0
    endloop
  endfacet
  facet normal -0.993053 -0.117667 0
    outer loop
      vertex 33.6791 24.2659 11.4
      vertex 33.6948 24.1334 0
      vertex 33.6948 24.1334 11.4
    endloop
  endfacet
  facet normal -0.999241 -0.0389509 0
    outer loop
      vertex 33.7 24 0
      vertex 33.6948 24.1334 11.4
      vertex 33.6948 24.1334 0
    endloop
  endfacet
  facet normal -0.999241 -0.0389509 0
    outer loop
      vertex 33.6948 24.1334 11.4
      vertex 33.7 24 0
      vertex 33.7 24 11.4
    endloop
  endfacet
  facet normal -0.980724 -0.195396 0
    outer loop
      vertex 33.6791 24.2659 0
      vertex 33.653 24.3969 11.4
      vertex 33.653 24.3969 0
    endloop
  endfacet
  facet normal -0.980724 -0.195396 0
    outer loop
      vertex 33.653 24.3969 11.4
      vertex 33.6791 24.2659 0
      vertex 33.6791 24.2659 11.4
    endloop
  endfacet
  facet normal -0.96248 -0.271353 0
    outer loop
      vertex 33.653 24.3969 0
      vertex 33.6168 24.5253 11.4
      vertex 33.6168 24.5253 0
    endloop
  endfacet
  facet normal -0.96248 -0.271353 0
    outer loop
      vertex 33.6168 24.5253 11.4
      vertex 33.653 24.3969 0
      vertex 33.653 24.3969 11.4
    endloop
  endfacet
  facet normal 0.993053 -0.117667 0
    outer loop
      vertex 30.3052 24.1334 11.4
      vertex 30.3209 24.2659 0
      vertex 30.3209 24.2659 11.4
    endloop
  endfacet
  facet normal 0.993053 -0.117667 0
    outer loop
      vertex 30.3209 24.2659 0
      vertex 30.3052 24.1334 11.4
      vertex 30.3052 24.1334 0
    endloop
  endfacet
  facet normal 0.96248 0.271353 0
    outer loop
      vertex 30.3832 23.4747 11.4
      vertex 30.347 23.6031 0
      vertex 30.347 23.6031 11.4
    endloop
  endfacet
  facet normal 0.96248 0.271353 0
    outer loop
      vertex 30.347 23.6031 0
      vertex 30.3832 23.4747 11.4
      vertex 30.3832 23.4747 0
    endloop
  endfacet
  facet normal -0.555737 -0.831358 0
    outer loop
      vertex 32.8882 25.4495 0
      vertex 32.9992 25.3753 11.4
      vertex 32.8882 25.4495 11.4
    endloop
  endfacet
  facet normal -0.555737 -0.831358 -0
    outer loop
      vertex 32.9992 25.3753 11.4
      vertex 32.8882 25.4495 0
      vertex 32.9992 25.3753 0
    endloop
  endfacet
  facet normal -0.999241 0.0389509 0
    outer loop
      vertex 33.6948 23.8666 0
      vertex 33.7 24 11.4
      vertex 33.7 24 0
    endloop
  endfacet
  facet normal -0.999241 0.0389509 0
    outer loop
      vertex 33.7 24 11.4
      vertex 33.6948 23.8666 0
      vertex 33.6948 23.8666 11.4
    endloop
  endfacet
  facet normal -0.345948 -0.938254 0
    outer loop
      vertex 32.5253 25.6168 0
      vertex 32.6506 25.5706 11.4
      vertex 32.5253 25.6168 11.4
    endloop
  endfacet
  facet normal -0.345948 -0.938254 -0
    outer loop
      vertex 32.6506 25.5706 11.4
      vertex 32.5253 25.6168 0
      vertex 32.6506 25.5706 0
    endloop
  endfacet
  facet normal 0.980724 -0.195396 0
    outer loop
      vertex 30.3209 24.2659 11.4
      vertex 30.347 24.3969 0
      vertex 30.347 24.3969 11.4
    endloop
  endfacet
  facet normal 0.980724 -0.195396 0
    outer loop
      vertex 30.347 24.3969 0
      vertex 30.3209 24.2659 11.4
      vertex 30.3209 24.2659 0
    endloop
  endfacet
  facet normal -0.0389509 -0.999241 0
    outer loop
      vertex 32 25.7 0
      vertex 32.1334 25.6948 11.4
      vertex 32 25.7 11.4
    endloop
  endfacet
  facet normal -0.0389509 -0.999241 -0
    outer loop
      vertex 32.1334 25.6948 11.4
      vertex 32 25.7 0
      vertex 32.1334 25.6948 0
    endloop
  endfacet
  facet normal -0.418821 0.908069 0
    outer loop
      vertex 32.7718 22.4853 0
      vertex 32.6506 22.4294 11.4
      vertex 32.7718 22.4853 11.4
    endloop
  endfacet
  facet normal -0.418821 0.908069 0
    outer loop
      vertex 32.6506 22.4294 11.4
      vertex 32.7718 22.4853 0
      vertex 32.6506 22.4294 0
    endloop
  endfacet
  facet normal 0.831358 0.555737 0
    outer loop
      vertex 30.6247 23.0008 11.4
      vertex 30.5505 23.1118 0
      vertex 30.5505 23.1118 11.4
    endloop
  endfacet
  facet normal 0.831358 0.555737 0
    outer loop
      vertex 30.5505 23.1118 0
      vertex 30.6247 23.0008 11.4
      vertex 30.6247 23.0008 0
    endloop
  endfacet
  facet normal 0.271353 -0.96248 0
    outer loop
      vertex 31.4747 25.6168 0
      vertex 31.6031 25.653 11.4
      vertex 31.4747 25.6168 11.4
    endloop
  endfacet
  facet normal 0.271353 -0.96248 0
    outer loop
      vertex 31.6031 25.653 11.4
      vertex 31.4747 25.6168 0
      vertex 31.6031 25.653 0
    endloop
  endfacet
  facet normal -0.96248 0.271353 0
    outer loop
      vertex 33.6168 23.4747 0
      vertex 33.653 23.6031 11.4
      vertex 33.653 23.6031 0
    endloop
  endfacet
  facet normal -0.96248 0.271353 0
    outer loop
      vertex 33.653 23.6031 11.4
      vertex 33.6168 23.4747 0
      vertex 33.6168 23.4747 11.4
    endloop
  endfacet
  facet normal -0.831358 -0.555737 0
    outer loop
      vertex 33.4495 24.8882 0
      vertex 33.3753 24.9992 11.4
      vertex 33.3753 24.9992 0
    endloop
  endfacet
  facet normal -0.831358 -0.555737 0
    outer loop
      vertex 33.3753 24.9992 11.4
      vertex 33.4495 24.8882 0
      vertex 33.4495 24.8882 11.4
    endloop
  endfacet
  facet normal -0.271353 0.96248 0
    outer loop
      vertex 32.5253 22.3832 0
      vertex 32.3969 22.347 11.4
      vertex 32.5253 22.3832 11.4
    endloop
  endfacet
  facet normal -0.271353 0.96248 0
    outer loop
      vertex 32.3969 22.347 11.4
      vertex 32.5253 22.3832 0
      vertex 32.3969 22.347 0
    endloop
  endfacet
  facet normal 0.993053 0.117667 0
    outer loop
      vertex 30.3209 23.7341 11.4
      vertex 30.3052 23.8666 0
      vertex 30.3052 23.8666 11.4
    endloop
  endfacet
  facet normal 0.993053 0.117667 0
    outer loop
      vertex 30.3052 23.8666 0
      vertex 30.3209 23.7341 11.4
      vertex 30.3209 23.7341 0
    endloop
  endfacet
  facet normal -0.618648 -0.785668 0
    outer loop
      vertex 32.9992 25.3753 0
      vertex 33.1041 25.2927 11.4
      vertex 32.9992 25.3753 11.4
    endloop
  endfacet
  facet normal -0.618648 -0.785668 -0
    outer loop
      vertex 33.1041 25.2927 11.4
      vertex 32.9992 25.3753 0
      vertex 33.1041 25.2927 0
    endloop
  endfacet
  facet normal -0.908069 -0.418821 0
    outer loop
      vertex 33.5706 24.6506 0
      vertex 33.5147 24.7718 11.4
      vertex 33.5147 24.7718 0
    endloop
  endfacet
  facet normal -0.908069 -0.418821 0
    outer loop
      vertex 33.5147 24.7718 11.4
      vertex 33.5706 24.6506 0
      vertex 33.5706 24.6506 11.4
    endloop
  endfacet
  facet normal 0.488695 -0.872455 0
    outer loop
      vertex 31.1118 25.4495 0
      vertex 31.2282 25.5147 11.4
      vertex 31.1118 25.4495 11.4
    endloop
  endfacet
  facet normal 0.488695 -0.872455 0
    outer loop
      vertex 31.2282 25.5147 11.4
      vertex 31.1118 25.4495 0
      vertex 31.2282 25.5147 0
    endloop
  endfacet
  facet normal 0.908069 0.418821 0
    outer loop
      vertex 30.4853 23.2282 11.4
      vertex 30.4294 23.3494 0
      vertex 30.4294 23.3494 11.4
    endloop
  endfacet
  facet normal 0.908069 0.418821 0
    outer loop
      vertex 30.4294 23.3494 0
      vertex 30.4853 23.2282 11.4
      vertex 30.4853 23.2282 0
    endloop
  endfacet
  facet normal 0.980724 0.195396 0
    outer loop
      vertex 30.347 23.6031 11.4
      vertex 30.3209 23.7341 0
      vertex 30.3209 23.7341 11.4
    endloop
  endfacet
  facet normal 0.980724 0.195396 0
    outer loop
      vertex 30.3209 23.7341 0
      vertex 30.347 23.6031 11.4
      vertex 30.347 23.6031 0
    endloop
  endfacet
  facet normal 0.117667 -0.993053 0
    outer loop
      vertex 31.7341 25.6791 0
      vertex 31.8666 25.6948 11.4
      vertex 31.7341 25.6791 11.4
    endloop
  endfacet
  facet normal 0.117667 -0.993053 0
    outer loop
      vertex 31.8666 25.6948 11.4
      vertex 31.7341 25.6791 0
      vertex 31.8666 25.6948 0
    endloop
  endfacet
  facet normal 0.908069 -0.418821 0
    outer loop
      vertex 30.4294 24.6506 11.4
      vertex 30.4853 24.7718 0
      vertex 30.4853 24.7718 11.4
    endloop
  endfacet
  facet normal 0.908069 -0.418821 0
    outer loop
      vertex 30.4853 24.7718 0
      vertex 30.4294 24.6506 11.4
      vertex 30.4294 24.6506 0
    endloop
  endfacet
  facet normal 0.67884 -0.734286 0
    outer loop
      vertex 30.7979 25.2021 0
      vertex 30.8959 25.2927 11.4
      vertex 30.7979 25.2021 11.4
    endloop
  endfacet
  facet normal 0.67884 -0.734286 0
    outer loop
      vertex 30.8959 25.2927 11.4
      vertex 30.7979 25.2021 0
      vertex 30.8959 25.2927 0
    endloop
  endfacet
  facet normal -0.67884 -0.734286 0
    outer loop
      vertex 33.1041 25.2927 0
      vertex 33.2021 25.2021 11.4
      vertex 33.1041 25.2927 11.4
    endloop
  endfacet
  facet normal -0.67884 -0.734286 -0
    outer loop
      vertex 33.2021 25.2021 11.4
      vertex 33.1041 25.2927 0
      vertex 33.2021 25.2021 0
    endloop
  endfacet
  facet normal -0.980724 0.195396 0
    outer loop
      vertex 33.653 23.6031 0
      vertex 33.6791 23.7341 11.4
      vertex 33.6791 23.7341 0
    endloop
  endfacet
  facet normal -0.980724 0.195396 0
    outer loop
      vertex 33.6791 23.7341 11.4
      vertex 33.653 23.6031 0
      vertex 33.653 23.6031 11.4
    endloop
  endfacet
  facet normal -0.555737 0.831358 0
    outer loop
      vertex 32.9992 22.6247 0
      vertex 32.8882 22.5505 11.4
      vertex 32.9992 22.6247 11.4
    endloop
  endfacet
  facet normal -0.555737 0.831358 0
    outer loop
      vertex 32.8882 22.5505 11.4
      vertex 32.9992 22.6247 0
      vertex 32.8882 22.5505 0
    endloop
  endfacet
  facet normal 0.938254 0.345948 0
    outer loop
      vertex 30.4294 23.3494 11.4
      vertex 30.3832 23.4747 0
      vertex 30.3832 23.4747 11.4
    endloop
  endfacet
  facet normal 0.938254 0.345948 0
    outer loop
      vertex 30.3832 23.4747 0
      vertex 30.4294 23.3494 11.4
      vertex 30.4294 23.3494 0
    endloop
  endfacet
  facet normal -0.993053 0.117667 0
    outer loop
      vertex 33.6791 23.7341 0
      vertex 33.6948 23.8666 11.4
      vertex 33.6948 23.8666 0
    endloop
  endfacet
  facet normal -0.993053 0.117667 0
    outer loop
      vertex 33.6948 23.8666 11.4
      vertex 33.6791 23.7341 0
      vertex 33.6791 23.7341 11.4
    endloop
  endfacet
  facet normal 0.938254 -0.345948 0
    outer loop
      vertex 30.3832 24.5253 11.4
      vertex 30.4294 24.6506 0
      vertex 30.4294 24.6506 11.4
    endloop
  endfacet
  facet normal 0.938254 -0.345948 0
    outer loop
      vertex 30.4294 24.6506 0
      vertex 30.3832 24.5253 11.4
      vertex 30.3832 24.5253 0
    endloop
  endfacet
  facet normal -0.872455 -0.488695 0
    outer loop
      vertex 33.5147 24.7718 0
      vertex 33.4495 24.8882 11.4
      vertex 33.4495 24.8882 0
    endloop
  endfacet
  facet normal -0.872455 -0.488695 0
    outer loop
      vertex 33.4495 24.8882 11.4
      vertex 33.5147 24.7718 0
      vertex 33.5147 24.7718 11.4
    endloop
  endfacet
  facet normal -0.271353 -0.96248 0
    outer loop
      vertex 32.3969 25.653 0
      vertex 32.5253 25.6168 11.4
      vertex 32.3969 25.653 11.4
    endloop
  endfacet
  facet normal -0.271353 -0.96248 -0
    outer loop
      vertex 32.5253 25.6168 11.4
      vertex 32.3969 25.653 0
      vertex 32.5253 25.6168 0
    endloop
  endfacet
  facet normal -0.785668 -0.618648 0
    outer loop
      vertex 33.3753 24.9992 0
      vertex 33.2927 25.1041 11.4
      vertex 33.2927 25.1041 0
    endloop
  endfacet
  facet normal -0.785668 -0.618648 0
    outer loop
      vertex 33.2927 25.1041 11.4
      vertex 33.3753 24.9992 0
      vertex 33.3753 24.9992 11.4
    endloop
  endfacet
  facet normal 0.271353 0.96248 -0
    outer loop
      vertex 31.6031 22.347 0
      vertex 31.4747 22.3832 11.4
      vertex 31.6031 22.347 11.4
    endloop
  endfacet
  facet normal 0.271353 0.96248 0
    outer loop
      vertex 31.4747 22.3832 11.4
      vertex 31.6031 22.347 0
      vertex 31.4747 22.3832 0
    endloop
  endfacet
  facet normal -0.488695 0.872455 0
    outer loop
      vertex 32.8882 22.5505 0
      vertex 32.7718 22.4853 11.4
      vertex 32.8882 22.5505 11.4
    endloop
  endfacet
  facet normal -0.488695 0.872455 0
    outer loop
      vertex 32.7718 22.4853 11.4
      vertex 32.8882 22.5505 0
      vertex 32.7718 22.4853 0
    endloop
  endfacet
  facet normal 0.618648 0.785668 -0
    outer loop
      vertex 31.0008 22.6247 0
      vertex 30.8959 22.7073 11.4
      vertex 31.0008 22.6247 11.4
    endloop
  endfacet
  facet normal 0.618648 0.785668 0
    outer loop
      vertex 30.8959 22.7073 11.4
      vertex 31.0008 22.6247 0
      vertex 30.8959 22.7073 0
    endloop
  endfacet
  facet normal -0.938254 -0.345948 0
    outer loop
      vertex 33.6168 24.5253 0
      vertex 33.5706 24.6506 11.4
      vertex 33.5706 24.6506 0
    endloop
  endfacet
  facet normal -0.938254 -0.345948 0
    outer loop
      vertex 33.5706 24.6506 11.4
      vertex 33.6168 24.5253 0
      vertex 33.6168 24.5253 11.4
    endloop
  endfacet
  facet normal 0.345948 -0.938254 0
    outer loop
      vertex 31.3494 25.5706 0
      vertex 31.4747 25.6168 11.4
      vertex 31.3494 25.5706 11.4
    endloop
  endfacet
  facet normal 0.345948 -0.938254 0
    outer loop
      vertex 31.4747 25.6168 11.4
      vertex 31.3494 25.5706 0
      vertex 31.4747 25.6168 0
    endloop
  endfacet
  facet normal 0.418821 -0.908069 0
    outer loop
      vertex 31.2282 25.5147 0
      vertex 31.3494 25.5706 11.4
      vertex 31.2282 25.5147 11.4
    endloop
  endfacet
  facet normal 0.418821 -0.908069 0
    outer loop
      vertex 31.3494 25.5706 11.4
      vertex 31.2282 25.5147 0
      vertex 31.3494 25.5706 0
    endloop
  endfacet
  facet normal -0.785668 0.618648 0
    outer loop
      vertex 33.2927 22.8959 0
      vertex 33.3753 23.0008 11.4
      vertex 33.3753 23.0008 0
    endloop
  endfacet
  facet normal -0.785668 0.618648 0
    outer loop
      vertex 33.3753 23.0008 11.4
      vertex 33.2927 22.8959 0
      vertex 33.2927 22.8959 11.4
    endloop
  endfacet
  facet normal -0.734286 0.67884 0
    outer loop
      vertex 33.2021 22.7979 0
      vertex 33.2927 22.8959 11.4
      vertex 33.2927 22.8959 0
    endloop
  endfacet
  facet normal -0.734286 0.67884 0
    outer loop
      vertex 33.2927 22.8959 11.4
      vertex 33.2021 22.7979 0
      vertex 33.2021 22.7979 11.4
    endloop
  endfacet
  facet normal -0.938254 0.345948 0
    outer loop
      vertex 33.5706 23.3494 0
      vertex 33.6168 23.4747 11.4
      vertex 33.6168 23.4747 0
    endloop
  endfacet
  facet normal -0.938254 0.345948 0
    outer loop
      vertex 33.6168 23.4747 11.4
      vertex 33.5706 23.3494 0
      vertex 33.5706 23.3494 11.4
    endloop
  endfacet
  facet normal 0.0389509 0.999241 -0
    outer loop
      vertex 32 22.3 0
      vertex 31.8666 22.3052 11.4
      vertex 32 22.3 11.4
    endloop
  endfacet
  facet normal 0.0389509 0.999241 0
    outer loop
      vertex 31.8666 22.3052 11.4
      vertex 32 22.3 0
      vertex 31.8666 22.3052 0
    endloop
  endfacet
  facet normal 0.618648 -0.785668 0
    outer loop
      vertex 30.8959 25.2927 0
      vertex 31.0008 25.3753 11.4
      vertex 30.8959 25.2927 11.4
    endloop
  endfacet
  facet normal 0.618648 -0.785668 0
    outer loop
      vertex 31.0008 25.3753 11.4
      vertex 30.8959 25.2927 0
      vertex 31.0008 25.3753 0
    endloop
  endfacet
  facet normal 0.999241 -0.0389509 0
    outer loop
      vertex 30.3 24 11.4
      vertex 30.3052 24.1334 0
      vertex 30.3052 24.1334 11.4
    endloop
  endfacet
  facet normal 0.999241 -0.0389509 0
    outer loop
      vertex 30.3052 24.1334 0
      vertex 30.3 24 11.4
      vertex 30.3 24 0
    endloop
  endfacet
  facet normal -0.831358 0.555737 0
    outer loop
      vertex 33.3753 23.0008 0
      vertex 33.4495 23.1118 11.4
      vertex 33.4495 23.1118 0
    endloop
  endfacet
  facet normal -0.831358 0.555737 0
    outer loop
      vertex 33.4495 23.1118 11.4
      vertex 33.3753 23.0008 0
      vertex 33.3753 23.0008 11.4
    endloop
  endfacet
  facet normal 0.195396 0.980724 -0
    outer loop
      vertex 31.7341 22.3209 0
      vertex 31.6031 22.347 11.4
      vertex 31.7341 22.3209 11.4
    endloop
  endfacet
  facet normal 0.195396 0.980724 0
    outer loop
      vertex 31.6031 22.347 11.4
      vertex 31.7341 22.3209 0
      vertex 31.6031 22.347 0
    endloop
  endfacet
  facet normal 0.734286 0.67884 0
    outer loop
      vertex 30.7979 22.7979 11.4
      vertex 30.7073 22.8959 0
      vertex 30.7073 22.8959 11.4
    endloop
  endfacet
  facet normal 0.734286 0.67884 0
    outer loop
      vertex 30.7073 22.8959 0
      vertex 30.7979 22.7979 11.4
      vertex 30.7979 22.7979 0
    endloop
  endfacet
  facet normal 0.872455 0.488695 0
    outer loop
      vertex 30.5505 23.1118 11.4
      vertex 30.4853 23.2282 0
      vertex 30.4853 23.2282 11.4
    endloop
  endfacet
  facet normal 0.872455 0.488695 0
    outer loop
      vertex 30.4853 23.2282 0
      vertex 30.5505 23.1118 11.4
      vertex 30.5505 23.1118 0
    endloop
  endfacet
  facet normal -0.734286 -0.67884 0
    outer loop
      vertex 33.2927 25.1041 0
      vertex 33.2021 25.2021 11.4
      vertex 33.2021 25.2021 0
    endloop
  endfacet
  facet normal -0.734286 -0.67884 0
    outer loop
      vertex 33.2021 25.2021 11.4
      vertex 33.2927 25.1041 0
      vertex 33.2927 25.1041 11.4
    endloop
  endfacet
  facet normal 0.67884 0.734286 -0
    outer loop
      vertex 30.8959 22.7073 0
      vertex 30.7979 22.7979 11.4
      vertex 30.8959 22.7073 11.4
    endloop
  endfacet
  facet normal 0.67884 0.734286 0
    outer loop
      vertex 30.7979 22.7979 11.4
      vertex 30.8959 22.7073 0
      vertex 30.7979 22.7979 0
    endloop
  endfacet
  facet normal 0.734286 -0.67884 0
    outer loop
      vertex 30.7073 25.1041 11.4
      vertex 30.7979 25.2021 0
      vertex 30.7979 25.2021 11.4
    endloop
  endfacet
  facet normal 0.734286 -0.67884 0
    outer loop
      vertex 30.7979 25.2021 0
      vertex 30.7073 25.1041 11.4
      vertex 30.7073 25.1041 0
    endloop
  endfacet
  facet normal -0.872455 0.488695 0
    outer loop
      vertex 33.4495 23.1118 0
      vertex 33.5147 23.2282 11.4
      vertex 33.5147 23.2282 0
    endloop
  endfacet
  facet normal -0.872455 0.488695 0
    outer loop
      vertex 33.5147 23.2282 11.4
      vertex 33.4495 23.1118 0
      vertex 33.4495 23.1118 11.4
    endloop
  endfacet
  facet normal 0.831358 -0.555737 0
    outer loop
      vertex 30.5505 24.8882 11.4
      vertex 30.6247 24.9992 0
      vertex 30.6247 24.9992 11.4
    endloop
  endfacet
  facet normal 0.831358 -0.555737 0
    outer loop
      vertex 30.6247 24.9992 0
      vertex 30.5505 24.8882 11.4
      vertex 30.5505 24.8882 0
    endloop
  endfacet
  facet normal -0.0389509 0.999241 0
    outer loop
      vertex 32.1334 22.3052 0
      vertex 32 22.3 11.4
      vertex 32.1334 22.3052 11.4
    endloop
  endfacet
  facet normal -0.0389509 0.999241 0
    outer loop
      vertex 32 22.3 11.4
      vertex 32.1334 22.3052 0
      vertex 32 22.3 0
    endloop
  endfacet
  facet normal -0.67884 0.734286 0
    outer loop
      vertex 33.2021 22.7979 0
      vertex 33.1041 22.7073 11.4
      vertex 33.2021 22.7979 11.4
    endloop
  endfacet
  facet normal -0.67884 0.734286 0
    outer loop
      vertex 33.1041 22.7073 11.4
      vertex 33.2021 22.7979 0
      vertex 33.1041 22.7073 0
    endloop
  endfacet
  facet normal 0.345948 0.938254 -0
    outer loop
      vertex 31.4747 22.3832 0
      vertex 31.3494 22.4294 11.4
      vertex 31.4747 22.3832 11.4
    endloop
  endfacet
  facet normal 0.345948 0.938254 0
    outer loop
      vertex 31.3494 22.4294 11.4
      vertex 31.4747 22.3832 0
      vertex 31.3494 22.4294 0
    endloop
  endfacet
  facet normal -0.117667 0.993053 0
    outer loop
      vertex 32.2659 22.3209 0
      vertex 32.1334 22.3052 11.4
      vertex 32.2659 22.3209 11.4
    endloop
  endfacet
  facet normal -0.117667 0.993053 0
    outer loop
      vertex 32.1334 22.3052 11.4
      vertex 32.2659 22.3209 0
      vertex 32.1334 22.3052 0
    endloop
  endfacet
  facet normal 0.96248 -0.271353 0
    outer loop
      vertex 30.347 24.3969 11.4
      vertex 30.3832 24.5253 0
      vertex 30.3832 24.5253 11.4
    endloop
  endfacet
  facet normal 0.96248 -0.271353 0
    outer loop
      vertex 30.3832 24.5253 0
      vertex 30.347 24.3969 11.4
      vertex 30.347 24.3969 0
    endloop
  endfacet
  facet normal 0.0389509 -0.999241 0
    outer loop
      vertex 31.8666 25.6948 0
      vertex 32 25.7 11.4
      vertex 31.8666 25.6948 11.4
    endloop
  endfacet
  facet normal 0.0389509 -0.999241 0
    outer loop
      vertex 32 25.7 11.4
      vertex 31.8666 25.6948 0
      vertex 32 25.7 0
    endloop
  endfacet
  facet normal -0.908069 0.418821 0
    outer loop
      vertex 33.5147 23.2282 0
      vertex 33.5706 23.3494 11.4
      vertex 33.5706 23.3494 0
    endloop
  endfacet
  facet normal -0.908069 0.418821 0
    outer loop
      vertex 33.5706 23.3494 11.4
      vertex 33.5147 23.2282 0
      vertex 33.5147 23.2282 11.4
    endloop
  endfacet
  facet normal -0.488695 -0.872455 0
    outer loop
      vertex 32.7718 25.5147 0
      vertex 32.8882 25.4495 11.4
      vertex 32.7718 25.5147 11.4
    endloop
  endfacet
  facet normal -0.488695 -0.872455 -0
    outer loop
      vertex 32.8882 25.4495 11.4
      vertex 32.7718 25.5147 0
      vertex 32.8882 25.4495 0
    endloop
  endfacet
  facet normal -0.195396 0.980724 0
    outer loop
      vertex 32.3969 22.347 0
      vertex 32.2659 22.3209 11.4
      vertex 32.3969 22.347 11.4
    endloop
  endfacet
  facet normal -0.195396 0.980724 0
    outer loop
      vertex 32.2659 22.3209 11.4
      vertex 32.3969 22.347 0
      vertex 32.2659 22.3209 0
    endloop
  endfacet
  facet normal 0.785668 0.618648 0
    outer loop
      vertex 30.7073 22.8959 11.4
      vertex 30.6247 23.0008 0
      vertex 30.6247 23.0008 11.4
    endloop
  endfacet
  facet normal 0.785668 0.618648 0
    outer loop
      vertex 30.6247 23.0008 0
      vertex 30.7073 22.8959 11.4
      vertex 30.7073 22.8959 0
    endloop
  endfacet
  facet normal -0.345948 0.938254 0
    outer loop
      vertex 32.6506 22.4294 0
      vertex 32.5253 22.3832 11.4
      vertex 32.6506 22.4294 11.4
    endloop
  endfacet
  facet normal -0.345948 0.938254 0
    outer loop
      vertex 32.5253 22.3832 11.4
      vertex 32.6506 22.4294 0
      vertex 32.5253 22.3832 0
    endloop
  endfacet
  facet normal 0.872455 -0.488695 0
    outer loop
      vertex 30.4853 24.7718 11.4
      vertex 30.5505 24.8882 0
      vertex 30.5505 24.8882 11.4
    endloop
  endfacet
  facet normal 0.872455 -0.488695 0
    outer loop
      vertex 30.5505 24.8882 0
      vertex 30.4853 24.7718 11.4
      vertex 30.4853 24.7718 0
    endloop
  endfacet
  facet normal 0.195396 -0.980724 0
    outer loop
      vertex 31.6031 25.653 0
      vertex 31.7341 25.6791 11.4
      vertex 31.6031 25.653 11.4
    endloop
  endfacet
  facet normal 0.195396 -0.980724 0
    outer loop
      vertex 31.7341 25.6791 11.4
      vertex 31.6031 25.653 0
      vertex 31.7341 25.6791 0
    endloop
  endfacet
  facet normal 0.555737 0.831358 -0
    outer loop
      vertex 31.1118 22.5505 0
      vertex 31.0008 22.6247 11.4
      vertex 31.1118 22.5505 11.4
    endloop
  endfacet
  facet normal 0.555737 0.831358 0
    outer loop
      vertex 31.0008 22.6247 11.4
      vertex 31.1118 22.5505 0
      vertex 31.0008 22.6247 0
    endloop
  endfacet
  facet normal 0.785668 -0.618648 0
    outer loop
      vertex 30.6247 24.9992 11.4
      vertex 30.7073 25.1041 0
      vertex 30.7073 25.1041 11.4
    endloop
  endfacet
  facet normal 0.785668 -0.618648 0
    outer loop
      vertex 30.7073 25.1041 0
      vertex 30.6247 24.9992 11.4
      vertex 30.6247 24.9992 0
    endloop
  endfacet
  facet normal -0.618648 0.785668 0
    outer loop
      vertex 33.1041 22.7073 0
      vertex 32.9992 22.6247 11.4
      vertex 33.1041 22.7073 11.4
    endloop
  endfacet
  facet normal -0.618648 0.785668 0
    outer loop
      vertex 32.9992 22.6247 11.4
      vertex 33.1041 22.7073 0
      vertex 32.9992 22.6247 0
    endloop
  endfacet
  facet normal -0.117667 -0.993053 0
    outer loop
      vertex 32.1334 25.6948 0
      vertex 32.2659 25.6791 11.4
      vertex 32.1334 25.6948 11.4
    endloop
  endfacet
  facet normal -0.117667 -0.993053 -0
    outer loop
      vertex 32.2659 25.6791 11.4
      vertex 32.1334 25.6948 0
      vertex 32.2659 25.6791 0
    endloop
  endfacet
  facet normal -0.195396 -0.980724 0
    outer loop
      vertex 32.2659 25.6791 0
      vertex 32.3969 25.653 11.4
      vertex 32.2659 25.6791 11.4
    endloop
  endfacet
  facet normal -0.195396 -0.980724 -0
    outer loop
      vertex 32.3969 25.653 11.4
      vertex 32.2659 25.6791 0
      vertex 32.3969 25.653 0
    endloop
  endfacet
  facet normal -0.418821 -0.908069 0
    outer loop
      vertex 32.6506 25.5706 0
      vertex 32.7718 25.5147 11.4
      vertex 32.6506 25.5706 11.4
    endloop
  endfacet
  facet normal -0.418821 -0.908069 -0
    outer loop
      vertex 32.7718 25.5147 11.4
      vertex 32.6506 25.5706 0
      vertex 32.7718 25.5147 0
    endloop
  endfacet
  facet normal 0.555737 -0.831358 0
    outer loop
      vertex 31.0008 25.3753 0
      vertex 31.1118 25.4495 11.4
      vertex 31.0008 25.3753 11.4
    endloop
  endfacet
  facet normal 0.555737 -0.831358 0
    outer loop
      vertex 31.1118 25.4495 11.4
      vertex 31.0008 25.3753 0
      vertex 31.1118 25.4495 0
    endloop
  endfacet
  facet normal 0.999241 0.0389509 0
    outer loop
      vertex 30.3052 23.8666 11.4
      vertex 30.3 24 0
      vertex 30.3 24 11.4
    endloop
  endfacet
  facet normal 0.999241 0.0389509 0
    outer loop
      vertex 30.3 24 0
      vertex 30.3052 23.8666 11.4
      vertex 30.3052 23.8666 0
    endloop
  endfacet
  facet normal 0.117667 0.993053 -0
    outer loop
      vertex 31.8666 22.3052 0
      vertex 31.7341 22.3209 11.4
      vertex 31.8666 22.3052 11.4
    endloop
  endfacet
  facet normal 0.117667 0.993053 0
    outer loop
      vertex 31.7341 22.3209 11.4
      vertex 31.8666 22.3052 0
      vertex 31.7341 22.3209 0
    endloop
  endfacet
  facet normal 0.488695 0.872455 -0
    outer loop
      vertex 31.2282 22.4853 0
      vertex 31.1118 22.5505 11.4
      vertex 31.2282 22.4853 11.4
    endloop
  endfacet
  facet normal 0.488695 0.872455 0
    outer loop
      vertex 31.1118 22.5505 11.4
      vertex 31.2282 22.4853 0
      vertex 31.1118 22.5505 0
    endloop
  endfacet
  facet normal 0.418821 0.908069 -0
    outer loop
      vertex 31.3494 22.4294 0
      vertex 31.2282 22.4853 11.4
      vertex 31.3494 22.4294 11.4
    endloop
  endfacet
  facet normal 0.418821 0.908069 0
    outer loop
      vertex 31.2282 22.4853 11.4
      vertex 31.3494 22.4294 0
      vertex 31.2282 22.4853 0
    endloop
  endfacet
endsolid OpenSCAD_Model
