solid OpenSCAD_Model
  facet normal -0.734266 -0.678862 0
    outer loop
      vertex 17.7574 -14.2426 12
      vertex 17.4376 -13.8967 20
      vertex 17.4376 -13.8967 12
    endloop
  endfacet
  facet normal -0.734266 -0.678862 0
    outer loop
      vertex 17.4376 -13.8967 20
      vertex 17.7574 -14.2426 12
      vertex 17.7574 -14.2426 20
    endloop
  endfacet
  facet normal -0.117542 0.993068 0
    outer loop
      vertex 21.5292 -4.0185 12
      vertex 21.0614 -4.07387 20
      vertex 21.5292 -4.0185 20
    endloop
  endfacet
  facet normal -0.117542 0.993068 0
    outer loop
      vertex 21.0614 -4.07387 20
      vertex 21.5292 -4.0185 12
      vertex 21.0614 -4.07387 12
    endloop
  endfacet
  facet normal 0.619062 0.785342 -0
    outer loop
      vertex 25.8967 -5.43756 12
      vertex 25.5267 -5.1459 20
      vertex 25.8967 -5.43756 20
    endloop
  endfacet
  facet normal 0.619062 0.785342 0
    outer loop
      vertex 25.5267 -5.1459 20
      vertex 25.8967 -5.43756 12
      vertex 25.5267 -5.1459 12
    endloop
  endfacet
  facet normal -0.908092 0.41877 0
    outer loop
      vertex 16.4567 -7.7039 12
      vertex 16.654 -7.27606 20
      vertex 16.654 -7.27606 12
    endloop
  endfacet
  facet normal -0.908092 0.41877 0
    outer loop
      vertex 16.654 -7.27606 20
      vertex 16.4567 -7.7039 12
      vertex 16.4567 -7.7039 20
    endloop
  endfacet
  facet normal -0.831508 0.555513 0
    outer loop
      vertex 16.8842 -6.86501 12
      vertex 17.1459 -6.47329 20
      vertex 17.1459 -6.47329 12
    endloop
  endfacet
  facet normal -0.831508 0.555513 0
    outer loop
      vertex 17.1459 -6.47329 20
      vertex 16.8842 -6.86501 12
      vertex 16.8842 -6.86501 20
    endloop
  endfacet
  facet normal -0.908077 -0.418802 0
    outer loop
      vertex 16.654 -12.7239 12
      vertex 16.4567 -12.2961 20
      vertex 16.4567 -12.2961 12
    endloop
  endfacet
  facet normal -0.908077 -0.418802 0
    outer loop
      vertex 16.4567 -12.2961 20
      vertex 16.654 -12.7239 12
      vertex 16.654 -12.7239 20
    endloop
  endfacet
  facet normal 0.271495 -0.96244 0
    outer loop
      vertex 23.4007 -15.8342 12
      vertex 23.8541 -15.7063 20
      vertex 23.4007 -15.8342 20
    endloop
  endfacet
  facet normal 0.271495 -0.96244 0
    outer loop
      vertex 23.8541 -15.7063 20
      vertex 23.4007 -15.8342 12
      vertex 23.8541 -15.7063 12
    endloop
  endfacet
  facet normal -0.271495 -0.96244 0
    outer loop
      vertex 20.1459 -15.7063 12
      vertex 20.5993 -15.8342 20
      vertex 20.1459 -15.7063 20
    endloop
  endfacet
  facet normal -0.271495 -0.96244 -0
    outer loop
      vertex 20.5993 -15.8342 20
      vertex 20.1459 -15.7063 12
      vertex 20.5993 -15.8342 12
    endloop
  endfacet
  facet normal 0.0392645 0.999229 -0
    outer loop
      vertex 22.4708 -4.0185 12
      vertex 22 -4 20
      vertex 22.4708 -4.0185 20
    endloop
  endfacet
  facet normal 0.0392645 0.999229 0
    outer loop
      vertex 22 -4 20
      vertex 22.4708 -4.0185 12
      vertex 22 -4 12
    endloop
  endfacet
  facet normal -0.831495 -0.555533 0
    outer loop
      vertex 17.1459 -13.5267 12
      vertex 16.8842 -13.135 20
      vertex 16.8842 -13.135 12
    endloop
  endfacet
  facet normal -0.831495 -0.555533 0
    outer loop
      vertex 16.8842 -13.135 20
      vertex 17.1459 -13.5267 12
      vertex 17.1459 -13.5267 20
    endloop
  endfacet
  facet normal 0.99306 -0.117605 0
    outer loop
      vertex 27.9261 -10.9386 20
      vertex 27.9815 -10.4708 12
      vertex 27.9815 -10.4708 20
    endloop
  endfacet
  facet normal 0.99306 -0.117605 0
    outer loop
      vertex 27.9815 -10.4708 12
      vertex 27.9261 -10.9386 20
      vertex 27.9261 -10.9386 12
    endloop
  endfacet
  facet normal 0.993062 0.11759 0
    outer loop
      vertex 27.9815 -9.52925 20
      vertex 27.9261 -9.06139 12
      vertex 27.9261 -9.06139 20
    endloop
  endfacet
  facet normal 0.993062 0.11759 0
    outer loop
      vertex 27.9261 -9.06139 12
      vertex 27.9815 -9.52925 20
      vertex 27.9815 -9.52925 12
    endloop
  endfacet
  facet normal 0.195075 0.980788 -0
    outer loop
      vertex 23.4007 -4.16578 12
      vertex 22.9386 -4.07387 20
      vertex 23.4007 -4.16578 20
    endloop
  endfacet
  facet normal 0.195075 0.980788 0
    outer loop
      vertex 22.9386 -4.07387 20
      vertex 23.4007 -4.16578 12
      vertex 22.9386 -4.07387 12
    endloop
  endfacet
  facet normal 0.346 -0.938234 0
    outer loop
      vertex 23.8541 -15.7063 12
      vertex 24.2961 -15.5433 20
      vertex 23.8541 -15.7063 20
    endloop
  endfacet
  facet normal 0.346 -0.938234 0
    outer loop
      vertex 24.2961 -15.5433 20
      vertex 23.8541 -15.7063 12
      vertex 24.2961 -15.5433 12
    endloop
  endfacet
  facet normal 0.872495 0.488623 0
    outer loop
      vertex 27.346 -7.27606 20
      vertex 27.1158 -6.86501 12
      vertex 27.1158 -6.86501 20
    endloop
  endfacet
  facet normal 0.872495 0.488623 0
    outer loop
      vertex 27.1158 -6.86501 12
      vertex 27.346 -7.27606 20
      vertex 27.346 -7.27606 12
    endloop
  endfacet
  facet normal -0.488578 0.87252 0
    outer loop
      vertex 19.2761 -4.65396 12
      vertex 18.865 -4.88416 20
      vertex 19.2761 -4.65396 20
    endloop
  endfacet
  facet normal -0.488578 0.87252 0
    outer loop
      vertex 18.865 -4.88416 20
      vertex 19.2761 -4.65396 12
      vertex 18.865 -4.88416 12
    endloop
  endfacet
  facet normal 0.999229 -0.0392645 0
    outer loop
      vertex 27.9815 -10.4708 20
      vertex 28 -10 12
      vertex 28 -10 20
    endloop
  endfacet
  facet normal 0.999229 -0.0392645 0
    outer loop
      vertex 28 -10 12
      vertex 27.9815 -10.4708 20
      vertex 27.9815 -10.4708 12
    endloop
  endfacet
  facet normal -0.619062 0.785342 0
    outer loop
      vertex 18.4733 -5.1459 12
      vertex 18.1033 -5.43756 20
      vertex 18.4733 -5.1459 20
    endloop
  endfacet
  facet normal -0.619062 0.785342 0
    outer loop
      vertex 18.1033 -5.43756 20
      vertex 18.4733 -5.1459 12
      vertex 18.1033 -5.43756 12
    endloop
  endfacet
  facet normal 0.117605 -0.99306 0
    outer loop
      vertex 22.4708 -15.9815 12
      vertex 22.9386 -15.9261 20
      vertex 22.4708 -15.9815 20
    endloop
  endfacet
  facet normal 0.117605 -0.99306 0
    outer loop
      vertex 22.9386 -15.9261 20
      vertex 22.4708 -15.9815 12
      vertex 22.9386 -15.9261 12
    endloop
  endfacet
  facet normal 0.999229 0.0392687 0
    outer loop
      vertex 28 -10 20
      vertex 27.9815 -9.52925 12
      vertex 27.9815 -9.52925 20
    endloop
  endfacet
  facet normal 0.999229 0.0392687 0
    outer loop
      vertex 27.9815 -9.52925 12
      vertex 28 -10 20
      vertex 28 -10 12
    endloop
  endfacet
  facet normal -0.980792 -0.195055 0
    outer loop
      vertex 16.1658 -11.4007 12
      vertex 16.0739 -10.9386 20
      vertex 16.0739 -10.9386 12
    endloop
  endfacet
  facet normal -0.980792 -0.195055 0
    outer loop
      vertex 16.0739 -10.9386 20
      vertex 16.1658 -11.4007 12
      vertex 16.1658 -11.4007 20
    endloop
  endfacet
  facet normal -0.117605 -0.99306 0
    outer loop
      vertex 21.0614 -15.9261 12
      vertex 21.5292 -15.9815 20
      vertex 21.0614 -15.9261 20
    endloop
  endfacet
  facet normal -0.117605 -0.99306 -0
    outer loop
      vertex 21.5292 -15.9815 20
      vertex 21.0614 -15.9261 12
      vertex 21.5292 -15.9815 12
    endloop
  endfacet
  facet normal 0.938234 0.346 0
    outer loop
      vertex 27.7063 -8.1459 20
      vertex 27.5433 -7.7039 12
      vertex 27.5433 -7.7039 20
    endloop
  endfacet
  facet normal 0.938234 0.346 0
    outer loop
      vertex 27.5433 -7.7039 12
      vertex 27.7063 -8.1459 20
      vertex 27.7063 -8.1459 12
    endloop
  endfacet
  facet normal 0.908092 0.41877 0
    outer loop
      vertex 27.5433 -7.7039 20
      vertex 27.346 -7.27606 12
      vertex 27.346 -7.27606 20
    endloop
  endfacet
  facet normal 0.908092 0.41877 0
    outer loop
      vertex 27.346 -7.27606 12
      vertex 27.5433 -7.7039 20
      vertex 27.5433 -7.7039 12
    endloop
  endfacet
  facet normal 0.488578 -0.87252 0
    outer loop
      vertex 24.7239 -15.346 12
      vertex 25.135 -15.1158 20
      vertex 24.7239 -15.346 20
    endloop
  endfacet
  facet normal 0.488578 -0.87252 0
    outer loop
      vertex 25.135 -15.1158 20
      vertex 24.7239 -15.346 12
      vertex 25.135 -15.1158 12
    endloop
  endfacet
  facet normal 0.962444 0.271479 0
    outer loop
      vertex 27.8342 -8.59933 20
      vertex 27.7063 -8.1459 12
      vertex 27.7063 -8.1459 20
    endloop
  endfacet
  facet normal 0.962444 0.271479 0
    outer loop
      vertex 27.7063 -8.1459 12
      vertex 27.8342 -8.59933 20
      vertex 27.8342 -8.59933 12
    endloop
  endfacet
  facet normal -0.418802 -0.908077 0
    outer loop
      vertex 19.2761 -15.346 12
      vertex 19.7039 -15.5433 20
      vertex 19.2761 -15.346 20
    endloop
  endfacet
  facet normal -0.418802 -0.908077 -0
    outer loop
      vertex 19.7039 -15.5433 20
      vertex 19.2761 -15.346 12
      vertex 19.7039 -15.5433 12
    endloop
  endfacet
  facet normal -0.346113 0.938193 0
    outer loop
      vertex 20.1459 -4.29366 12
      vertex 19.7039 -4.45672 20
      vertex 20.1459 -4.29366 20
    endloop
  endfacet
  facet normal -0.346113 0.938193 0
    outer loop
      vertex 19.7039 -4.45672 20
      vertex 20.1459 -4.29366 12
      vertex 19.7039 -4.45672 12
    endloop
  endfacet
  facet normal 0.87252 -0.488578 0
    outer loop
      vertex 27.1158 -13.135 20
      vertex 27.346 -12.7239 12
      vertex 27.346 -12.7239 20
    endloop
  endfacet
  facet normal 0.87252 -0.488578 0
    outer loop
      vertex 27.346 -12.7239 12
      vertex 27.1158 -13.135 20
      vertex 27.1158 -13.135 12
    endloop
  endfacet
  facet normal 0.117542 0.993068 -0
    outer loop
      vertex 22.9386 -4.07387 12
      vertex 22.4708 -4.0185 20
      vertex 22.9386 -4.07387 20
    endloop
  endfacet
  facet normal 0.117542 0.993068 0
    outer loop
      vertex 22.4708 -4.0185 20
      vertex 22.9386 -4.07387 12
      vertex 22.4708 -4.0185 12
    endloop
  endfacet
  facet normal 0.831495 -0.555533 0
    outer loop
      vertex 26.8541 -13.5267 20
      vertex 27.1158 -13.135 12
      vertex 27.1158 -13.135 20
    endloop
  endfacet
  facet normal 0.831495 -0.555533 0
    outer loop
      vertex 27.1158 -13.135 12
      vertex 26.8541 -13.5267 20
      vertex 26.8541 -13.5267 12
    endloop
  endfacet
  facet normal 0.785301 -0.619114 0
    outer loop
      vertex 26.5624 -13.8967 20
      vertex 26.8541 -13.5267 12
      vertex 26.8541 -13.5267 20
    endloop
  endfacet
  facet normal 0.785301 -0.619114 0
    outer loop
      vertex 26.8541 -13.5267 12
      vertex 26.5624 -13.8967 20
      vertex 26.5624 -13.8967 12
    endloop
  endfacet
  facet normal -0.0392645 -0.999229 0
    outer loop
      vertex 21.5292 -15.9815 12
      vertex 22 -16 20
      vertex 21.5292 -15.9815 20
    endloop
  endfacet
  facet normal -0.0392645 -0.999229 -0
    outer loop
      vertex 22 -16 20
      vertex 21.5292 -15.9815 12
      vertex 22 -16 12
    endloop
  endfacet
  facet normal -0.0392645 0.999229 0
    outer loop
      vertex 22 -4 12
      vertex 21.5292 -4.0185 20
      vertex 22 -4 20
    endloop
  endfacet
  facet normal -0.0392645 0.999229 0
    outer loop
      vertex 21.5292 -4.0185 20
      vertex 22 -4 12
      vertex 21.5292 -4.0185 12
    endloop
  endfacet
  facet normal -0.271456 0.962451 0
    outer loop
      vertex 20.5993 -4.16578 12
      vertex 20.1459 -4.29366 20
      vertex 20.5993 -4.16578 20
    endloop
  endfacet
  facet normal -0.271456 0.962451 0
    outer loop
      vertex 20.1459 -4.29366 20
      vertex 20.5993 -4.16578 12
      vertex 20.1459 -4.29366 12
    endloop
  endfacet
  facet normal 0.271456 0.962451 -0
    outer loop
      vertex 23.8541 -4.29366 12
      vertex 23.4007 -4.16578 20
      vertex 23.8541 -4.29366 20
    endloop
  endfacet
  facet normal 0.271456 0.962451 0
    outer loop
      vertex 23.4007 -4.16578 20
      vertex 23.8541 -4.29366 12
      vertex 23.4007 -4.16578 12
    endloop
  endfacet
  facet normal -0.962444 0.271479 0
    outer loop
      vertex 16.1658 -8.59933 12
      vertex 16.2937 -8.1459 20
      vertex 16.2937 -8.1459 12
    endloop
  endfacet
  facet normal -0.962444 0.271479 0
    outer loop
      vertex 16.2937 -8.1459 20
      vertex 16.1658 -8.59933 12
      vertex 16.1658 -8.59933 20
    endloop
  endfacet
  facet normal 0.908077 -0.418802 0
    outer loop
      vertex 27.346 -12.7239 20
      vertex 27.5433 -12.2961 12
      vertex 27.5433 -12.2961 20
    endloop
  endfacet
  facet normal 0.908077 -0.418802 0
    outer loop
      vertex 27.5433 -12.2961 12
      vertex 27.346 -12.7239 20
      vertex 27.346 -12.7239 12
    endloop
  endfacet
  facet normal 0.980789 0.195071 0
    outer loop
      vertex 27.9261 -9.06139 20
      vertex 27.8342 -8.59933 12
      vertex 27.8342 -8.59933 20
    endloop
  endfacet
  facet normal 0.980789 0.195071 0
    outer loop
      vertex 27.8342 -8.59933 12
      vertex 27.9261 -9.06139 20
      vertex 27.9261 -9.06139 12
    endloop
  endfacet
  facet normal -0.785301 -0.619114 0
    outer loop
      vertex 17.4376 -13.8967 12
      vertex 17.1459 -13.5267 20
      vertex 17.1459 -13.5267 12
    endloop
  endfacet
  facet normal -0.785301 -0.619114 0
    outer loop
      vertex 17.1459 -13.5267 20
      vertex 17.4376 -13.8967 12
      vertex 17.4376 -13.8967 20
    endloop
  endfacet
  facet normal 0.980792 -0.195055 0
    outer loop
      vertex 27.8342 -11.4007 20
      vertex 27.9261 -10.9386 12
      vertex 27.9261 -10.9386 20
    endloop
  endfacet
  facet normal 0.980792 -0.195055 0
    outer loop
      vertex 27.9261 -10.9386 12
      vertex 27.8342 -11.4007 20
      vertex 27.8342 -11.4007 12
    endloop
  endfacet
  facet normal -0.734315 0.678809 0
    outer loop
      vertex 17.4376 -6.10331 12
      vertex 17.7574 -5.75736 20
      vertex 17.7574 -5.75736 12
    endloop
  endfacet
  facet normal -0.734315 0.678809 0
    outer loop
      vertex 17.7574 -5.75736 20
      vertex 17.4376 -6.10331 12
      vertex 17.4376 -6.10331 20
    endloop
  endfacet
  facet normal -0.999229 -0.0392645 0
    outer loop
      vertex 16.0185 -10.4708 12
      vertex 16 -10 20
      vertex 16 -10 12
    endloop
  endfacet
  facet normal -0.999229 -0.0392645 0
    outer loop
      vertex 16 -10 20
      vertex 16.0185 -10.4708 12
      vertex 16.0185 -10.4708 20
    endloop
  endfacet
  facet normal -0.619114 -0.785301 0
    outer loop
      vertex 18.1033 -14.5624 12
      vertex 18.4733 -14.8541 20
      vertex 18.1033 -14.5624 20
    endloop
  endfacet
  facet normal -0.619114 -0.785301 -0
    outer loop
      vertex 18.4733 -14.8541 20
      vertex 18.1033 -14.5624 12
      vertex 18.4733 -14.8541 12
    endloop
  endfacet
  facet normal 0.831508 0.555513 0
    outer loop
      vertex 27.1158 -6.86501 20
      vertex 26.8541 -6.47329 12
      vertex 26.8541 -6.47329 20
    endloop
  endfacet
  facet normal 0.831508 0.555513 0
    outer loop
      vertex 26.8541 -6.47329 12
      vertex 27.1158 -6.86501 20
      vertex 27.1158 -6.86501 12
    endloop
  endfacet
  facet normal 0.488578 0.87252 -0
    outer loop
      vertex 25.135 -4.88416 12
      vertex 24.7239 -4.65396 20
      vertex 25.135 -4.88416 20
    endloop
  endfacet
  facet normal 0.488578 0.87252 0
    outer loop
      vertex 24.7239 -4.65396 20
      vertex 25.135 -4.88416 12
      vertex 24.7239 -4.65396 12
    endloop
  endfacet
  facet normal -0.999229 0.0392687 0
    outer loop
      vertex 16 -10 12
      vertex 16.0185 -9.52925 20
      vertex 16.0185 -9.52925 12
    endloop
  endfacet
  facet normal -0.999229 0.0392687 0
    outer loop
      vertex 16.0185 -9.52925 20
      vertex 16 -10 12
      vertex 16 -10 20
    endloop
  endfacet
  facet normal 0.418697 0.908126 -0
    outer loop
      vertex 24.7239 -4.65396 12
      vertex 24.2961 -4.45672 20
      vertex 24.7239 -4.65396 20
    endloop
  endfacet
  facet normal 0.418697 0.908126 0
    outer loop
      vertex 24.2961 -4.45672 20
      vertex 24.7239 -4.65396 12
      vertex 24.2961 -4.45672 12
    endloop
  endfacet
  facet normal 0.555591 0.831455 -0
    outer loop
      vertex 25.5267 -5.1459 12
      vertex 25.135 -4.88416 20
      vertex 25.5267 -5.1459 20
    endloop
  endfacet
  facet normal 0.555591 0.831455 0
    outer loop
      vertex 25.135 -4.88416 20
      vertex 25.5267 -5.1459 12
      vertex 25.135 -4.88416 12
    endloop
  endfacet
  facet normal -0.678862 0.734266 0
    outer loop
      vertex 18.1033 -5.43756 12
      vertex 17.7574 -5.75736 20
      vertex 18.1033 -5.43756 20
    endloop
  endfacet
  facet normal -0.678862 0.734266 0
    outer loop
      vertex 17.7574 -5.75736 20
      vertex 18.1033 -5.43756 12
      vertex 17.7574 -5.75736 12
    endloop
  endfacet
  facet normal 0.418802 -0.908077 0
    outer loop
      vertex 24.2961 -15.5433 12
      vertex 24.7239 -15.346 20
      vertex 24.2961 -15.5433 20
    endloop
  endfacet
  facet normal 0.418802 -0.908077 0
    outer loop
      vertex 24.7239 -15.346 20
      vertex 24.2961 -15.5433 12
      vertex 24.7239 -15.346 12
    endloop
  endfacet
  facet normal 0.678862 -0.734266 0
    outer loop
      vertex 25.8967 -14.5624 12
      vertex 26.2426 -14.2426 20
      vertex 25.8967 -14.5624 20
    endloop
  endfacet
  facet normal 0.678862 -0.734266 0
    outer loop
      vertex 26.2426 -14.2426 20
      vertex 25.8967 -14.5624 12
      vertex 26.2426 -14.2426 12
    endloop
  endfacet
  facet normal 0.195055 -0.980792 0
    outer loop
      vertex 22.9386 -15.9261 12
      vertex 23.4007 -15.8342 20
      vertex 22.9386 -15.9261 20
    endloop
  endfacet
  facet normal 0.195055 -0.980792 0
    outer loop
      vertex 23.4007 -15.8342 20
      vertex 22.9386 -15.9261 12
      vertex 23.4007 -15.8342 12
    endloop
  endfacet
  facet normal -0.195075 0.980788 0
    outer loop
      vertex 21.0614 -4.07387 12
      vertex 20.5993 -4.16578 20
      vertex 21.0614 -4.07387 20
    endloop
  endfacet
  facet normal -0.195075 0.980788 0
    outer loop
      vertex 20.5993 -4.16578 20
      vertex 21.0614 -4.07387 12
      vertex 20.5993 -4.16578 12
    endloop
  endfacet
  facet normal 0.555533 -0.831495 0
    outer loop
      vertex 25.135 -15.1158 12
      vertex 25.5267 -14.8541 20
      vertex 25.135 -15.1158 20
    endloop
  endfacet
  facet normal 0.555533 -0.831495 0
    outer loop
      vertex 25.5267 -14.8541 20
      vertex 25.135 -15.1158 12
      vertex 25.5267 -14.8541 12
    endloop
  endfacet
  facet normal -0.99306 -0.117605 0
    outer loop
      vertex 16.0739 -10.9386 12
      vertex 16.0185 -10.4708 20
      vertex 16.0185 -10.4708 12
    endloop
  endfacet
  facet normal -0.99306 -0.117605 0
    outer loop
      vertex 16.0185 -10.4708 20
      vertex 16.0739 -10.9386 12
      vertex 16.0739 -10.9386 20
    endloop
  endfacet
  facet normal -0.195055 -0.980792 0
    outer loop
      vertex 20.5993 -15.8342 12
      vertex 21.0614 -15.9261 20
      vertex 20.5993 -15.8342 20
    endloop
  endfacet
  facet normal -0.195055 -0.980792 -0
    outer loop
      vertex 21.0614 -15.9261 20
      vertex 20.5993 -15.8342 12
      vertex 21.0614 -15.9261 12
    endloop
  endfacet
  facet normal -0.418697 0.908126 0
    outer loop
      vertex 19.7039 -4.45672 12
      vertex 19.2761 -4.65396 20
      vertex 19.7039 -4.45672 20
    endloop
  endfacet
  facet normal -0.418697 0.908126 0
    outer loop
      vertex 19.2761 -4.65396 20
      vertex 19.7039 -4.45672 12
      vertex 19.2761 -4.65396 12
    endloop
  endfacet
  facet normal 0.0392645 -0.999229 0
    outer loop
      vertex 22 -16 12
      vertex 22.4708 -15.9815 20
      vertex 22 -16 20
    endloop
  endfacet
  facet normal 0.0392645 -0.999229 0
    outer loop
      vertex 22.4708 -15.9815 20
      vertex 22 -16 12
      vertex 22.4708 -15.9815 12
    endloop
  endfacet
  facet normal -0.938234 -0.346 0
    outer loop
      vertex 16.4567 -12.2961 12
      vertex 16.2937 -11.8541 20
      vertex 16.2937 -11.8541 12
    endloop
  endfacet
  facet normal -0.938234 -0.346 0
    outer loop
      vertex 16.2937 -11.8541 20
      vertex 16.4567 -12.2961 12
      vertex 16.4567 -12.2961 20
    endloop
  endfacet
  facet normal 0.96244 -0.271495 0
    outer loop
      vertex 27.7063 -11.8541 20
      vertex 27.8342 -11.4007 12
      vertex 27.8342 -11.4007 20
    endloop
  endfacet
  facet normal 0.96244 -0.271495 0
    outer loop
      vertex 27.8342 -11.4007 12
      vertex 27.7063 -11.8541 20
      vertex 27.7063 -11.8541 12
    endloop
  endfacet
  facet normal 0.785285 0.619135 0
    outer loop
      vertex 26.8541 -6.47329 20
      vertex 26.5624 -6.10331 12
      vertex 26.5624 -6.10331 20
    endloop
  endfacet
  facet normal 0.785285 0.619135 0
    outer loop
      vertex 26.5624 -6.10331 12
      vertex 26.8541 -6.47329 20
      vertex 26.8541 -6.47329 12
    endloop
  endfacet
  facet normal 0.678862 0.734266 -0
    outer loop
      vertex 26.2426 -5.75736 12
      vertex 25.8967 -5.43756 20
      vertex 26.2426 -5.75736 20
    endloop
  endfacet
  facet normal 0.678862 0.734266 0
    outer loop
      vertex 25.8967 -5.43756 20
      vertex 26.2426 -5.75736 12
      vertex 25.8967 -5.43756 12
    endloop
  endfacet
  facet normal -0.346 -0.938234 0
    outer loop
      vertex 19.7039 -15.5433 12
      vertex 20.1459 -15.7063 20
      vertex 19.7039 -15.5433 20
    endloop
  endfacet
  facet normal -0.346 -0.938234 -0
    outer loop
      vertex 20.1459 -15.7063 20
      vertex 19.7039 -15.5433 12
      vertex 20.1459 -15.7063 12
    endloop
  endfacet
  facet normal -0.96244 -0.271495 0
    outer loop
      vertex 16.2937 -11.8541 12
      vertex 16.1658 -11.4007 20
      vertex 16.1658 -11.4007 12
    endloop
  endfacet
  facet normal -0.96244 -0.271495 0
    outer loop
      vertex 16.1658 -11.4007 20
      vertex 16.2937 -11.8541 12
      vertex 16.2937 -11.8541 20
    endloop
  endfacet
  facet normal -0.555533 -0.831495 0
    outer loop
      vertex 18.4733 -14.8541 12
      vertex 18.865 -15.1158 20
      vertex 18.4733 -14.8541 20
    endloop
  endfacet
  facet normal -0.555533 -0.831495 -0
    outer loop
      vertex 18.865 -15.1158 20
      vertex 18.4733 -14.8541 12
      vertex 18.865 -15.1158 12
    endloop
  endfacet
  facet normal 0.346113 0.938193 -0
    outer loop
      vertex 24.2961 -4.45672 12
      vertex 23.8541 -4.29366 20
      vertex 24.2961 -4.45672 20
    endloop
  endfacet
  facet normal 0.346113 0.938193 0
    outer loop
      vertex 23.8541 -4.29366 20
      vertex 24.2961 -4.45672 12
      vertex 23.8541 -4.29366 12
    endloop
  endfacet
  facet normal -0.488578 -0.87252 0
    outer loop
      vertex 18.865 -15.1158 12
      vertex 19.2761 -15.346 20
      vertex 18.865 -15.1158 20
    endloop
  endfacet
  facet normal -0.488578 -0.87252 -0
    outer loop
      vertex 19.2761 -15.346 20
      vertex 18.865 -15.1158 12
      vertex 19.2761 -15.346 12
    endloop
  endfacet
  facet normal -0.555591 0.831455 0
    outer loop
      vertex 18.865 -4.88416 12
      vertex 18.4733 -5.1459 20
      vertex 18.865 -4.88416 20
    endloop
  endfacet
  facet normal -0.555591 0.831455 0
    outer loop
      vertex 18.4733 -5.1459 20
      vertex 18.865 -4.88416 12
      vertex 18.4733 -5.1459 12
    endloop
  endfacet
  facet normal 0.619114 -0.785301 0
    outer loop
      vertex 25.5267 -14.8541 12
      vertex 25.8967 -14.5624 20
      vertex 25.5267 -14.8541 20
    endloop
  endfacet
  facet normal 0.619114 -0.785301 0
    outer loop
      vertex 25.8967 -14.5624 20
      vertex 25.5267 -14.8541 12
      vertex 25.8967 -14.5624 12
    endloop
  endfacet
  facet normal 0 0 1
    outer loop
      vertex 27.9815 -9.52925 20
      vertex 27.9815 -10.4708 20
      vertex 28 -10 20
    endloop
  endfacet
  facet normal 0 0 1
    outer loop
      vertex 27.9261 -9.06139 20
      vertex 27.9815 -10.4708 20
      vertex 27.9815 -9.52925 20
    endloop
  endfacet
  facet normal 0 0 1
    outer loop
      vertex 27.9261 -9.06139 20
      vertex 27.9261 -10.9386 20
      vertex 27.9815 -10.4708 20
    endloop
  endfacet
  facet normal 0 0 1
    outer loop
      vertex 27.8342 -8.59933 20
      vertex 27.9261 -10.9386 20
      vertex 27.9261 -9.06139 20
    endloop
  endfacet
  facet normal 0 0 1
    outer loop
      vertex 27.8342 -8.59933 20
      vertex 27.8342 -11.4007 20
      vertex 27.9261 -10.9386 20
    endloop
  endfacet
  facet normal 0 0 1
    outer loop
      vertex 27.7063 -8.1459 20
      vertex 27.8342 -11.4007 20
      vertex 27.8342 -8.59933 20
    endloop
  endfacet
  facet normal 0 0 1
    outer loop
      vertex 27.7063 -8.1459 20
      vertex 27.7063 -11.8541 20
      vertex 27.8342 -11.4007 20
    endloop
  endfacet
  facet normal 0 0 1
    outer loop
      vertex 27.5433 -7.7039 20
      vertex 27.7063 -11.8541 20
      vertex 27.7063 -8.1459 20
    endloop
  endfacet
  facet normal 0 0 1
    outer loop
      vertex 27.5433 -7.7039 20
      vertex 27.5433 -12.2961 20
      vertex 27.7063 -11.8541 20
    endloop
  endfacet
  facet normal 0 0 1
    outer loop
      vertex 27.346 -7.27606 20
      vertex 27.5433 -12.2961 20
      vertex 27.5433 -7.7039 20
    endloop
  endfacet
  facet normal 0 0 1
    outer loop
      vertex 27.346 -7.27606 20
      vertex 27.346 -12.7239 20
      vertex 27.5433 -12.2961 20
    endloop
  endfacet
  facet normal 0 0 1
    outer loop
      vertex 27.1158 -6.86501 20
      vertex 27.346 -12.7239 20
      vertex 27.346 -7.27606 20
    endloop
  endfacet
  facet normal 0 0 1
    outer loop
      vertex 27.1158 -6.86501 20
      vertex 27.1158 -13.135 20
      vertex 27.346 -12.7239 20
    endloop
  endfacet
  facet normal 0 0 1
    outer loop
      vertex 26.8541 -6.47329 20
      vertex 27.1158 -13.135 20
      vertex 27.1158 -6.86501 20
    endloop
  endfacet
  facet normal 0 0 1
    outer loop
      vertex 26.8541 -6.47329 20
      vertex 26.8541 -13.5267 20
      vertex 27.1158 -13.135 20
    endloop
  endfacet
  facet normal 0 0 1
    outer loop
      vertex 26.5624 -6.10331 20
      vertex 26.8541 -13.5267 20
      vertex 26.8541 -6.47329 20
    endloop
  endfacet
  facet normal 0 0 1
    outer loop
      vertex 26.5624 -6.10331 20
      vertex 26.5624 -13.8967 20
      vertex 26.8541 -13.5267 20
    endloop
  endfacet
  facet normal 0 0 1
    outer loop
      vertex 26.2426 -5.75736 20
      vertex 26.5624 -13.8967 20
      vertex 26.5624 -6.10331 20
    endloop
  endfacet
  facet normal 0 0 1
    outer loop
      vertex 26.2426 -5.75736 20
      vertex 26.2426 -14.2426 20
      vertex 26.5624 -13.8967 20
    endloop
  endfacet
  facet normal 0 0 1
    outer loop
      vertex 25.8967 -5.43756 20
      vertex 26.2426 -14.2426 20
      vertex 26.2426 -5.75736 20
    endloop
  endfacet
  facet normal 0 0 1
    outer loop
      vertex 25.8967 -5.43756 20
      vertex 25.8967 -14.5624 20
      vertex 26.2426 -14.2426 20
    endloop
  endfacet
  facet normal 0 0 1
    outer loop
      vertex 25.5267 -5.1459 20
      vertex 25.8967 -14.5624 20
      vertex 25.8967 -5.43756 20
    endloop
  endfacet
  facet normal 0 0 1
    outer loop
      vertex 25.5267 -5.1459 20
      vertex 25.5267 -14.8541 20
      vertex 25.8967 -14.5624 20
    endloop
  endfacet
  facet normal 0 0 1
    outer loop
      vertex 25.135 -4.88416 20
      vertex 25.5267 -14.8541 20
      vertex 25.5267 -5.1459 20
    endloop
  endfacet
  facet normal 0 0 1
    outer loop
      vertex 25.135 -4.88416 20
      vertex 25.135 -15.1158 20
      vertex 25.5267 -14.8541 20
    endloop
  endfacet
  facet normal 0 0 1
    outer loop
      vertex 24.7239 -4.65396 20
      vertex 25.135 -15.1158 20
      vertex 25.135 -4.88416 20
    endloop
  endfacet
  facet normal 0 0 1
    outer loop
      vertex 24.7239 -4.65396 20
      vertex 24.7239 -15.346 20
      vertex 25.135 -15.1158 20
    endloop
  endfacet
  facet normal 0 0 1
    outer loop
      vertex 24.2961 -4.45672 20
      vertex 24.7239 -15.346 20
      vertex 24.7239 -4.65396 20
    endloop
  endfacet
  facet normal 0 0 1
    outer loop
      vertex 24.2961 -4.45672 20
      vertex 24.2961 -15.5433 20
      vertex 24.7239 -15.346 20
    endloop
  endfacet
  facet normal 0 0 1
    outer loop
      vertex 23.8541 -4.29366 20
      vertex 24.2961 -15.5433 20
      vertex 24.2961 -4.45672 20
    endloop
  endfacet
  facet normal 0 0 1
    outer loop
      vertex 23.8541 -4.29366 20
      vertex 23.8541 -15.7063 20
      vertex 24.2961 -15.5433 20
    endloop
  endfacet
  facet normal 0 0 1
    outer loop
      vertex 23.4007 -4.16578 20
      vertex 23.8541 -15.7063 20
      vertex 23.8541 -4.29366 20
    endloop
  endfacet
  facet normal 0 0 1
    outer loop
      vertex 23.4007 -4.16578 20
      vertex 23.4007 -15.8342 20
      vertex 23.8541 -15.7063 20
    endloop
  endfacet
  facet normal 0 0 1
    outer loop
      vertex 22.9386 -4.07387 20
      vertex 23.4007 -15.8342 20
      vertex 23.4007 -4.16578 20
    endloop
  endfacet
  facet normal 0 0 1
    outer loop
      vertex 22.9386 -4.07387 20
      vertex 22.9386 -15.9261 20
      vertex 23.4007 -15.8342 20
    endloop
  endfacet
  facet normal 0 0 1
    outer loop
      vertex 22.4708 -4.0185 20
      vertex 22.9386 -15.9261 20
      vertex 22.9386 -4.07387 20
    endloop
  endfacet
  facet normal 0 0 1
    outer loop
      vertex 22.4708 -4.0185 20
      vertex 22.4708 -15.9815 20
      vertex 22.9386 -15.9261 20
    endloop
  endfacet
  facet normal 0 0 1
    outer loop
      vertex 22 -4 20
      vertex 22.4708 -15.9815 20
      vertex 22.4708 -4.0185 20
    endloop
  endfacet
  facet normal 0 0 1
    outer loop
      vertex 22 -4 20
      vertex 22 -16 20
      vertex 22.4708 -15.9815 20
    endloop
  endfacet
  facet normal -0 0 1
    outer loop
      vertex 21.5292 -4.0185 20
      vertex 22 -16 20
      vertex 22 -4 20
    endloop
  endfacet
  facet normal 0 0 1
    outer loop
      vertex 21.5292 -4.0185 20
      vertex 21.5292 -15.9815 20
      vertex 22 -16 20
    endloop
  endfacet
  facet normal -0 0 1
    outer loop
      vertex 21.0614 -4.07387 20
      vertex 21.5292 -15.9815 20
      vertex 21.5292 -4.0185 20
    endloop
  endfacet
  facet normal 0 0 1
    outer loop
      vertex 21.0614 -4.07387 20
      vertex 21.0614 -15.9261 20
      vertex 21.5292 -15.9815 20
    endloop
  endfacet
  facet normal -0 0 1
    outer loop
      vertex 20.5993 -4.16578 20
      vertex 21.0614 -15.9261 20
      vertex 21.0614 -4.07387 20
    endloop
  endfacet
  facet normal 0 0 1
    outer loop
      vertex 20.5993 -4.16578 20
      vertex 20.5993 -15.8342 20
      vertex 21.0614 -15.9261 20
    endloop
  endfacet
  facet normal -0 0 1
    outer loop
      vertex 20.1459 -4.29366 20
      vertex 20.5993 -15.8342 20
      vertex 20.5993 -4.16578 20
    endloop
  endfacet
  facet normal 0 0 1
    outer loop
      vertex 20.1459 -4.29366 20
      vertex 20.1459 -15.7063 20
      vertex 20.5993 -15.8342 20
    endloop
  endfacet
  facet normal -0 0 1
    outer loop
      vertex 19.7039 -4.45672 20
      vertex 20.1459 -15.7063 20
      vertex 20.1459 -4.29366 20
    endloop
  endfacet
  facet normal 0 0 1
    outer loop
      vertex 19.7039 -4.45672 20
      vertex 19.7039 -15.5433 20
      vertex 20.1459 -15.7063 20
    endloop
  endfacet
  facet normal -0 0 1
    outer loop
      vertex 19.2761 -4.65396 20
      vertex 19.7039 -15.5433 20
      vertex 19.7039 -4.45672 20
    endloop
  endfacet
  facet normal 0 0 1
    outer loop
      vertex 19.2761 -4.65396 20
      vertex 19.2761 -15.346 20
      vertex 19.7039 -15.5433 20
    endloop
  endfacet
  facet normal -0 0 1
    outer loop
      vertex 18.865 -4.88416 20
      vertex 19.2761 -15.346 20
      vertex 19.2761 -4.65396 20
    endloop
  endfacet
  facet normal 0 0 1
    outer loop
      vertex 18.865 -4.88416 20
      vertex 18.865 -15.1158 20
      vertex 19.2761 -15.346 20
    endloop
  endfacet
  facet normal -0 0 1
    outer loop
      vertex 18.4733 -5.1459 20
      vertex 18.865 -15.1158 20
      vertex 18.865 -4.88416 20
    endloop
  endfacet
  facet normal 0 0 1
    outer loop
      vertex 18.4733 -5.1459 20
      vertex 18.4733 -14.8541 20
      vertex 18.865 -15.1158 20
    endloop
  endfacet
  facet normal -0 0 1
    outer loop
      vertex 18.1033 -5.43756 20
      vertex 18.4733 -14.8541 20
      vertex 18.4733 -5.1459 20
    endloop
  endfacet
  facet normal 0 0 1
    outer loop
      vertex 18.1033 -5.43756 20
      vertex 18.1033 -14.5624 20
      vertex 18.4733 -14.8541 20
    endloop
  endfacet
  facet normal -0 0 1
    outer loop
      vertex 17.7574 -5.75736 20
      vertex 18.1033 -14.5624 20
      vertex 18.1033 -5.43756 20
    endloop
  endfacet
  facet normal 0 0 1
    outer loop
      vertex 17.7574 -5.75736 20
      vertex 17.7574 -14.2426 20
      vertex 18.1033 -14.5624 20
    endloop
  endfacet
  facet normal -0 0 1
    outer loop
      vertex 17.4376 -6.10331 20
      vertex 17.7574 -14.2426 20
      vertex 17.7574 -5.75736 20
    endloop
  endfacet
  facet normal 0 0 1
    outer loop
      vertex 17.4376 -6.10331 20
      vertex 17.4376 -13.8967 20
      vertex 17.7574 -14.2426 20
    endloop
  endfacet
  facet normal -0 0 1
    outer loop
      vertex 17.1459 -6.47329 20
      vertex 17.4376 -13.8967 20
      vertex 17.4376 -6.10331 20
    endloop
  endfacet
  facet normal 0 0 1
    outer loop
      vertex 17.1459 -6.47329 20
      vertex 17.1459 -13.5267 20
      vertex 17.4376 -13.8967 20
    endloop
  endfacet
  facet normal -0 0 1
    outer loop
      vertex 16.8842 -6.86501 20
      vertex 17.1459 -13.5267 20
      vertex 17.1459 -6.47329 20
    endloop
  endfacet
  facet normal 0 0 1
    outer loop
      vertex 16.8842 -6.86501 20
      vertex 16.8842 -13.135 20
      vertex 17.1459 -13.5267 20
    endloop
  endfacet
  facet normal -0 0 1
    outer loop
      vertex 16.654 -7.27606 20
      vertex 16.8842 -13.135 20
      vertex 16.8842 -6.86501 20
    endloop
  endfacet
  facet normal 0 0 1
    outer loop
      vertex 16.654 -7.27606 20
      vertex 16.654 -12.7239 20
      vertex 16.8842 -13.135 20
    endloop
  endfacet
  facet normal -0 0 1
    outer loop
      vertex 16.4567 -7.7039 20
      vertex 16.654 -12.7239 20
      vertex 16.654 -7.27606 20
    endloop
  endfacet
  facet normal 0 0 1
    outer loop
      vertex 16.4567 -7.7039 20
      vertex 16.4567 -12.2961 20
      vertex 16.654 -12.7239 20
    endloop
  endfacet
  facet normal -0 0 1
    outer loop
      vertex 16.2937 -8.1459 20
      vertex 16.4567 -12.2961 20
      vertex 16.4567 -7.7039 20
    endloop
  endfacet
  facet normal 0 0 1
    outer loop
      vertex 16.2937 -8.1459 20
      vertex 16.2937 -11.8541 20
      vertex 16.4567 -12.2961 20
    endloop
  endfacet
  facet normal -0 0 1
    outer loop
      vertex 16.1658 -8.59933 20
      vertex 16.2937 -11.8541 20
      vertex 16.2937 -8.1459 20
    endloop
  endfacet
  facet normal 0 0 1
    outer loop
      vertex 16.1658 -8.59933 20
      vertex 16.1658 -11.4007 20
      vertex 16.2937 -11.8541 20
    endloop
  endfacet
  facet normal -0 0 1
    outer loop
      vertex 16.0739 -9.06139 20
      vertex 16.1658 -11.4007 20
      vertex 16.1658 -8.59933 20
    endloop
  endfacet
  facet normal 0 0 1
    outer loop
      vertex 16.0739 -9.06139 20
      vertex 16.0739 -10.9386 20
      vertex 16.1658 -11.4007 20
    endloop
  endfacet
  facet normal -0 0 1
    outer loop
      vertex 16.0185 -9.52925 20
      vertex 16.0739 -10.9386 20
      vertex 16.0739 -9.06139 20
    endloop
  endfacet
  facet normal 0 0 1
    outer loop
      vertex 16.0185 -9.52925 20
      vertex 16.0185 -10.4708 20
      vertex 16.0739 -10.9386 20
    endloop
  endfacet
  facet normal 0 -0 1
    outer loop
      vertex 16.0185 -10.4708 20
      vertex 16.0185 -9.52925 20
      vertex 16 -10 20
    endloop
  endfacet
  facet normal -0.678862 -0.734266 0
    outer loop
      vertex 17.7574 -14.2426 12
      vertex 18.1033 -14.5624 20
      vertex 17.7574 -14.2426 20
    endloop
  endfacet
  facet normal -0.678862 -0.734266 -0
    outer loop
      vertex 18.1033 -14.5624 20
      vertex 17.7574 -14.2426 12
      vertex 18.1033 -14.5624 12
    endloop
  endfacet
  facet normal 0.734315 0.678809 0
    outer loop
      vertex 26.5624 -6.10331 20
      vertex 26.2426 -5.75736 12
      vertex 26.2426 -5.75736 20
    endloop
  endfacet
  facet normal 0.734315 0.678809 0
    outer loop
      vertex 26.2426 -5.75736 12
      vertex 26.5624 -6.10331 20
      vertex 26.5624 -6.10331 12
    endloop
  endfacet
  facet normal 0.734266 -0.678862 0
    outer loop
      vertex 26.2426 -14.2426 20
      vertex 26.5624 -13.8967 12
      vertex 26.5624 -13.8967 20
    endloop
  endfacet
  facet normal 0.734266 -0.678862 0
    outer loop
      vertex 26.5624 -13.8967 12
      vertex 26.2426 -14.2426 20
      vertex 26.2426 -14.2426 12
    endloop
  endfacet
  facet normal 0.938234 -0.346 0
    outer loop
      vertex 27.5433 -12.2961 20
      vertex 27.7063 -11.8541 12
      vertex 27.7063 -11.8541 20
    endloop
  endfacet
  facet normal 0.938234 -0.346 0
    outer loop
      vertex 27.7063 -11.8541 12
      vertex 27.5433 -12.2961 20
      vertex 27.5433 -12.2961 12
    endloop
  endfacet
  facet normal -0.872495 0.488623 0
    outer loop
      vertex 16.654 -7.27606 12
      vertex 16.8842 -6.86501 20
      vertex 16.8842 -6.86501 12
    endloop
  endfacet
  facet normal -0.872495 0.488623 0
    outer loop
      vertex 16.8842 -6.86501 20
      vertex 16.654 -7.27606 12
      vertex 16.654 -7.27606 20
    endloop
  endfacet
  facet normal -0.87252 -0.488578 0
    outer loop
      vertex 16.8842 -13.135 12
      vertex 16.654 -12.7239 20
      vertex 16.654 -12.7239 12
    endloop
  endfacet
  facet normal -0.87252 -0.488578 0
    outer loop
      vertex 16.654 -12.7239 20
      vertex 16.8842 -13.135 12
      vertex 16.8842 -13.135 20
    endloop
  endfacet
  facet normal -0.785285 0.619135 0
    outer loop
      vertex 17.1459 -6.47329 12
      vertex 17.4376 -6.10331 20
      vertex 17.4376 -6.10331 12
    endloop
  endfacet
  facet normal -0.785285 0.619135 0
    outer loop
      vertex 17.4376 -6.10331 20
      vertex 17.1459 -6.47329 12
      vertex 17.1459 -6.47329 20
    endloop
  endfacet
  facet normal -0.938234 0.346 0
    outer loop
      vertex 16.2937 -8.1459 12
      vertex 16.4567 -7.7039 20
      vertex 16.4567 -7.7039 12
    endloop
  endfacet
  facet normal -0.938234 0.346 0
    outer loop
      vertex 16.4567 -7.7039 20
      vertex 16.2937 -8.1459 12
      vertex 16.2937 -8.1459 20
    endloop
  endfacet
  facet normal -0.980789 0.195071 0
    outer loop
      vertex 16.0739 -9.06139 12
      vertex 16.1658 -8.59933 20
      vertex 16.1658 -8.59933 12
    endloop
  endfacet
  facet normal -0.980789 0.195071 0
    outer loop
      vertex 16.1658 -8.59933 20
      vertex 16.0739 -9.06139 12
      vertex 16.0739 -9.06139 20
    endloop
  endfacet
  facet normal -0.993062 0.11759 0
    outer loop
      vertex 16.0185 -9.52925 12
      vertex 16.0739 -9.06139 20
      vertex 16.0739 -9.06139 12
    endloop
  endfacet
  facet normal -0.993062 0.11759 0
    outer loop
      vertex 16.0739 -9.06139 20
      vertex 16.0185 -9.52925 12
      vertex 16.0185 -9.52925 20
    endloop
  endfacet
  facet normal 0.999229 0.0392645 0
    outer loop
      vertex 28 10 20
      vertex 27.9815 10.4708 12
      vertex 27.9815 10.4708 20
    endloop
  endfacet
  facet normal 0.999229 0.0392645 0
    outer loop
      vertex 27.9815 10.4708 12
      vertex 28 10 20
      vertex 28 10 12
    endloop
  endfacet
  facet normal -0.831495 0.555533 0
    outer loop
      vertex 16.8842 13.135 12
      vertex 17.1459 13.5267 20
      vertex 17.1459 13.5267 12
    endloop
  endfacet
  facet normal -0.831495 0.555533 0
    outer loop
      vertex 17.1459 13.5267 20
      vertex 16.8842 13.135 12
      vertex 16.8842 13.135 20
    endloop
  endfacet
  facet normal -0.678862 -0.734266 0
    outer loop
      vertex 17.7574 5.75736 12
      vertex 18.1033 5.43756 20
      vertex 17.7574 5.75736 20
    endloop
  endfacet
  facet normal -0.678862 -0.734266 -0
    outer loop
      vertex 18.1033 5.43756 20
      vertex 17.7574 5.75736 12
      vertex 18.1033 5.43756 12
    endloop
  endfacet
  facet normal 0.999229 -0.0392687 0
    outer loop
      vertex 27.9815 9.52925 20
      vertex 28 10 12
      vertex 28 10 20
    endloop
  endfacet
  facet normal 0.999229 -0.0392687 0
    outer loop
      vertex 28 10 12
      vertex 27.9815 9.52925 20
      vertex 27.9815 9.52925 12
    endloop
  endfacet
  facet normal -0.488578 -0.87252 0
    outer loop
      vertex 18.865 4.88416 12
      vertex 19.2761 4.65396 20
      vertex 18.865 4.88416 20
    endloop
  endfacet
  facet normal -0.488578 -0.87252 -0
    outer loop
      vertex 19.2761 4.65396 20
      vertex 18.865 4.88416 12
      vertex 19.2761 4.65396 12
    endloop
  endfacet
  facet normal -0.619114 0.785301 0
    outer loop
      vertex 18.4733 14.8541 12
      vertex 18.1033 14.5624 20
      vertex 18.4733 14.8541 20
    endloop
  endfacet
  facet normal -0.619114 0.785301 0
    outer loop
      vertex 18.1033 14.5624 20
      vertex 18.4733 14.8541 12
      vertex 18.1033 14.5624 12
    endloop
  endfacet
  facet normal -0.195055 0.980792 0
    outer loop
      vertex 21.0614 15.9261 12
      vertex 20.5993 15.8342 20
      vertex 21.0614 15.9261 20
    endloop
  endfacet
  facet normal -0.195055 0.980792 0
    outer loop
      vertex 20.5993 15.8342 20
      vertex 21.0614 15.9261 12
      vertex 20.5993 15.8342 12
    endloop
  endfacet
  facet normal 0.555533 0.831495 -0
    outer loop
      vertex 25.5267 14.8541 12
      vertex 25.135 15.1158 20
      vertex 25.5267 14.8541 20
    endloop
  endfacet
  facet normal 0.555533 0.831495 0
    outer loop
      vertex 25.135 15.1158 20
      vertex 25.5267 14.8541 12
      vertex 25.135 15.1158 12
    endloop
  endfacet
  facet normal -0.785285 -0.619135 0
    outer loop
      vertex 17.4376 6.10331 12
      vertex 17.1459 6.47329 20
      vertex 17.1459 6.47329 12
    endloop
  endfacet
  facet normal -0.785285 -0.619135 0
    outer loop
      vertex 17.1459 6.47329 20
      vertex 17.4376 6.10331 12
      vertex 17.4376 6.10331 20
    endloop
  endfacet
  facet normal 0.418697 -0.908126 0
    outer loop
      vertex 24.2961 4.45672 12
      vertex 24.7239 4.65396 20
      vertex 24.2961 4.45672 20
    endloop
  endfacet
  facet normal 0.418697 -0.908126 0
    outer loop
      vertex 24.7239 4.65396 20
      vertex 24.2961 4.45672 12
      vertex 24.7239 4.65396 12
    endloop
  endfacet
  facet normal 0.96244 0.271495 0
    outer loop
      vertex 27.8342 11.4007 20
      vertex 27.7063 11.8541 12
      vertex 27.7063 11.8541 20
    endloop
  endfacet
  facet normal 0.96244 0.271495 0
    outer loop
      vertex 27.7063 11.8541 12
      vertex 27.8342 11.4007 20
      vertex 27.8342 11.4007 12
    endloop
  endfacet
  facet normal -0.980792 0.195055 0
    outer loop
      vertex 16.0739 10.9386 12
      vertex 16.1658 11.4007 20
      vertex 16.1658 11.4007 12
    endloop
  endfacet
  facet normal -0.980792 0.195055 0
    outer loop
      vertex 16.1658 11.4007 20
      vertex 16.0739 10.9386 12
      vertex 16.0739 10.9386 20
    endloop
  endfacet
  facet normal 0.938234 -0.346 0
    outer loop
      vertex 27.5433 7.7039 20
      vertex 27.7063 8.1459 12
      vertex 27.7063 8.1459 20
    endloop
  endfacet
  facet normal 0.938234 -0.346 0
    outer loop
      vertex 27.7063 8.1459 12
      vertex 27.5433 7.7039 20
      vertex 27.5433 7.7039 12
    endloop
  endfacet
  facet normal -0.872495 -0.488623 0
    outer loop
      vertex 16.8842 6.86501 12
      vertex 16.654 7.27606 20
      vertex 16.654 7.27606 12
    endloop
  endfacet
  facet normal -0.872495 -0.488623 0
    outer loop
      vertex 16.654 7.27606 20
      vertex 16.8842 6.86501 12
      vertex 16.8842 6.86501 20
    endloop
  endfacet
  facet normal -0.938234 -0.346 0
    outer loop
      vertex 16.4567 7.7039 12
      vertex 16.2937 8.1459 20
      vertex 16.2937 8.1459 12
    endloop
  endfacet
  facet normal -0.938234 -0.346 0
    outer loop
      vertex 16.2937 8.1459 20
      vertex 16.4567 7.7039 12
      vertex 16.4567 7.7039 20
    endloop
  endfacet
  facet normal 0.962444 -0.271479 0
    outer loop
      vertex 27.7063 8.1459 20
      vertex 27.8342 8.59933 12
      vertex 27.8342 8.59933 20
    endloop
  endfacet
  facet normal 0.962444 -0.271479 0
    outer loop
      vertex 27.8342 8.59933 12
      vertex 27.7063 8.1459 20
      vertex 27.7063 8.1459 12
    endloop
  endfacet
  facet normal -0.555591 -0.831455 0
    outer loop
      vertex 18.4733 5.1459 12
      vertex 18.865 4.88416 20
      vertex 18.4733 5.1459 20
    endloop
  endfacet
  facet normal -0.555591 -0.831455 -0
    outer loop
      vertex 18.865 4.88416 20
      vertex 18.4733 5.1459 12
      vertex 18.865 4.88416 12
    endloop
  endfacet
  facet normal -0.555533 0.831495 0
    outer loop
      vertex 18.865 15.1158 12
      vertex 18.4733 14.8541 20
      vertex 18.865 15.1158 20
    endloop
  endfacet
  facet normal -0.555533 0.831495 0
    outer loop
      vertex 18.4733 14.8541 20
      vertex 18.865 15.1158 12
      vertex 18.4733 14.8541 12
    endloop
  endfacet
  facet normal -0.271456 -0.962451 0
    outer loop
      vertex 20.1459 4.29366 12
      vertex 20.5993 4.16578 20
      vertex 20.1459 4.29366 20
    endloop
  endfacet
  facet normal -0.271456 -0.962451 -0
    outer loop
      vertex 20.5993 4.16578 20
      vertex 20.1459 4.29366 12
      vertex 20.5993 4.16578 12
    endloop
  endfacet
  facet normal 0.938234 0.346 0
    outer loop
      vertex 27.7063 11.8541 20
      vertex 27.5433 12.2961 12
      vertex 27.5433 12.2961 20
    endloop
  endfacet
  facet normal 0.938234 0.346 0
    outer loop
      vertex 27.5433 12.2961 12
      vertex 27.7063 11.8541 20
      vertex 27.7063 11.8541 12
    endloop
  endfacet
  facet normal -0.962444 -0.271479 0
    outer loop
      vertex 16.2937 8.1459 12
      vertex 16.1658 8.59933 20
      vertex 16.1658 8.59933 12
    endloop
  endfacet
  facet normal -0.962444 -0.271479 0
    outer loop
      vertex 16.1658 8.59933 20
      vertex 16.2937 8.1459 12
      vertex 16.2937 8.1459 20
    endloop
  endfacet
  facet normal 0.908077 0.418802 0
    outer loop
      vertex 27.5433 12.2961 20
      vertex 27.346 12.7239 12
      vertex 27.346 12.7239 20
    endloop
  endfacet
  facet normal 0.908077 0.418802 0
    outer loop
      vertex 27.346 12.7239 12
      vertex 27.5433 12.2961 20
      vertex 27.5433 12.2961 12
    endloop
  endfacet
  facet normal -0.96244 0.271495 0
    outer loop
      vertex 16.1658 11.4007 12
      vertex 16.2937 11.8541 20
      vertex 16.2937 11.8541 12
    endloop
  endfacet
  facet normal -0.96244 0.271495 0
    outer loop
      vertex 16.2937 11.8541 20
      vertex 16.1658 11.4007 12
      vertex 16.1658 11.4007 20
    endloop
  endfacet
  facet normal -0.993062 -0.11759 0
    outer loop
      vertex 16.0739 9.06139 12
      vertex 16.0185 9.52925 20
      vertex 16.0185 9.52925 12
    endloop
  endfacet
  facet normal -0.993062 -0.11759 0
    outer loop
      vertex 16.0185 9.52925 20
      vertex 16.0739 9.06139 12
      vertex 16.0739 9.06139 20
    endloop
  endfacet
  facet normal 0.271456 -0.962451 0
    outer loop
      vertex 23.4007 4.16578 12
      vertex 23.8541 4.29366 20
      vertex 23.4007 4.16578 20
    endloop
  endfacet
  facet normal 0.271456 -0.962451 0
    outer loop
      vertex 23.8541 4.29366 20
      vertex 23.4007 4.16578 12
      vertex 23.8541 4.29366 12
    endloop
  endfacet
  facet normal -0.117542 -0.993068 0
    outer loop
      vertex 21.0614 4.07387 12
      vertex 21.5292 4.0185 20
      vertex 21.0614 4.07387 20
    endloop
  endfacet
  facet normal -0.117542 -0.993068 -0
    outer loop
      vertex 21.5292 4.0185 20
      vertex 21.0614 4.07387 12
      vertex 21.5292 4.0185 12
    endloop
  endfacet
  facet normal -0.619062 -0.785342 0
    outer loop
      vertex 18.1033 5.43756 12
      vertex 18.4733 5.1459 20
      vertex 18.1033 5.43756 20
    endloop
  endfacet
  facet normal -0.619062 -0.785342 -0
    outer loop
      vertex 18.4733 5.1459 20
      vertex 18.1033 5.43756 12
      vertex 18.4733 5.1459 12
    endloop
  endfacet
  facet normal 0.619114 0.785301 -0
    outer loop
      vertex 25.8967 14.5624 12
      vertex 25.5267 14.8541 20
      vertex 25.8967 14.5624 20
    endloop
  endfacet
  facet normal 0.619114 0.785301 0
    outer loop
      vertex 25.5267 14.8541 20
      vertex 25.8967 14.5624 12
      vertex 25.5267 14.8541 12
    endloop
  endfacet
  facet normal 0.734315 -0.678809 0
    outer loop
      vertex 26.2426 5.75736 20
      vertex 26.5624 6.10331 12
      vertex 26.5624 6.10331 20
    endloop
  endfacet
  facet normal 0.734315 -0.678809 0
    outer loop
      vertex 26.5624 6.10331 12
      vertex 26.2426 5.75736 20
      vertex 26.2426 5.75736 12
    endloop
  endfacet
  facet normal 0.831508 -0.555513 0
    outer loop
      vertex 26.8541 6.47329 20
      vertex 27.1158 6.86501 12
      vertex 27.1158 6.86501 20
    endloop
  endfacet
  facet normal 0.831508 -0.555513 0
    outer loop
      vertex 27.1158 6.86501 12
      vertex 26.8541 6.47329 20
      vertex 26.8541 6.47329 12
    endloop
  endfacet
  facet normal -0.346113 -0.938193 0
    outer loop
      vertex 19.7039 4.45672 12
      vertex 20.1459 4.29366 20
      vertex 19.7039 4.45672 20
    endloop
  endfacet
  facet normal -0.346113 -0.938193 -0
    outer loop
      vertex 20.1459 4.29366 20
      vertex 19.7039 4.45672 12
      vertex 20.1459 4.29366 12
    endloop
  endfacet
  facet normal 0.555591 -0.831455 0
    outer loop
      vertex 25.135 4.88416 12
      vertex 25.5267 5.1459 20
      vertex 25.135 4.88416 20
    endloop
  endfacet
  facet normal 0.555591 -0.831455 0
    outer loop
      vertex 25.5267 5.1459 20
      vertex 25.135 4.88416 12
      vertex 25.5267 5.1459 12
    endloop
  endfacet
  facet normal -0.831508 -0.555513 0
    outer loop
      vertex 17.1459 6.47329 12
      vertex 16.8842 6.86501 20
      vertex 16.8842 6.86501 12
    endloop
  endfacet
  facet normal -0.831508 -0.555513 0
    outer loop
      vertex 16.8842 6.86501 20
      vertex 17.1459 6.47329 12
      vertex 17.1459 6.47329 20
    endloop
  endfacet
  facet normal 0.619062 -0.785342 0
    outer loop
      vertex 25.5267 5.1459 12
      vertex 25.8967 5.43756 20
      vertex 25.5267 5.1459 20
    endloop
  endfacet
  facet normal 0.619062 -0.785342 0
    outer loop
      vertex 25.8967 5.43756 20
      vertex 25.5267 5.1459 12
      vertex 25.8967 5.43756 12
    endloop
  endfacet
  facet normal 0.785285 -0.619135 0
    outer loop
      vertex 26.5624 6.10331 20
      vertex 26.8541 6.47329 12
      vertex 26.8541 6.47329 20
    endloop
  endfacet
  facet normal 0.785285 -0.619135 0
    outer loop
      vertex 26.8541 6.47329 12
      vertex 26.5624 6.10331 20
      vertex 26.5624 6.10331 12
    endloop
  endfacet
  facet normal 0.488578 0.87252 -0
    outer loop
      vertex 25.135 15.1158 12
      vertex 24.7239 15.346 20
      vertex 25.135 15.1158 20
    endloop
  endfacet
  facet normal 0.488578 0.87252 0
    outer loop
      vertex 24.7239 15.346 20
      vertex 25.135 15.1158 12
      vertex 24.7239 15.346 12
    endloop
  endfacet
  facet normal 0.0392645 0.999229 -0
    outer loop
      vertex 22.4708 15.9815 12
      vertex 22 16 20
      vertex 22.4708 15.9815 20
    endloop
  endfacet
  facet normal 0.0392645 0.999229 0
    outer loop
      vertex 22 16 20
      vertex 22.4708 15.9815 12
      vertex 22 16 12
    endloop
  endfacet
  facet normal -0.0392645 0.999229 0
    outer loop
      vertex 22 16 12
      vertex 21.5292 15.9815 20
      vertex 22 16 20
    endloop
  endfacet
  facet normal -0.0392645 0.999229 0
    outer loop
      vertex 21.5292 15.9815 20
      vertex 22 16 12
      vertex 21.5292 15.9815 12
    endloop
  endfacet
  facet normal 0.980789 -0.195071 0
    outer loop
      vertex 27.8342 8.59933 20
      vertex 27.9261 9.06139 12
      vertex 27.9261 9.06139 20
    endloop
  endfacet
  facet normal 0.980789 -0.195071 0
    outer loop
      vertex 27.9261 9.06139 12
      vertex 27.8342 8.59933 20
      vertex 27.8342 8.59933 12
    endloop
  endfacet
  facet normal 0.346 0.938234 -0
    outer loop
      vertex 24.2961 15.5433 12
      vertex 23.8541 15.7063 20
      vertex 24.2961 15.5433 20
    endloop
  endfacet
  facet normal 0.346 0.938234 0
    outer loop
      vertex 23.8541 15.7063 20
      vertex 24.2961 15.5433 12
      vertex 23.8541 15.7063 12
    endloop
  endfacet
  facet normal 0.0392645 -0.999229 0
    outer loop
      vertex 22 4 12
      vertex 22.4708 4.0185 20
      vertex 22 4 20
    endloop
  endfacet
  facet normal 0.0392645 -0.999229 0
    outer loop
      vertex 22.4708 4.0185 20
      vertex 22 4 12
      vertex 22.4708 4.0185 12
    endloop
  endfacet
  facet normal 0.87252 0.488578 0
    outer loop
      vertex 27.346 12.7239 20
      vertex 27.1158 13.135 12
      vertex 27.1158 13.135 20
    endloop
  endfacet
  facet normal 0.87252 0.488578 0
    outer loop
      vertex 27.1158 13.135 12
      vertex 27.346 12.7239 20
      vertex 27.346 12.7239 12
    endloop
  endfacet
  facet normal -0.0392645 -0.999229 0
    outer loop
      vertex 21.5292 4.0185 12
      vertex 22 4 20
      vertex 21.5292 4.0185 20
    endloop
  endfacet
  facet normal -0.0392645 -0.999229 -0
    outer loop
      vertex 22 4 20
      vertex 21.5292 4.0185 12
      vertex 22 4 12
    endloop
  endfacet
  facet normal 0.195055 0.980792 -0
    outer loop
      vertex 23.4007 15.8342 12
      vertex 22.9386 15.9261 20
      vertex 23.4007 15.8342 20
    endloop
  endfacet
  facet normal 0.195055 0.980792 0
    outer loop
      vertex 22.9386 15.9261 20
      vertex 23.4007 15.8342 12
      vertex 22.9386 15.9261 12
    endloop
  endfacet
  facet normal 0.831495 0.555533 0
    outer loop
      vertex 27.1158 13.135 20
      vertex 26.8541 13.5267 12
      vertex 26.8541 13.5267 20
    endloop
  endfacet
  facet normal 0.831495 0.555533 0
    outer loop
      vertex 26.8541 13.5267 12
      vertex 27.1158 13.135 20
      vertex 27.1158 13.135 12
    endloop
  endfacet
  facet normal -0.418802 0.908077 0
    outer loop
      vertex 19.7039 15.5433 12
      vertex 19.2761 15.346 20
      vertex 19.7039 15.5433 20
    endloop
  endfacet
  facet normal -0.418802 0.908077 0
    outer loop
      vertex 19.2761 15.346 20
      vertex 19.7039 15.5433 12
      vertex 19.2761 15.346 12
    endloop
  endfacet
  facet normal 0.117542 -0.993068 0
    outer loop
      vertex 22.4708 4.0185 12
      vertex 22.9386 4.07387 20
      vertex 22.4708 4.0185 20
    endloop
  endfacet
  facet normal 0.117542 -0.993068 0
    outer loop
      vertex 22.9386 4.07387 20
      vertex 22.4708 4.0185 12
      vertex 22.9386 4.07387 12
    endloop
  endfacet
  facet normal 0.99306 0.117605 0
    outer loop
      vertex 27.9815 10.4708 20
      vertex 27.9261 10.9386 12
      vertex 27.9261 10.9386 20
    endloop
  endfacet
  facet normal 0.99306 0.117605 0
    outer loop
      vertex 27.9261 10.9386 12
      vertex 27.9815 10.4708 20
      vertex 27.9815 10.4708 12
    endloop
  endfacet
  facet normal 0.980792 0.195055 0
    outer loop
      vertex 27.9261 10.9386 20
      vertex 27.8342 11.4007 12
      vertex 27.8342 11.4007 20
    endloop
  endfacet
  facet normal 0.980792 0.195055 0
    outer loop
      vertex 27.8342 11.4007 12
      vertex 27.9261 10.9386 20
      vertex 27.9261 10.9386 12
    endloop
  endfacet
  facet normal -0.999229 0.0392645 0
    outer loop
      vertex 16 10 12
      vertex 16.0185 10.4708 20
      vertex 16.0185 10.4708 12
    endloop
  endfacet
  facet normal -0.999229 0.0392645 0
    outer loop
      vertex 16.0185 10.4708 20
      vertex 16 10 12
      vertex 16 10 20
    endloop
  endfacet
  facet normal -0.908092 -0.41877 0
    outer loop
      vertex 16.654 7.27606 12
      vertex 16.4567 7.7039 20
      vertex 16.4567 7.7039 12
    endloop
  endfacet
  facet normal -0.908092 -0.41877 0
    outer loop
      vertex 16.4567 7.7039 20
      vertex 16.654 7.27606 12
      vertex 16.654 7.27606 20
    endloop
  endfacet
  facet normal 0.271495 0.96244 -0
    outer loop
      vertex 23.8541 15.7063 12
      vertex 23.4007 15.8342 20
      vertex 23.8541 15.7063 20
    endloop
  endfacet
  facet normal 0.271495 0.96244 0
    outer loop
      vertex 23.4007 15.8342 20
      vertex 23.8541 15.7063 12
      vertex 23.4007 15.8342 12
    endloop
  endfacet
  facet normal -0.980789 -0.195071 0
    outer loop
      vertex 16.1658 8.59933 12
      vertex 16.0739 9.06139 20
      vertex 16.0739 9.06139 12
    endloop
  endfacet
  facet normal -0.980789 -0.195071 0
    outer loop
      vertex 16.0739 9.06139 20
      vertex 16.1658 8.59933 12
      vertex 16.1658 8.59933 20
    endloop
  endfacet
  facet normal -0.734266 0.678862 0
    outer loop
      vertex 17.4376 13.8967 12
      vertex 17.7574 14.2426 20
      vertex 17.7574 14.2426 12
    endloop
  endfacet
  facet normal -0.734266 0.678862 0
    outer loop
      vertex 17.7574 14.2426 20
      vertex 17.4376 13.8967 12
      vertex 17.4376 13.8967 20
    endloop
  endfacet
  facet normal -0.346 0.938234 0
    outer loop
      vertex 20.1459 15.7063 12
      vertex 19.7039 15.5433 20
      vertex 20.1459 15.7063 20
    endloop
  endfacet
  facet normal -0.346 0.938234 0
    outer loop
      vertex 19.7039 15.5433 20
      vertex 20.1459 15.7063 12
      vertex 19.7039 15.5433 12
    endloop
  endfacet
  facet normal -0.999229 -0.0392687 0
    outer loop
      vertex 16.0185 9.52925 12
      vertex 16 10 20
      vertex 16 10 12
    endloop
  endfacet
  facet normal -0.999229 -0.0392687 0
    outer loop
      vertex 16 10 20
      vertex 16.0185 9.52925 12
      vertex 16.0185 9.52925 20
    endloop
  endfacet
  facet normal 0.488578 -0.87252 0
    outer loop
      vertex 24.7239 4.65396 12
      vertex 25.135 4.88416 20
      vertex 24.7239 4.65396 20
    endloop
  endfacet
  facet normal 0.488578 -0.87252 0
    outer loop
      vertex 25.135 4.88416 20
      vertex 24.7239 4.65396 12
      vertex 25.135 4.88416 12
    endloop
  endfacet
  facet normal -0.271495 0.96244 0
    outer loop
      vertex 20.5993 15.8342 12
      vertex 20.1459 15.7063 20
      vertex 20.5993 15.8342 20
    endloop
  endfacet
  facet normal -0.271495 0.96244 0
    outer loop
      vertex 20.1459 15.7063 20
      vertex 20.5993 15.8342 12
      vertex 20.1459 15.7063 12
    endloop
  endfacet
  facet normal 0.678862 0.734266 -0
    outer loop
      vertex 26.2426 14.2426 12
      vertex 25.8967 14.5624 20
      vertex 26.2426 14.2426 20
    endloop
  endfacet
  facet normal 0.678862 0.734266 0
    outer loop
      vertex 25.8967 14.5624 20
      vertex 26.2426 14.2426 12
      vertex 25.8967 14.5624 12
    endloop
  endfacet
  facet normal -0.99306 0.117605 0
    outer loop
      vertex 16.0185 10.4708 12
      vertex 16.0739 10.9386 20
      vertex 16.0739 10.9386 12
    endloop
  endfacet
  facet normal -0.99306 0.117605 0
    outer loop
      vertex 16.0739 10.9386 20
      vertex 16.0185 10.4708 12
      vertex 16.0185 10.4708 20
    endloop
  endfacet
  facet normal -0.938234 0.346 0
    outer loop
      vertex 16.2937 11.8541 12
      vertex 16.4567 12.2961 20
      vertex 16.4567 12.2961 12
    endloop
  endfacet
  facet normal -0.938234 0.346 0
    outer loop
      vertex 16.4567 12.2961 20
      vertex 16.2937 11.8541 12
      vertex 16.2937 11.8541 20
    endloop
  endfacet
  facet normal -0.117605 0.99306 0
    outer loop
      vertex 21.5292 15.9815 12
      vertex 21.0614 15.9261 20
      vertex 21.5292 15.9815 20
    endloop
  endfacet
  facet normal -0.117605 0.99306 0
    outer loop
      vertex 21.0614 15.9261 20
      vertex 21.5292 15.9815 12
      vertex 21.0614 15.9261 12
    endloop
  endfacet
  facet normal 0.993062 -0.11759 0
    outer loop
      vertex 27.9261 9.06139 20
      vertex 27.9815 9.52925 12
      vertex 27.9815 9.52925 20
    endloop
  endfacet
  facet normal 0.993062 -0.11759 0
    outer loop
      vertex 27.9815 9.52925 12
      vertex 27.9261 9.06139 20
      vertex 27.9261 9.06139 12
    endloop
  endfacet
  facet normal -0.488578 0.87252 0
    outer loop
      vertex 19.2761 15.346 12
      vertex 18.865 15.1158 20
      vertex 19.2761 15.346 20
    endloop
  endfacet
  facet normal -0.488578 0.87252 0
    outer loop
      vertex 18.865 15.1158 20
      vertex 19.2761 15.346 12
      vertex 18.865 15.1158 12
    endloop
  endfacet
  facet normal 0.418802 0.908077 -0
    outer loop
      vertex 24.7239 15.346 12
      vertex 24.2961 15.5433 20
      vertex 24.7239 15.346 20
    endloop
  endfacet
  facet normal 0.418802 0.908077 0
    outer loop
      vertex 24.2961 15.5433 20
      vertex 24.7239 15.346 12
      vertex 24.2961 15.5433 12
    endloop
  endfacet
  facet normal 0.346113 -0.938193 0
    outer loop
      vertex 23.8541 4.29366 12
      vertex 24.2961 4.45672 20
      vertex 23.8541 4.29366 20
    endloop
  endfacet
  facet normal 0.346113 -0.938193 0
    outer loop
      vertex 24.2961 4.45672 20
      vertex 23.8541 4.29366 12
      vertex 24.2961 4.45672 12
    endloop
  endfacet
  facet normal 0.872495 -0.488623 0
    outer loop
      vertex 27.1158 6.86501 20
      vertex 27.346 7.27606 12
      vertex 27.346 7.27606 20
    endloop
  endfacet
  facet normal 0.872495 -0.488623 0
    outer loop
      vertex 27.346 7.27606 12
      vertex 27.1158 6.86501 20
      vertex 27.1158 6.86501 12
    endloop
  endfacet
  facet normal 0.195075 -0.980788 0
    outer loop
      vertex 22.9386 4.07387 12
      vertex 23.4007 4.16578 20
      vertex 22.9386 4.07387 20
    endloop
  endfacet
  facet normal 0.195075 -0.980788 0
    outer loop
      vertex 23.4007 4.16578 20
      vertex 22.9386 4.07387 12
      vertex 23.4007 4.16578 12
    endloop
  endfacet
  facet normal -0.418697 -0.908126 0
    outer loop
      vertex 19.2761 4.65396 12
      vertex 19.7039 4.45672 20
      vertex 19.2761 4.65396 20
    endloop
  endfacet
  facet normal -0.418697 -0.908126 -0
    outer loop
      vertex 19.7039 4.45672 20
      vertex 19.2761 4.65396 12
      vertex 19.7039 4.45672 12
    endloop
  endfacet
  facet normal 0.908092 -0.41877 0
    outer loop
      vertex 27.346 7.27606 20
      vertex 27.5433 7.7039 12
      vertex 27.5433 7.7039 20
    endloop
  endfacet
  facet normal 0.908092 -0.41877 0
    outer loop
      vertex 27.5433 7.7039 12
      vertex 27.346 7.27606 20
      vertex 27.346 7.27606 12
    endloop
  endfacet
  facet normal -0.678862 0.734266 0
    outer loop
      vertex 18.1033 14.5624 12
      vertex 17.7574 14.2426 20
      vertex 18.1033 14.5624 20
    endloop
  endfacet
  facet normal -0.678862 0.734266 0
    outer loop
      vertex 17.7574 14.2426 20
      vertex 18.1033 14.5624 12
      vertex 17.7574 14.2426 12
    endloop
  endfacet
  facet normal 0 0 1
    outer loop
      vertex 27.9815 10.4708 20
      vertex 27.9815 9.52925 20
      vertex 28 10 20
    endloop
  endfacet
  facet normal 0 0 1
    outer loop
      vertex 27.9261 10.9386 20
      vertex 27.9815 9.52925 20
      vertex 27.9815 10.4708 20
    endloop
  endfacet
  facet normal 0 0 1
    outer loop
      vertex 27.9261 10.9386 20
      vertex 27.9261 9.06139 20
      vertex 27.9815 9.52925 20
    endloop
  endfacet
  facet normal 0 0 1
    outer loop
      vertex 27.8342 11.4007 20
      vertex 27.9261 9.06139 20
      vertex 27.9261 10.9386 20
    endloop
  endfacet
  facet normal 0 0 1
    outer loop
      vertex 27.8342 11.4007 20
      vertex 27.8342 8.59933 20
      vertex 27.9261 9.06139 20
    endloop
  endfacet
  facet normal 0 0 1
    outer loop
      vertex 27.7063 11.8541 20
      vertex 27.8342 8.59933 20
      vertex 27.8342 11.4007 20
    endloop
  endfacet
  facet normal 0 0 1
    outer loop
      vertex 27.7063 11.8541 20
      vertex 27.7063 8.1459 20
      vertex 27.8342 8.59933 20
    endloop
  endfacet
  facet normal 0 0 1
    outer loop
      vertex 27.5433 12.2961 20
      vertex 27.7063 8.1459 20
      vertex 27.7063 11.8541 20
    endloop
  endfacet
  facet normal 0 0 1
    outer loop
      vertex 27.5433 12.2961 20
      vertex 27.5433 7.7039 20
      vertex 27.7063 8.1459 20
    endloop
  endfacet
  facet normal 0 0 1
    outer loop
      vertex 27.346 12.7239 20
      vertex 27.5433 7.7039 20
      vertex 27.5433 12.2961 20
    endloop
  endfacet
  facet normal 0 0 1
    outer loop
      vertex 27.346 12.7239 20
      vertex 27.346 7.27606 20
      vertex 27.5433 7.7039 20
    endloop
  endfacet
  facet normal 0 0 1
    outer loop
      vertex 27.1158 13.135 20
      vertex 27.346 7.27606 20
      vertex 27.346 12.7239 20
    endloop
  endfacet
  facet normal 0 0 1
    outer loop
      vertex 27.1158 13.135 20
      vertex 27.1158 6.86501 20
      vertex 27.346 7.27606 20
    endloop
  endfacet
  facet normal 0 0 1
    outer loop
      vertex 26.8541 13.5267 20
      vertex 27.1158 6.86501 20
      vertex 27.1158 13.135 20
    endloop
  endfacet
  facet normal 0 0 1
    outer loop
      vertex 26.8541 13.5267 20
      vertex 26.8541 6.47329 20
      vertex 27.1158 6.86501 20
    endloop
  endfacet
  facet normal 0 0 1
    outer loop
      vertex 26.5624 13.8967 20
      vertex 26.8541 6.47329 20
      vertex 26.8541 13.5267 20
    endloop
  endfacet
  facet normal 0 0 1
    outer loop
      vertex 26.5624 13.8967 20
      vertex 26.5624 6.10331 20
      vertex 26.8541 6.47329 20
    endloop
  endfacet
  facet normal 0 0 1
    outer loop
      vertex 26.2426 14.2426 20
      vertex 26.5624 6.10331 20
      vertex 26.5624 13.8967 20
    endloop
  endfacet
  facet normal 0 0 1
    outer loop
      vertex 26.2426 14.2426 20
      vertex 26.2426 5.75736 20
      vertex 26.5624 6.10331 20
    endloop
  endfacet
  facet normal 0 0 1
    outer loop
      vertex 25.8967 14.5624 20
      vertex 26.2426 5.75736 20
      vertex 26.2426 14.2426 20
    endloop
  endfacet
  facet normal 0 0 1
    outer loop
      vertex 25.8967 14.5624 20
      vertex 25.8967 5.43756 20
      vertex 26.2426 5.75736 20
    endloop
  endfacet
  facet normal 0 0 1
    outer loop
      vertex 25.5267 14.8541 20
      vertex 25.8967 5.43756 20
      vertex 25.8967 14.5624 20
    endloop
  endfacet
  facet normal 0 0 1
    outer loop
      vertex 25.5267 14.8541 20
      vertex 25.5267 5.1459 20
      vertex 25.8967 5.43756 20
    endloop
  endfacet
  facet normal 0 0 1
    outer loop
      vertex 25.135 15.1158 20
      vertex 25.5267 5.1459 20
      vertex 25.5267 14.8541 20
    endloop
  endfacet
  facet normal 0 0 1
    outer loop
      vertex 25.135 15.1158 20
      vertex 25.135 4.88416 20
      vertex 25.5267 5.1459 20
    endloop
  endfacet
  facet normal 0 0 1
    outer loop
      vertex 24.7239 15.346 20
      vertex 25.135 4.88416 20
      vertex 25.135 15.1158 20
    endloop
  endfacet
  facet normal 0 0 1
    outer loop
      vertex 24.7239 15.346 20
      vertex 24.7239 4.65396 20
      vertex 25.135 4.88416 20
    endloop
  endfacet
  facet normal 0 0 1
    outer loop
      vertex 24.2961 15.5433 20
      vertex 24.7239 4.65396 20
      vertex 24.7239 15.346 20
    endloop
  endfacet
  facet normal 0 0 1
    outer loop
      vertex 24.2961 15.5433 20
      vertex 24.2961 4.45672 20
      vertex 24.7239 4.65396 20
    endloop
  endfacet
  facet normal 0 0 1
    outer loop
      vertex 23.8541 15.7063 20
      vertex 24.2961 4.45672 20
      vertex 24.2961 15.5433 20
    endloop
  endfacet
  facet normal 0 0 1
    outer loop
      vertex 23.8541 15.7063 20
      vertex 23.8541 4.29366 20
      vertex 24.2961 4.45672 20
    endloop
  endfacet
  facet normal 0 0 1
    outer loop
      vertex 23.4007 15.8342 20
      vertex 23.8541 4.29366 20
      vertex 23.8541 15.7063 20
    endloop
  endfacet
  facet normal 0 0 1
    outer loop
      vertex 23.4007 15.8342 20
      vertex 23.4007 4.16578 20
      vertex 23.8541 4.29366 20
    endloop
  endfacet
  facet normal 0 0 1
    outer loop
      vertex 22.9386 15.9261 20
      vertex 23.4007 4.16578 20
      vertex 23.4007 15.8342 20
    endloop
  endfacet
  facet normal 0 0 1
    outer loop
      vertex 22.9386 15.9261 20
      vertex 22.9386 4.07387 20
      vertex 23.4007 4.16578 20
    endloop
  endfacet
  facet normal 0 0 1
    outer loop
      vertex 22.4708 15.9815 20
      vertex 22.9386 4.07387 20
      vertex 22.9386 15.9261 20
    endloop
  endfacet
  facet normal 0 0 1
    outer loop
      vertex 22.4708 15.9815 20
      vertex 22.4708 4.0185 20
      vertex 22.9386 4.07387 20
    endloop
  endfacet
  facet normal 0 0 1
    outer loop
      vertex 22 16 20
      vertex 22.4708 4.0185 20
      vertex 22.4708 15.9815 20
    endloop
  endfacet
  facet normal 0 0 1
    outer loop
      vertex 22 16 20
      vertex 22 4 20
      vertex 22.4708 4.0185 20
    endloop
  endfacet
  facet normal -0 0 1
    outer loop
      vertex 21.5292 15.9815 20
      vertex 22 4 20
      vertex 22 16 20
    endloop
  endfacet
  facet normal 0 0 1
    outer loop
      vertex 21.5292 15.9815 20
      vertex 21.5292 4.0185 20
      vertex 22 4 20
    endloop
  endfacet
  facet normal -0 0 1
    outer loop
      vertex 21.0614 15.9261 20
      vertex 21.5292 4.0185 20
      vertex 21.5292 15.9815 20
    endloop
  endfacet
  facet normal 0 0 1
    outer loop
      vertex 21.0614 15.9261 20
      vertex 21.0614 4.07387 20
      vertex 21.5292 4.0185 20
    endloop
  endfacet
  facet normal -0 0 1
    outer loop
      vertex 20.5993 15.8342 20
      vertex 21.0614 4.07387 20
      vertex 21.0614 15.9261 20
    endloop
  endfacet
  facet normal 0 0 1
    outer loop
      vertex 20.5993 15.8342 20
      vertex 20.5993 4.16578 20
      vertex 21.0614 4.07387 20
    endloop
  endfacet
  facet normal -0 0 1
    outer loop
      vertex 20.1459 15.7063 20
      vertex 20.5993 4.16578 20
      vertex 20.5993 15.8342 20
    endloop
  endfacet
  facet normal 0 0 1
    outer loop
      vertex 20.1459 15.7063 20
      vertex 20.1459 4.29366 20
      vertex 20.5993 4.16578 20
    endloop
  endfacet
  facet normal -0 0 1
    outer loop
      vertex 19.7039 15.5433 20
      vertex 20.1459 4.29366 20
      vertex 20.1459 15.7063 20
    endloop
  endfacet
  facet normal 0 0 1
    outer loop
      vertex 19.7039 15.5433 20
      vertex 19.7039 4.45672 20
      vertex 20.1459 4.29366 20
    endloop
  endfacet
  facet normal -0 0 1
    outer loop
      vertex 19.2761 15.346 20
      vertex 19.7039 4.45672 20
      vertex 19.7039 15.5433 20
    endloop
  endfacet
  facet normal 0 0 1
    outer loop
      vertex 19.2761 15.346 20
      vertex 19.2761 4.65396 20
      vertex 19.7039 4.45672 20
    endloop
  endfacet
  facet normal -0 0 1
    outer loop
      vertex 18.865 15.1158 20
      vertex 19.2761 4.65396 20
      vertex 19.2761 15.346 20
    endloop
  endfacet
  facet normal 0 0 1
    outer loop
      vertex 18.865 15.1158 20
      vertex 18.865 4.88416 20
      vertex 19.2761 4.65396 20
    endloop
  endfacet
  facet normal -0 0 1
    outer loop
      vertex 18.4733 14.8541 20
      vertex 18.865 4.88416 20
      vertex 18.865 15.1158 20
    endloop
  endfacet
  facet normal 0 0 1
    outer loop
      vertex 18.4733 14.8541 20
      vertex 18.4733 5.1459 20
      vertex 18.865 4.88416 20
    endloop
  endfacet
  facet normal -0 0 1
    outer loop
      vertex 18.1033 14.5624 20
      vertex 18.4733 5.1459 20
      vertex 18.4733 14.8541 20
    endloop
  endfacet
  facet normal 0 0 1
    outer loop
      vertex 18.1033 14.5624 20
      vertex 18.1033 5.43756 20
      vertex 18.4733 5.1459 20
    endloop
  endfacet
  facet normal -0 0 1
    outer loop
      vertex 17.7574 14.2426 20
      vertex 18.1033 5.43756 20
      vertex 18.1033 14.5624 20
    endloop
  endfacet
  facet normal 0 0 1
    outer loop
      vertex 17.7574 14.2426 20
      vertex 17.7574 5.75736 20
      vertex 18.1033 5.43756 20
    endloop
  endfacet
  facet normal -0 0 1
    outer loop
      vertex 17.4376 13.8967 20
      vertex 17.7574 5.75736 20
      vertex 17.7574 14.2426 20
    endloop
  endfacet
  facet normal 0 0 1
    outer loop
      vertex 17.4376 13.8967 20
      vertex 17.4376 6.10331 20
      vertex 17.7574 5.75736 20
    endloop
  endfacet
  facet normal -0 0 1
    outer loop
      vertex 17.1459 13.5267 20
      vertex 17.4376 6.10331 20
      vertex 17.4376 13.8967 20
    endloop
  endfacet
  facet normal 0 0 1
    outer loop
      vertex 17.1459 13.5267 20
      vertex 17.1459 6.47329 20
      vertex 17.4376 6.10331 20
    endloop
  endfacet
  facet normal -0 0 1
    outer loop
      vertex 16.8842 13.135 20
      vertex 17.1459 6.47329 20
      vertex 17.1459 13.5267 20
    endloop
  endfacet
  facet normal 0 0 1
    outer loop
      vertex 16.8842 13.135 20
      vertex 16.8842 6.86501 20
      vertex 17.1459 6.47329 20
    endloop
  endfacet
  facet normal -0 0 1
    outer loop
      vertex 16.654 12.7239 20
      vertex 16.8842 6.86501 20
      vertex 16.8842 13.135 20
    endloop
  endfacet
  facet normal 0 0 1
    outer loop
      vertex 16.654 12.7239 20
      vertex 16.654 7.27606 20
      vertex 16.8842 6.86501 20
    endloop
  endfacet
  facet normal -0 0 1
    outer loop
      vertex 16.4567 12.2961 20
      vertex 16.654 7.27606 20
      vertex 16.654 12.7239 20
    endloop
  endfacet
  facet normal 0 0 1
    outer loop
      vertex 16.4567 12.2961 20
      vertex 16.4567 7.7039 20
      vertex 16.654 7.27606 20
    endloop
  endfacet
  facet normal -0 0 1
    outer loop
      vertex 16.2937 11.8541 20
      vertex 16.4567 7.7039 20
      vertex 16.4567 12.2961 20
    endloop
  endfacet
  facet normal 0 0 1
    outer loop
      vertex 16.2937 11.8541 20
      vertex 16.2937 8.1459 20
      vertex 16.4567 7.7039 20
    endloop
  endfacet
  facet normal -0 0 1
    outer loop
      vertex 16.1658 11.4007 20
      vertex 16.2937 8.1459 20
      vertex 16.2937 11.8541 20
    endloop
  endfacet
  facet normal 0 0 1
    outer loop
      vertex 16.1658 11.4007 20
      vertex 16.1658 8.59933 20
      vertex 16.2937 8.1459 20
    endloop
  endfacet
  facet normal -0 0 1
    outer loop
      vertex 16.0739 10.9386 20
      vertex 16.1658 8.59933 20
      vertex 16.1658 11.4007 20
    endloop
  endfacet
  facet normal 0 0 1
    outer loop
      vertex 16.0739 10.9386 20
      vertex 16.0739 9.06139 20
      vertex 16.1658 8.59933 20
    endloop
  endfacet
  facet normal -0 0 1
    outer loop
      vertex 16.0185 10.4708 20
      vertex 16.0739 9.06139 20
      vertex 16.0739 10.9386 20
    endloop
  endfacet
  facet normal 0 0 1
    outer loop
      vertex 16.0185 10.4708 20
      vertex 16.0185 9.52925 20
      vertex 16.0739 9.06139 20
    endloop
  endfacet
  facet normal 0 -0 1
    outer loop
      vertex 16.0185 9.52925 20
      vertex 16.0185 10.4708 20
      vertex 16 10 20
    endloop
  endfacet
  facet normal -0.734315 -0.678809 0
    outer loop
      vertex 17.7574 5.75736 12
      vertex 17.4376 6.10331 20
      vertex 17.4376 6.10331 12
    endloop
  endfacet
  facet normal -0.734315 -0.678809 0
    outer loop
      vertex 17.4376 6.10331 20
      vertex 17.7574 5.75736 12
      vertex 17.7574 5.75736 20
    endloop
  endfacet
  facet normal -0.87252 0.488578 0
    outer loop
      vertex 16.654 12.7239 12
      vertex 16.8842 13.135 20
      vertex 16.8842 13.135 12
    endloop
  endfacet
  facet normal -0.87252 0.488578 0
    outer loop
      vertex 16.8842 13.135 20
      vertex 16.654 12.7239 12
      vertex 16.654 12.7239 20
    endloop
  endfacet
  facet normal -0.785301 0.619114 0
    outer loop
      vertex 17.1459 13.5267 12
      vertex 17.4376 13.8967 20
      vertex 17.4376 13.8967 12
    endloop
  endfacet
  facet normal -0.785301 0.619114 0
    outer loop
      vertex 17.4376 13.8967 20
      vertex 17.1459 13.5267 12
      vertex 17.1459 13.5267 20
    endloop
  endfacet
  facet normal -0.908077 0.418802 0
    outer loop
      vertex 16.4567 12.2961 12
      vertex 16.654 12.7239 20
      vertex 16.654 12.7239 12
    endloop
  endfacet
  facet normal -0.908077 0.418802 0
    outer loop
      vertex 16.654 12.7239 20
      vertex 16.4567 12.2961 12
      vertex 16.4567 12.2961 20
    endloop
  endfacet
  facet normal -0.195075 -0.980788 0
    outer loop
      vertex 20.5993 4.16578 12
      vertex 21.0614 4.07387 20
      vertex 20.5993 4.16578 20
    endloop
  endfacet
  facet normal -0.195075 -0.980788 -0
    outer loop
      vertex 21.0614 4.07387 20
      vertex 20.5993 4.16578 12
      vertex 21.0614 4.07387 12
    endloop
  endfacet
  facet normal 0.117605 0.99306 -0
    outer loop
      vertex 22.9386 15.9261 12
      vertex 22.4708 15.9815 20
      vertex 22.9386 15.9261 20
    endloop
  endfacet
  facet normal 0.117605 0.99306 0
    outer loop
      vertex 22.4708 15.9815 20
      vertex 22.9386 15.9261 12
      vertex 22.4708 15.9815 12
    endloop
  endfacet
  facet normal 0.734266 0.678862 0
    outer loop
      vertex 26.5624 13.8967 20
      vertex 26.2426 14.2426 12
      vertex 26.2426 14.2426 20
    endloop
  endfacet
  facet normal 0.734266 0.678862 0
    outer loop
      vertex 26.2426 14.2426 12
      vertex 26.5624 13.8967 20
      vertex 26.5624 13.8967 12
    endloop
  endfacet
  facet normal 0.785301 0.619114 0
    outer loop
      vertex 26.8541 13.5267 20
      vertex 26.5624 13.8967 12
      vertex 26.5624 13.8967 20
    endloop
  endfacet
  facet normal 0.785301 0.619114 0
    outer loop
      vertex 26.5624 13.8967 12
      vertex 26.8541 13.5267 20
      vertex 26.8541 13.5267 12
    endloop
  endfacet
  facet normal 0.678862 -0.734266 0
    outer loop
      vertex 25.8967 5.43756 12
      vertex 26.2426 5.75736 20
      vertex 25.8967 5.43756 20
    endloop
  endfacet
  facet normal 0.678862 -0.734266 0
    outer loop
      vertex 26.2426 5.75736 20
      vertex 25.8967 5.43756 12
      vertex 26.2426 5.75736 12
    endloop
  endfacet
  facet normal 0 0 -1
    outer loop
      vertex 34.5505 0.888247 0
      vertex 9.44949 0.888247 0
      vertex 34.6247 0.999234 0
    endloop
  endfacet
  facet normal 0 0 -1
    outer loop
      vertex 9.37533 0.999234 0
      vertex 34.6247 0.999234 0
      vertex 9.44949 0.888247 0
    endloop
  endfacet
  facet normal 0 0 -1
    outer loop
      vertex 34.6247 0.999234 0
      vertex 9.37533 0.999234 0
      vertex 34.7073 1.10406 0
    endloop
  endfacet
  facet normal 0 0 -1
    outer loop
      vertex 9.29269 1.10406 0
      vertex 34.7073 1.10406 0
      vertex 9.37533 0.999234 0
    endloop
  endfacet
  facet normal 0 0 -1
    outer loop
      vertex 34.7073 1.10406 0
      vertex 9.29269 1.10406 0
      vertex 34.7979 1.20208 0
    endloop
  endfacet
  facet normal 0 0 -1
    outer loop
      vertex 9.20208 1.20208 0
      vertex 34.7979 1.20208 0
      vertex 9.29269 1.10406 0
    endloop
  endfacet
  facet normal 0 0 -1
    outer loop
      vertex 34.7979 1.20208 0
      vertex 9.20208 1.20208 0
      vertex 34.8959 1.29269 0
    endloop
  endfacet
  facet normal 0 0 -1
    outer loop
      vertex 9.10406 1.29269 0
      vertex 34.8959 1.29269 0
      vertex 9.20208 1.20208 0
    endloop
  endfacet
  facet normal 0 0 -1
    outer loop
      vertex 34.8959 1.29269 0
      vertex 9.10406 1.29269 0
      vertex 35.0008 1.37533 0
    endloop
  endfacet
  facet normal 0 0 -1
    outer loop
      vertex 8.99923 1.37533 0
      vertex 35.0008 1.37533 0
      vertex 9.10406 1.29269 0
    endloop
  endfacet
  facet normal 0 0 -1
    outer loop
      vertex 35.0008 1.37533 0
      vertex 8.99923 1.37533 0
      vertex 44 22 0
    endloop
  endfacet
  facet normal 0 0 -1
    outer loop
      vertex 8.88825 1.44949 0
      vertex 44 22 0
      vertex 8.99923 1.37533 0
    endloop
  endfacet
  facet normal -0 0 -1
    outer loop
      vertex 44 22 0
      vertex 8.88825 1.44949 0
      vertex 10 42 0
    endloop
  endfacet
  facet normal 0 0 -1
    outer loop
      vertex 0 32 0
      vertex 10 42 0
      vertex 8.88825 1.44949 0
    endloop
  endfacet
  facet normal 0 0 -1
    outer loop
      vertex 0 32 0
      vertex 8.88825 1.44949 0
      vertex 8.77178 1.51471 0
    endloop
  endfacet
  facet normal 0 0 -1
    outer loop
      vertex 0 32 0
      vertex 8.77178 1.51471 0
      vertex 8.65056 1.57059 0
    endloop
  endfacet
  facet normal 0 0 -1
    outer loop
      vertex 0 32 0
      vertex 8.65056 1.57059 0
      vertex 8.52533 1.6168 0
    endloop
  endfacet
  facet normal 0 0 -1
    outer loop
      vertex 10 42 0
      vertex 0 32 0
      vertex 9.21542 41.9692 0
    endloop
  endfacet
  facet normal 0 0 -1
    outer loop
      vertex 0 32 0
      vertex 8.52533 1.6168 0
      vertex 8.39686 1.65303 0
    endloop
  endfacet
  facet normal 0 0 -1
    outer loop
      vertex 0 32 0
      vertex 8.39686 1.65303 0
      vertex 8.26594 1.67907 0
    endloop
  endfacet
  facet normal 0 0 -1
    outer loop
      vertex 0 32 0
      vertex 8.26594 1.67907 0
      vertex 8.13338 1.69476 0
    endloop
  endfacet
  facet normal 0 0 -1
    outer loop
      vertex 0 32 0
      vertex 8.13338 1.69476 0
      vertex 8 1.7 0
    endloop
  endfacet
  facet normal 0 0 -1
    outer loop
      vertex 0 32 0
      vertex 8 1.7 0
      vertex 7.86662 1.69476 0
    endloop
  endfacet
  facet normal 0 0 -1
    outer loop
      vertex 0 32 0
      vertex 7.86662 1.69476 0
      vertex 7.73406 1.67907 0
    endloop
  endfacet
  facet normal 0 0 -1
    outer loop
      vertex 9.21542 41.9692 0
      vertex 0 32 0
      vertex 8.43567 41.8769 0
    endloop
  endfacet
  facet normal 0 0 -1
    outer loop
      vertex 0 32 0
      vertex 7.73406 1.67907 0
      vertex 7.60314 1.65303 0
    endloop
  endfacet
  facet normal 0 0 -1
    outer loop
      vertex 0 32 0
      vertex 7.60314 1.65303 0
      vertex 7.47467 1.6168 0
    endloop
  endfacet
  facet normal 0 0 -1
    outer loop
      vertex 0 32 0
      vertex 7.47467 1.6168 0
      vertex 7.34944 1.57059 0
    endloop
  endfacet
  facet normal 0 0 -1
    outer loop
      vertex 0 32 0
      vertex 7.34944 1.57059 0
      vertex 7.22822 1.51471 0
    endloop
  endfacet
  facet normal 0 0 -1
    outer loop
      vertex 0 32 0
      vertex 7.22822 1.51471 0
      vertex 7.11175 1.44949 0
    endloop
  endfacet
  facet normal 0 0 -1
    outer loop
      vertex 0 32 0
      vertex 7.11175 1.44949 0
      vertex 7.00076 1.37533 0
    endloop
  endfacet
  facet normal 0 0 -1
    outer loop
      vertex 8.43567 41.8769 0
      vertex 0 32 0
      vertex 7.66556 41.7237 0
    endloop
  endfacet
  facet normal 0 0 -1
    outer loop
      vertex 0 32 0
      vertex 7.00076 1.37533 0
      vertex 6.89594 1.29269 0
    endloop
  endfacet
  facet normal 0 0 -1
    outer loop
      vertex 0 32 0
      vertex 6.89594 1.29269 0
      vertex 6.79792 1.20208 0
    endloop
  endfacet
  facet normal 0 0 -1
    outer loop
      vertex 0 32 0
      vertex 6.79792 1.20208 0
      vertex 6.70731 1.10406 0
    endloop
  endfacet
  facet normal 0 0 -1
    outer loop
      vertex 0 32 0
      vertex 6.70731 1.10406 0
      vertex 6.62467 0.999234 0
    endloop
  endfacet
  facet normal 0 0 -1
    outer loop
      vertex 0 32 0
      vertex 6.62467 0.999234 0
      vertex 6.55051 0.888247 0
    endloop
  endfacet
  facet normal 0 0 -1
    outer loop
      vertex 0 32 0
      vertex 6.55051 0.888247 0
      vertex 6.48529 0.771784 0
    endloop
  endfacet
  facet normal 0 0 -1
    outer loop
      vertex 0 32 0
      vertex 6.48529 0.771784 0
      vertex 6.4294 0.650561 0
    endloop
  endfacet
  facet normal 0 0 -1
    outer loop
      vertex 0 32 0
      vertex 6.4294 0.650561 0
      vertex 6.3832 0.525329 0
    endloop
  endfacet
  facet normal 0 0 -1
    outer loop
      vertex 0 32 0
      vertex 6.3832 0.525329 0
      vertex 6.34697 0.396856 0
    endloop
  endfacet
  facet normal 0 0 -1
    outer loop
      vertex 0 32 0
      vertex 6.34697 0.396856 0
      vertex 6.32093 0.265938 0
    endloop
  endfacet
  facet normal 0 0 -1
    outer loop
      vertex 0 32 0
      vertex 6.32093 0.265938 0
      vertex 6.30524 0.13338 0
    endloop
  endfacet
  facet normal 0 0 -1
    outer loop
      vertex 0 32 0
      vertex 6.30524 0.13338 0
      vertex 6.3 0 0
    endloop
  endfacet
  facet normal 0 0 -1
    outer loop
      vertex 7.66556 41.7237 0
      vertex 0 32 0
      vertex 6.90984 41.5106 0
    endloop
  endfacet
  facet normal -0 0 -1
    outer loop
      vertex 6.30524 -0.13338 0
      vertex 0 -32 0
      vertex 6.3 0 0
    endloop
  endfacet
  facet normal 0 0 -1
    outer loop
      vertex 0 -32 0
      vertex 6.17317 -41.2388 0
      vertex 5.4601 -40.9101 0
    endloop
  endfacet
  facet normal 0 0 -1
    outer loop
      vertex 0 32 0
      vertex 6.3 0 0
      vertex 0 -32 0
    endloop
  endfacet
  facet normal 0 0 -1
    outer loop
      vertex 0 -32 0
      vertex 5.4601 -40.9101 0
      vertex 4.77502 -40.5264 0
    endloop
  endfacet
  facet normal 0 0 -1
    outer loop
      vertex 6.90984 41.5106 0
      vertex 0 32 0
      vertex 6.17317 41.2388 0
    endloop
  endfacet
  facet normal 0 0 -1
    outer loop
      vertex 0 -32 0
      vertex 4.77502 -40.5264 0
      vertex 4.12216 -40.0902 0
    endloop
  endfacet
  facet normal 0 0 -1
    outer loop
      vertex 6.17317 41.2388 0
      vertex 0 32 0
      vertex 5.4601 40.9101 0
    endloop
  endfacet
  facet normal 0 0 -1
    outer loop
      vertex 0 -32 0
      vertex 4.12216 -40.0902 0
      vertex 3.50552 -39.604 0
    endloop
  endfacet
  facet normal 0 0 -1
    outer loop
      vertex 5.4601 40.9101 0
      vertex 0 32 0
      vertex 4.77502 40.5264 0
    endloop
  endfacet
  facet normal 0 0 -1
    outer loop
      vertex 0 -32 0
      vertex 3.50552 -39.604 0
      vertex 2.92894 -39.0711 0
    endloop
  endfacet
  facet normal 0 0 -1
    outer loop
      vertex 4.77502 40.5264 0
      vertex 0 32 0
      vertex 4.12216 40.0902 0
    endloop
  endfacet
  facet normal 0 0 -1
    outer loop
      vertex 0 -32 0
      vertex 2.92894 -39.0711 0
      vertex 2.39595 -38.4945 0
    endloop
  endfacet
  facet normal 0 0 -1
    outer loop
      vertex 4.12216 40.0902 0
      vertex 0 32 0
      vertex 3.50552 39.604 0
    endloop
  endfacet
  facet normal 0 0 -1
    outer loop
      vertex 0 -32 0
      vertex 2.39595 -38.4945 0
      vertex 1.90984 -37.8778 0
    endloop
  endfacet
  facet normal 0 0 -1
    outer loop
      vertex 3.50552 39.604 0
      vertex 0 32 0
      vertex 2.92894 39.0711 0
    endloop
  endfacet
  facet normal 0 0 -1
    outer loop
      vertex 0 -32 0
      vertex 1.90984 -37.8778 0
      vertex 1.4736 -37.225 0
    endloop
  endfacet
  facet normal 0 0 -1
    outer loop
      vertex 2.92894 39.0711 0
      vertex 0 32 0
      vertex 2.39595 38.4945 0
    endloop
  endfacet
  facet normal 0 0 -1
    outer loop
      vertex 0 -32 0
      vertex 1.4736 -37.225 0
      vertex 1.08994 -36.5399 0
    endloop
  endfacet
  facet normal 0 0 -1
    outer loop
      vertex 2.39595 38.4945 0
      vertex 0 32 0
      vertex 1.90984 37.8778 0
    endloop
  endfacet
  facet normal 0 0 -1
    outer loop
      vertex 0 -32 0
      vertex 1.08994 -36.5399 0
      vertex 0.761215 -35.8268 0
    endloop
  endfacet
  facet normal 0 0 -1
    outer loop
      vertex 1.90984 37.8778 0
      vertex 0 32 0
      vertex 1.4736 37.225 0
    endloop
  endfacet
  facet normal 0 0 -1
    outer loop
      vertex 0 -32 0
      vertex 0.761215 -35.8268 0
      vertex 0.489441 -35.0902 0
    endloop
  endfacet
  facet normal 0 0 -1
    outer loop
      vertex 1.4736 37.225 0
      vertex 0 32 0
      vertex 1.08994 36.5399 0
    endloop
  endfacet
  facet normal 0 0 -1
    outer loop
      vertex 0 -32 0
      vertex 0.489441 -35.0902 0
      vertex 0.276306 -34.3344 0
    endloop
  endfacet
  facet normal 0 0 -1
    outer loop
      vertex 1.08994 36.5399 0
      vertex 0 32 0
      vertex 0.761215 35.8268 0
    endloop
  endfacet
  facet normal 0 0 -1
    outer loop
      vertex 0 -32 0
      vertex 0.276306 -34.3344 0
      vertex 0.123123 -33.5643 0
    endloop
  endfacet
  facet normal 0 0 -1
    outer loop
      vertex 0.761215 35.8268 0
      vertex 0 32 0
      vertex 0.489441 35.0902 0
    endloop
  endfacet
  facet normal 0 0 -1
    outer loop
      vertex 0 -32 0
      vertex 0.123123 -33.5643 0
      vertex 0.030838 -32.7846 0
    endloop
  endfacet
  facet normal 0 0 -1
    outer loop
      vertex 0.489441 35.0902 0
      vertex 0 32 0
      vertex 0.276306 34.3344 0
    endloop
  endfacet
  facet normal 0 0 -1
    outer loop
      vertex 0.276306 34.3344 0
      vertex 0 32 0
      vertex 0.123123 33.5643 0
    endloop
  endfacet
  facet normal 0 0 -1
    outer loop
      vertex 0.123123 33.5643 0
      vertex 0 32 0
      vertex 0.030838 32.7846 0
    endloop
  endfacet
  facet normal 0 0 -1
    outer loop
      vertex 34 -42 0
      vertex 44 -22 0
      vertex 44 -32 0
    endloop
  endfacet
  facet normal 0 -0 -1
    outer loop
      vertex 37.7 0 0
      vertex 44 -22 0
      vertex 37.6948 -0.13338 0
    endloop
  endfacet
  facet normal 0 0 -1
    outer loop
      vertex 34 -42 0
      vertex 44 -32 0
      vertex 43.9692 -32.7846 0
    endloop
  endfacet
  facet normal 0 0 -1
    outer loop
      vertex 37.6948 0.13338 0
      vertex 44 22 0
      vertex 37.7 0 0
    endloop
  endfacet
  facet normal 0 0 -1
    outer loop
      vertex 34 -42 0
      vertex 43.9692 -32.7846 0
      vertex 43.8769 -33.5643 0
    endloop
  endfacet
  facet normal 0 0 -1
    outer loop
      vertex 37.6791 0.265938 0
      vertex 44 22 0
      vertex 37.6948 0.13338 0
    endloop
  endfacet
  facet normal 0 0 -1
    outer loop
      vertex 34 -42 0
      vertex 43.8769 -33.5643 0
      vertex 43.7237 -34.3344 0
    endloop
  endfacet
  facet normal 0 0 -1
    outer loop
      vertex 37.653 0.396856 0
      vertex 44 22 0
      vertex 37.6791 0.265938 0
    endloop
  endfacet
  facet normal 0 0 -1
    outer loop
      vertex 34 -42 0
      vertex 43.7237 -34.3344 0
      vertex 43.5106 -35.0902 0
    endloop
  endfacet
  facet normal 0 0 -1
    outer loop
      vertex 37.6168 0.525329 0
      vertex 44 22 0
      vertex 37.653 0.396856 0
    endloop
  endfacet
  facet normal 0 0 -1
    outer loop
      vertex 34 -42 0
      vertex 43.5106 -35.0902 0
      vertex 43.2388 -35.8268 0
    endloop
  endfacet
  facet normal 0 0 -1
    outer loop
      vertex 37.5706 0.650561 0
      vertex 44 22 0
      vertex 37.6168 0.525329 0
    endloop
  endfacet
  facet normal 0 0 -1
    outer loop
      vertex 34 -42 0
      vertex 43.2388 -35.8268 0
      vertex 42.9101 -36.5399 0
    endloop
  endfacet
  facet normal 0 0 -1
    outer loop
      vertex 37.5147 0.771784 0
      vertex 44 22 0
      vertex 37.5706 0.650561 0
    endloop
  endfacet
  facet normal 0 0 -1
    outer loop
      vertex 34 -42 0
      vertex 42.9101 -36.5399 0
      vertex 42.5264 -37.225 0
    endloop
  endfacet
  facet normal 0 0 -1
    outer loop
      vertex 37.4495 0.888247 0
      vertex 44 22 0
      vertex 37.5147 0.771784 0
    endloop
  endfacet
  facet normal 0 0 -1
    outer loop
      vertex 34 -42 0
      vertex 42.5264 -37.225 0
      vertex 42.0902 -37.8778 0
    endloop
  endfacet
  facet normal 0 0 -1
    outer loop
      vertex 37.3753 0.999234 0
      vertex 44 22 0
      vertex 37.4495 0.888247 0
    endloop
  endfacet
  facet normal 0 0 -1
    outer loop
      vertex 34 -42 0
      vertex 42.0902 -37.8778 0
      vertex 41.604 -38.4945 0
    endloop
  endfacet
  facet normal 0 0 -1
    outer loop
      vertex 37.2927 1.10406 0
      vertex 44 22 0
      vertex 37.3753 0.999234 0
    endloop
  endfacet
  facet normal 0 0 -1
    outer loop
      vertex 34 -42 0
      vertex 41.604 -38.4945 0
      vertex 41.0711 -39.0711 0
    endloop
  endfacet
  facet normal 0 0 -1
    outer loop
      vertex 37.2021 1.20208 0
      vertex 44 22 0
      vertex 37.2927 1.10406 0
    endloop
  endfacet
  facet normal 0 0 -1
    outer loop
      vertex 34 -42 0
      vertex 41.0711 -39.0711 0
      vertex 40.4945 -39.604 0
    endloop
  endfacet
  facet normal 0 0 -1
    outer loop
      vertex 37.1041 1.29269 0
      vertex 44 22 0
      vertex 37.2021 1.20208 0
    endloop
  endfacet
  facet normal 0 0 -1
    outer loop
      vertex 34 -42 0
      vertex 40.4945 -39.604 0
      vertex 39.8778 -40.0902 0
    endloop
  endfacet
  facet normal 0 0 -1
    outer loop
      vertex 36.9992 1.37533 0
      vertex 44 22 0
      vertex 37.1041 1.29269 0
    endloop
  endfacet
  facet normal 0 0 -1
    outer loop
      vertex 34 -42 0
      vertex 39.8778 -40.0902 0
      vertex 39.225 -40.5264 0
    endloop
  endfacet
  facet normal 0 0 -1
    outer loop
      vertex 36.8882 1.44949 0
      vertex 44 22 0
      vertex 36.9992 1.37533 0
    endloop
  endfacet
  facet normal 0 0 -1
    outer loop
      vertex 34 -42 0
      vertex 39.225 -40.5264 0
      vertex 38.5399 -40.9101 0
    endloop
  endfacet
  facet normal 0 0 -1
    outer loop
      vertex 36.7718 1.51471 0
      vertex 44 22 0
      vertex 36.8882 1.44949 0
    endloop
  endfacet
  facet normal 0 0 -1
    outer loop
      vertex 34 -42 0
      vertex 38.5399 -40.9101 0
      vertex 37.8268 -41.2388 0
    endloop
  endfacet
  facet normal 0 0 -1
    outer loop
      vertex 36.6506 1.57059 0
      vertex 44 22 0
      vertex 36.7718 1.51471 0
    endloop
  endfacet
  facet normal 0 0 -1
    outer loop
      vertex 36.5253 1.6168 0
      vertex 44 22 0
      vertex 36.6506 1.57059 0
    endloop
  endfacet
  facet normal 0 0 -1
    outer loop
      vertex 44 -22 0
      vertex 37.7 0 0
      vertex 44 22 0
    endloop
  endfacet
  facet normal 0 0 -1
    outer loop
      vertex 44 -22 0
      vertex 37.6791 -0.265938 0
      vertex 37.6948 -0.13338 0
    endloop
  endfacet
  facet normal 0 0 -1
    outer loop
      vertex 44 -22 0
      vertex 37.653 -0.396856 0
      vertex 37.6791 -0.265938 0
    endloop
  endfacet
  facet normal 0 0 -1
    outer loop
      vertex 44 -22 0
      vertex 37.6168 -0.525329 0
      vertex 37.653 -0.396856 0
    endloop
  endfacet
  facet normal 0 0 -1
    outer loop
      vertex 44 -22 0
      vertex 37.5706 -0.650561 0
      vertex 37.6168 -0.525329 0
    endloop
  endfacet
  facet normal 0 0 -1
    outer loop
      vertex 44 -22 0
      vertex 37.5147 -0.771784 0
      vertex 37.5706 -0.650561 0
    endloop
  endfacet
  facet normal 0 0 -1
    outer loop
      vertex 44 -22 0
      vertex 37.4495 -0.888247 0
      vertex 37.5147 -0.771784 0
    endloop
  endfacet
  facet normal 0 0 -1
    outer loop
      vertex 44 -22 0
      vertex 37.3753 -0.999234 0
      vertex 37.4495 -0.888247 0
    endloop
  endfacet
  facet normal 0 0 -1
    outer loop
      vertex 44 -22 0
      vertex 37.2927 -1.10406 0
      vertex 37.3753 -0.999234 0
    endloop
  endfacet
  facet normal 0 0 -1
    outer loop
      vertex 44 -22 0
      vertex 37.2021 -1.20208 0
      vertex 37.2927 -1.10406 0
    endloop
  endfacet
  facet normal 0 0 -1
    outer loop
      vertex 44 -22 0
      vertex 37.1041 -1.29269 0
      vertex 37.2021 -1.20208 0
    endloop
  endfacet
  facet normal 0 0 -1
    outer loop
      vertex 34 -42 0
      vertex 37.8268 -41.2388 0
      vertex 37.0902 -41.5106 0
    endloop
  endfacet
  facet normal 0 0 -1
    outer loop
      vertex 44 -22 0
      vertex 36.9992 -1.37533 0
      vertex 37.1041 -1.29269 0
    endloop
  endfacet
  facet normal 0 0 -1
    outer loop
      vertex 44 -22 0
      vertex 36.8882 -1.44949 0
      vertex 36.9992 -1.37533 0
    endloop
  endfacet
  facet normal 0 0 -1
    outer loop
      vertex 44 -22 0
      vertex 36.7718 -1.51471 0
      vertex 36.8882 -1.44949 0
    endloop
  endfacet
  facet normal 0 0 -1
    outer loop
      vertex 44 -22 0
      vertex 36.6506 -1.57059 0
      vertex 36.7718 -1.51471 0
    endloop
  endfacet
  facet normal 0 0 -1
    outer loop
      vertex 44 -22 0
      vertex 36.5253 -1.6168 0
      vertex 36.6506 -1.57059 0
    endloop
  endfacet
  facet normal 0 0 -1
    outer loop
      vertex 44 -22 0
      vertex 36.3969 -1.65303 0
      vertex 36.5253 -1.6168 0
    endloop
  endfacet
  facet normal 0 0 -1
    outer loop
      vertex 34 -42 0
      vertex 37.0902 -41.5106 0
      vertex 36.3344 -41.7237 0
    endloop
  endfacet
  facet normal 0 0 -1
    outer loop
      vertex 44 -22 0
      vertex 36.2659 -1.67907 0
      vertex 36.3969 -1.65303 0
    endloop
  endfacet
  facet normal 0 0 -1
    outer loop
      vertex 44 -22 0
      vertex 36.1334 -1.69476 0
      vertex 36.2659 -1.67907 0
    endloop
  endfacet
  facet normal 0 0 -1
    outer loop
      vertex 44 -22 0
      vertex 36 -1.7 0
      vertex 36.1334 -1.69476 0
    endloop
  endfacet
  facet normal 0 0 -1
    outer loop
      vertex 44 -22 0
      vertex 35.8666 -1.69476 0
      vertex 36 -1.7 0
    endloop
  endfacet
  facet normal 0 0 -1
    outer loop
      vertex 44 -22 0
      vertex 35.7341 -1.67907 0
      vertex 35.8666 -1.69476 0
    endloop
  endfacet
  facet normal 0 0 -1
    outer loop
      vertex 10 -42 0
      vertex 44 -22 0
      vertex 34 -42 0
    endloop
  endfacet
  facet normal 0 0 -1
    outer loop
      vertex 34 -42 0
      vertex 36.3344 -41.7237 0
      vertex 35.5643 -41.8769 0
    endloop
  endfacet
  facet normal 0 0 -1
    outer loop
      vertex 44 -22 0
      vertex 35.6031 -1.65303 0
      vertex 35.7341 -1.67907 0
    endloop
  endfacet
  facet normal 0 0 -1
    outer loop
      vertex 44 -22 0
      vertex 35.4747 -1.6168 0
      vertex 35.6031 -1.65303 0
    endloop
  endfacet
  facet normal 0 0 -1
    outer loop
      vertex 44 -22 0
      vertex 35.3494 -1.57059 0
      vertex 35.4747 -1.6168 0
    endloop
  endfacet
  facet normal 0 0 -1
    outer loop
      vertex 44 -22 0
      vertex 35.2282 -1.51471 0
      vertex 35.3494 -1.57059 0
    endloop
  endfacet
  facet normal 0 0 -1
    outer loop
      vertex 44 -22 0
      vertex 35.1118 -1.44949 0
      vertex 35.2282 -1.51471 0
    endloop
  endfacet
  facet normal 0 0 -1
    outer loop
      vertex 44 -22 0
      vertex 35.0008 -1.37533 0
      vertex 35.1118 -1.44949 0
    endloop
  endfacet
  facet normal 0 0 -1
    outer loop
      vertex 44 -22 0
      vertex 8.99923 -1.37533 0
      vertex 35.0008 -1.37533 0
    endloop
  endfacet
  facet normal 0 0 -1
    outer loop
      vertex 34 -42 0
      vertex 35.5643 -41.8769 0
      vertex 34.7846 -41.9692 0
    endloop
  endfacet
  facet normal 0 0 -1
    outer loop
      vertex 35.0008 -1.37533 0
      vertex 8.99923 -1.37533 0
      vertex 34.8959 -1.29269 0
    endloop
  endfacet
  facet normal 0 -0 -1
    outer loop
      vertex 9.10406 -1.29269 0
      vertex 34.8959 -1.29269 0
      vertex 8.99923 -1.37533 0
    endloop
  endfacet
  facet normal 0 0 -1
    outer loop
      vertex 34.8959 -1.29269 0
      vertex 9.10406 -1.29269 0
      vertex 34.7979 -1.20208 0
    endloop
  endfacet
  facet normal 0 -0 -1
    outer loop
      vertex 9.20208 -1.20208 0
      vertex 34.7979 -1.20208 0
      vertex 9.10406 -1.29269 0
    endloop
  endfacet
  facet normal 0 0 -1
    outer loop
      vertex 34.7979 -1.20208 0
      vertex 9.20208 -1.20208 0
      vertex 34.7073 -1.10406 0
    endloop
  endfacet
  facet normal 0 -0 -1
    outer loop
      vertex 9.29269 -1.10406 0
      vertex 34.7073 -1.10406 0
      vertex 9.20208 -1.20208 0
    endloop
  endfacet
  facet normal 0 0 -1
    outer loop
      vertex 34.7073 -1.10406 0
      vertex 9.29269 -1.10406 0
      vertex 34.6247 -0.999234 0
    endloop
  endfacet
  facet normal 0 -0 -1
    outer loop
      vertex 9.37533 -0.999234 0
      vertex 34.6247 -0.999234 0
      vertex 9.29269 -1.10406 0
    endloop
  endfacet
  facet normal 0 0 -1
    outer loop
      vertex 34.6247 -0.999234 0
      vertex 9.37533 -0.999234 0
      vertex 34.5505 -0.888247 0
    endloop
  endfacet
  facet normal 0 -0 -1
    outer loop
      vertex 9.44949 -0.888247 0
      vertex 34.5505 -0.888247 0
      vertex 9.37533 -0.999234 0
    endloop
  endfacet
  facet normal 0 0 -1
    outer loop
      vertex 34.5505 -0.888247 0
      vertex 9.44949 -0.888247 0
      vertex 34.4853 -0.771784 0
    endloop
  endfacet
  facet normal 0 0 -1
    outer loop
      vertex 44 -22 0
      vertex 180 22 0
      vertex 180 -22 0
    endloop
  endfacet
  facet normal -0 0 -1
    outer loop
      vertex 180 22 0
      vertex 44 -22 0
      vertex 44 22 0
    endloop
  endfacet
  facet normal 0 0 -1
    outer loop
      vertex 36.3969 1.65303 0
      vertex 44 22 0
      vertex 36.5253 1.6168 0
    endloop
  endfacet
  facet normal 0 0 -1
    outer loop
      vertex 36.2659 1.67907 0
      vertex 44 22 0
      vertex 36.3969 1.65303 0
    endloop
  endfacet
  facet normal 0 0 -1
    outer loop
      vertex 36.1334 1.69476 0
      vertex 44 22 0
      vertex 36.2659 1.67907 0
    endloop
  endfacet
  facet normal 0 0 -1
    outer loop
      vertex 36 1.7 0
      vertex 44 22 0
      vertex 36.1334 1.69476 0
    endloop
  endfacet
  facet normal 0 0 -1
    outer loop
      vertex 35.8666 1.69476 0
      vertex 44 22 0
      vertex 36 1.7 0
    endloop
  endfacet
  facet normal 0 0 -1
    outer loop
      vertex 35.7341 1.67907 0
      vertex 44 22 0
      vertex 35.8666 1.69476 0
    endloop
  endfacet
  facet normal 0 0 -1
    outer loop
      vertex 35.6031 1.65303 0
      vertex 44 22 0
      vertex 35.7341 1.67907 0
    endloop
  endfacet
  facet normal 0 0 -1
    outer loop
      vertex 35.4747 1.6168 0
      vertex 44 22 0
      vertex 35.6031 1.65303 0
    endloop
  endfacet
  facet normal 0 0 -1
    outer loop
      vertex 35.3494 1.57059 0
      vertex 44 22 0
      vertex 35.4747 1.6168 0
    endloop
  endfacet
  facet normal 0 0 -1
    outer loop
      vertex 35.2282 1.51471 0
      vertex 44 22 0
      vertex 35.3494 1.57059 0
    endloop
  endfacet
  facet normal 0 0 -1
    outer loop
      vertex 35.1118 1.44949 0
      vertex 44 22 0
      vertex 35.2282 1.51471 0
    endloop
  endfacet
  facet normal 0 0 -1
    outer loop
      vertex 35.0008 1.37533 0
      vertex 44 22 0
      vertex 35.1118 1.44949 0
    endloop
  endfacet
  facet normal 0 0 -1
    outer loop
      vertex 44 32 0
      vertex 34 42 0
      vertex 43.9692 32.7846 0
    endloop
  endfacet
  facet normal 0 0 -1
    outer loop
      vertex 43.9692 32.7846 0
      vertex 34 42 0
      vertex 43.8769 33.5643 0
    endloop
  endfacet
  facet normal 0 0 -1
    outer loop
      vertex 43.7237 34.3344 0
      vertex 34 42 0
      vertex 43.5106 35.0902 0
    endloop
  endfacet
  facet normal 0 0 -1
    outer loop
      vertex 43.5106 35.0902 0
      vertex 34 42 0
      vertex 43.2388 35.8268 0
    endloop
  endfacet
  facet normal 0 0 -1
    outer loop
      vertex 42.9101 36.5399 0
      vertex 34 42 0
      vertex 42.5264 37.225 0
    endloop
  endfacet
  facet normal 0 0 -1
    outer loop
      vertex 42.5264 37.225 0
      vertex 34 42 0
      vertex 42.0902 37.8778 0
    endloop
  endfacet
  facet normal 0 0 -1
    outer loop
      vertex 41.604 38.4945 0
      vertex 34 42 0
      vertex 41.0711 39.0711 0
    endloop
  endfacet
  facet normal 0 0 -1
    outer loop
      vertex 41.0711 39.0711 0
      vertex 34 42 0
      vertex 40.4945 39.604 0
    endloop
  endfacet
  facet normal 0 0 -1
    outer loop
      vertex 40.4945 39.604 0
      vertex 34 42 0
      vertex 39.8778 40.0902 0
    endloop
  endfacet
  facet normal 0 0 -1
    outer loop
      vertex 39.225 40.5264 0
      vertex 34 42 0
      vertex 38.5399 40.9101 0
    endloop
  endfacet
  facet normal 0 0 -1
    outer loop
      vertex 38.5399 40.9101 0
      vertex 34 42 0
      vertex 37.8268 41.2388 0
    endloop
  endfacet
  facet normal 0 0 -1
    outer loop
      vertex 37.8268 41.2388 0
      vertex 34 42 0
      vertex 37.0902 41.5106 0
    endloop
  endfacet
  facet normal 0 0 -1
    outer loop
      vertex 39.8778 40.0902 0
      vertex 34 42 0
      vertex 39.225 40.5264 0
    endloop
  endfacet
  facet normal 0 0 -1
    outer loop
      vertex 37.0902 41.5106 0
      vertex 34 42 0
      vertex 36.3344 41.7237 0
    endloop
  endfacet
  facet normal 0 0 -1
    outer loop
      vertex 42.0902 37.8778 0
      vertex 34 42 0
      vertex 41.604 38.4945 0
    endloop
  endfacet
  facet normal 0 0 -1
    outer loop
      vertex 43.2388 35.8268 0
      vertex 34 42 0
      vertex 42.9101 36.5399 0
    endloop
  endfacet
  facet normal 0 0 -1
    outer loop
      vertex 43.8769 33.5643 0
      vertex 34 42 0
      vertex 43.7237 34.3344 0
    endloop
  endfacet
  facet normal 0 0 -1
    outer loop
      vertex 44 22 0
      vertex 34 42 0
      vertex 44 32 0
    endloop
  endfacet
  facet normal 0 0 -1
    outer loop
      vertex 34.4853 0.771784 0
      vertex 9.51471 0.771784 0
      vertex 34.5505 0.888247 0
    endloop
  endfacet
  facet normal 0 0 -1
    outer loop
      vertex 9.51471 0.771784 0
      vertex 34.4853 0.771784 0
      vertex 9.57059 0.650561 0
    endloop
  endfacet
  facet normal 0 0 -1
    outer loop
      vertex 34.4294 0.650561 0
      vertex 9.57059 0.650561 0
      vertex 34.4853 0.771784 0
    endloop
  endfacet
  facet normal 0 0 -1
    outer loop
      vertex 36.3344 41.7237 0
      vertex 34 42 0
      vertex 35.5643 41.8769 0
    endloop
  endfacet
  facet normal 0 0 -1
    outer loop
      vertex 9.57059 0.650561 0
      vertex 34.4294 0.650561 0
      vertex 9.6168 0.525329 0
    endloop
  endfacet
  facet normal 0 0 -1
    outer loop
      vertex 34.3832 0.525329 0
      vertex 9.6168 0.525329 0
      vertex 34.4294 0.650561 0
    endloop
  endfacet
  facet normal 0 0 -1
    outer loop
      vertex 9.6168 0.525329 0
      vertex 34.3832 0.525329 0
      vertex 9.65303 0.396856 0
    endloop
  endfacet
  facet normal 0 0 -1
    outer loop
      vertex 34.347 0.396856 0
      vertex 9.65303 0.396856 0
      vertex 34.3832 0.525329 0
    endloop
  endfacet
  facet normal 0 0 -1
    outer loop
      vertex 9.65303 0.396856 0
      vertex 34.347 0.396856 0
      vertex 9.67907 0.265938 0
    endloop
  endfacet
  facet normal 0 0 -1
    outer loop
      vertex 34.3209 0.265938 0
      vertex 9.67907 0.265938 0
      vertex 34.347 0.396856 0
    endloop
  endfacet
  facet normal 0 0 -1
    outer loop
      vertex 9.67907 0.265938 0
      vertex 34.3209 0.265938 0
      vertex 9.69476 0.13338 0
    endloop
  endfacet
  facet normal 0 0 -1
    outer loop
      vertex 34.3052 0.13338 0
      vertex 9.69476 0.13338 0
      vertex 34.3209 0.265938 0
    endloop
  endfacet
  facet normal 0 0 -1
    outer loop
      vertex 9.69476 0.13338 0
      vertex 34.3052 0.13338 0
      vertex 9.7 0 0
    endloop
  endfacet
  facet normal 0 0 -1
    outer loop
      vertex 9.7 0 0
      vertex 34.3052 0.13338 0
      vertex 34.3 0 0
    endloop
  endfacet
  facet normal 0 0 -1
    outer loop
      vertex 35.5643 41.8769 0
      vertex 34 42 0
      vertex 34.7846 41.9692 0
    endloop
  endfacet
  facet normal 0 -0 -1
    outer loop
      vertex 9.51471 -0.771784 0
      vertex 34.4853 -0.771784 0
      vertex 9.44949 -0.888247 0
    endloop
  endfacet
  facet normal 0 0 -1
    outer loop
      vertex 8.88825 -1.44949 0
      vertex 44 -22 0
      vertex 10 -42 0
    endloop
  endfacet
  facet normal 0 -0 -1
    outer loop
      vertex 9.69476 -0.13338 0
      vertex 34.3052 -0.13338 0
      vertex 9.67907 -0.265938 0
    endloop
  endfacet
  facet normal 0 0 -1
    outer loop
      vertex 44 22 0
      vertex 10 42 0
      vertex 34 42 0
    endloop
  endfacet
  facet normal 0 0 -1
    outer loop
      vertex 9.44949 0.888247 0
      vertex 34.5505 0.888247 0
      vertex 9.51471 0.771784 0
    endloop
  endfacet
  facet normal -0 0 -1
    outer loop
      vertex 34.3 0 0
      vertex 9.69476 -0.13338 0
      vertex 9.7 0 0
    endloop
  endfacet
  facet normal 0 0 -1
    outer loop
      vertex 34.3052 -0.13338 0
      vertex 9.69476 -0.13338 0
      vertex 34.3 0 0
    endloop
  endfacet
  facet normal 0 0 -1
    outer loop
      vertex 34.3209 -0.265938 0
      vertex 9.67907 -0.265938 0
      vertex 34.3052 -0.13338 0
    endloop
  endfacet
  facet normal 0 -0 -1
    outer loop
      vertex 9.67907 -0.265938 0
      vertex 34.3209 -0.265938 0
      vertex 9.65303 -0.396856 0
    endloop
  endfacet
  facet normal 0 0 -1
    outer loop
      vertex 34.347 -0.396856 0
      vertex 9.65303 -0.396856 0
      vertex 34.3209 -0.265938 0
    endloop
  endfacet
  facet normal 0 -0 -1
    outer loop
      vertex 9.65303 -0.396856 0
      vertex 34.347 -0.396856 0
      vertex 9.6168 -0.525329 0
    endloop
  endfacet
  facet normal 0 0 -1
    outer loop
      vertex 34.3832 -0.525329 0
      vertex 9.6168 -0.525329 0
      vertex 34.347 -0.396856 0
    endloop
  endfacet
  facet normal 0 -0 -1
    outer loop
      vertex 9.6168 -0.525329 0
      vertex 34.3832 -0.525329 0
      vertex 9.57059 -0.650561 0
    endloop
  endfacet
  facet normal 0 0 -1
    outer loop
      vertex 6.17317 -41.2388 0
      vertex 10 -42 0
      vertex 9.21542 -41.9692 0
    endloop
  endfacet
  facet normal 0 0 -1
    outer loop
      vertex 34.4294 -0.650561 0
      vertex 9.57059 -0.650561 0
      vertex 34.3832 -0.525329 0
    endloop
  endfacet
  facet normal 0 -0 -1
    outer loop
      vertex 9.57059 -0.650561 0
      vertex 34.4294 -0.650561 0
      vertex 9.51471 -0.771784 0
    endloop
  endfacet
  facet normal 0 0 -1
    outer loop
      vertex 34.4853 -0.771784 0
      vertex 9.51471 -0.771784 0
      vertex 34.4294 -0.650561 0
    endloop
  endfacet
  facet normal 0 0 -1
    outer loop
      vertex 44 -22 0
      vertex 8.88825 -1.44949 0
      vertex 8.99923 -1.37533 0
    endloop
  endfacet
  facet normal 0 0 -1
    outer loop
      vertex 0 -32 0
      vertex 8.88825 -1.44949 0
      vertex 10 -42 0
    endloop
  endfacet
  facet normal 0 0 -1
    outer loop
      vertex 8.88825 -1.44949 0
      vertex 0 -32 0
      vertex 8.77178 -1.51471 0
    endloop
  endfacet
  facet normal 0 0 -1
    outer loop
      vertex 8.77178 -1.51471 0
      vertex 0 -32 0
      vertex 8.65056 -1.57059 0
    endloop
  endfacet
  facet normal 0 0 -1
    outer loop
      vertex 6.17317 -41.2388 0
      vertex 9.21542 -41.9692 0
      vertex 8.43567 -41.8769 0
    endloop
  endfacet
  facet normal 0 0 -1
    outer loop
      vertex 8.65056 -1.57059 0
      vertex 0 -32 0
      vertex 8.52533 -1.6168 0
    endloop
  endfacet
  facet normal 0 0 -1
    outer loop
      vertex 0 -32 0
      vertex 10 -42 0
      vertex 6.17317 -41.2388 0
    endloop
  endfacet
  facet normal 0 0 -1
    outer loop
      vertex 8.52533 -1.6168 0
      vertex 0 -32 0
      vertex 8.39686 -1.65303 0
    endloop
  endfacet
  facet normal 0 0 -1
    outer loop
      vertex 8.39686 -1.65303 0
      vertex 0 -32 0
      vertex 8.26594 -1.67907 0
    endloop
  endfacet
  facet normal 0 0 -1
    outer loop
      vertex 8.26594 -1.67907 0
      vertex 0 -32 0
      vertex 8.13338 -1.69476 0
    endloop
  endfacet
  facet normal 0 0 -1
    outer loop
      vertex 8.13338 -1.69476 0
      vertex 0 -32 0
      vertex 8 -1.7 0
    endloop
  endfacet
  facet normal 0 0 -1
    outer loop
      vertex 6.17317 -41.2388 0
      vertex 8.43567 -41.8769 0
      vertex 7.66556 -41.7237 0
    endloop
  endfacet
  facet normal -0 0 -1
    outer loop
      vertex 8 -1.7 0
      vertex 0 -32 0
      vertex 7.86662 -1.69476 0
    endloop
  endfacet
  facet normal -0 0 -1
    outer loop
      vertex 7.86662 -1.69476 0
      vertex 0 -32 0
      vertex 7.73406 -1.67907 0
    endloop
  endfacet
  facet normal -0 0 -1
    outer loop
      vertex 7.73406 -1.67907 0
      vertex 0 -32 0
      vertex 7.60314 -1.65303 0
    endloop
  endfacet
  facet normal -0 0 -1
    outer loop
      vertex 7.60314 -1.65303 0
      vertex 0 -32 0
      vertex 7.47467 -1.6168 0
    endloop
  endfacet
  facet normal -0 0 -1
    outer loop
      vertex 7.47467 -1.6168 0
      vertex 0 -32 0
      vertex 7.34944 -1.57059 0
    endloop
  endfacet
  facet normal -0 0 -1
    outer loop
      vertex 7.34944 -1.57059 0
      vertex 0 -32 0
      vertex 7.22822 -1.51471 0
    endloop
  endfacet
  facet normal 0 0 -1
    outer loop
      vertex 6.17317 -41.2388 0
      vertex 7.66556 -41.7237 0
      vertex 6.90984 -41.5106 0
    endloop
  endfacet
  facet normal -0 0 -1
    outer loop
      vertex 7.22822 -1.51471 0
      vertex 0 -32 0
      vertex 7.11175 -1.44949 0
    endloop
  endfacet
  facet normal -0 0 -1
    outer loop
      vertex 7.11175 -1.44949 0
      vertex 0 -32 0
      vertex 7.00076 -1.37533 0
    endloop
  endfacet
  facet normal -0 0 -1
    outer loop
      vertex 7.00076 -1.37533 0
      vertex 0 -32 0
      vertex 6.89594 -1.29269 0
    endloop
  endfacet
  facet normal -0 0 -1
    outer loop
      vertex 6.89594 -1.29269 0
      vertex 0 -32 0
      vertex 6.79792 -1.20208 0
    endloop
  endfacet
  facet normal -0 0 -1
    outer loop
      vertex 6.79792 -1.20208 0
      vertex 0 -32 0
      vertex 6.70731 -1.10406 0
    endloop
  endfacet
  facet normal -0 0 -1
    outer loop
      vertex 6.70731 -1.10406 0
      vertex 0 -32 0
      vertex 6.62467 -0.999234 0
    endloop
  endfacet
  facet normal -0 0 -1
    outer loop
      vertex 6.62467 -0.999234 0
      vertex 0 -32 0
      vertex 6.55051 -0.888247 0
    endloop
  endfacet
  facet normal -0 0 -1
    outer loop
      vertex 6.55051 -0.888247 0
      vertex 0 -32 0
      vertex 6.48529 -0.771784 0
    endloop
  endfacet
  facet normal -0 0 -1
    outer loop
      vertex 6.48529 -0.771784 0
      vertex 0 -32 0
      vertex 6.4294 -0.650561 0
    endloop
  endfacet
  facet normal -0 0 -1
    outer loop
      vertex 6.4294 -0.650561 0
      vertex 0 -32 0
      vertex 6.3832 -0.525329 0
    endloop
  endfacet
  facet normal -0 0 -1
    outer loop
      vertex 6.3832 -0.525329 0
      vertex 0 -32 0
      vertex 6.34697 -0.396856 0
    endloop
  endfacet
  facet normal -0 0 -1
    outer loop
      vertex 6.34697 -0.396856 0
      vertex 0 -32 0
      vertex 6.32093 -0.265938 0
    endloop
  endfacet
  facet normal -0 0 -1
    outer loop
      vertex 6.32093 -0.265938 0
      vertex 0 -32 0
      vertex 6.30524 -0.13338 0
    endloop
  endfacet
  facet normal 0 0 -1
    outer loop
      vertex 180 -22 0
      vertex 194 -10 0
      vertex 194 -36 0
    endloop
  endfacet
  facet normal -0 0 -1
    outer loop
      vertex 194 -10 0
      vertex 180 -22 0
      vertex 194 10 0
    endloop
  endfacet
  facet normal 0 0 -1
    outer loop
      vertex 188 -42 0
      vertex 194 -36 0
      vertex 193.981 -36.4707 0
    endloop
  endfacet
  facet normal 0 -0 -1
    outer loop
      vertex 188.618 30.8244 0
      vertex 194 10 0
      vertex 188.521 30.7011 0
    endloop
  endfacet
  facet normal 0 0 -1
    outer loop
      vertex 188 -42 0
      vertex 193.981 -36.4707 0
      vertex 193.926 -36.9386 0
    endloop
  endfacet
  facet normal 0 -0 -1
    outer loop
      vertex 188.705 30.955 0
      vertex 194 10 0
      vertex 188.618 30.8244 0
    endloop
  endfacet
  facet normal 0 0 -1
    outer loop
      vertex 188 -42 0
      vertex 193.926 -36.9386 0
      vertex 193.834 -37.4007 0
    endloop
  endfacet
  facet normal 0 -0 -1
    outer loop
      vertex 188.782 31.092 0
      vertex 194 36 0
      vertex 188.705 30.955 0
    endloop
  endfacet
  facet normal 0 0 -1
    outer loop
      vertex 188 -42 0
      vertex 193.834 -37.4007 0
      vertex 193.706 -37.8541 0
    endloop
  endfacet
  facet normal 0 -0 -1
    outer loop
      vertex 188.902 31.382 0
      vertex 194 36 0
      vertex 188.848 31.2346 0
    endloop
  endfacet
  facet normal 0 0 -1
    outer loop
      vertex 188 -42 0
      vertex 193.706 -37.8541 0
      vertex 193.543 -38.2961 0
    endloop
  endfacet
  facet normal 0 -0 -1
    outer loop
      vertex 188.945 31.5331 0
      vertex 194 36 0
      vertex 188.902 31.382 0
    endloop
  endfacet
  facet normal 0 0 -1
    outer loop
      vertex 188 -42 0
      vertex 193.543 -38.2961 0
      vertex 193.346 -38.7239 0
    endloop
  endfacet
  facet normal 0 -0 -1
    outer loop
      vertex 188.994 31.8431 0
      vertex 194 36 0
      vertex 188.975 31.6871 0
    endloop
  endfacet
  facet normal 0 0 -1
    outer loop
      vertex 188 -42 0
      vertex 193.346 -38.7239 0
      vertex 193.116 -39.135 0
    endloop
  endfacet
  facet normal 0 -0 -1
    outer loop
      vertex 189 32 0
      vertex 194 36 0
      vertex 188.994 31.8431 0
    endloop
  endfacet
  facet normal 0 0 -1
    outer loop
      vertex 188 -42 0
      vertex 193.116 -39.135 0
      vertex 192.854 -39.5267 0
    endloop
  endfacet
  facet normal 0 0 -1
    outer loop
      vertex 188.975 32.3129 0
      vertex 194 36 0
      vertex 188.994 32.1569 0
    endloop
  endfacet
  facet normal 0 0 -1
    outer loop
      vertex 188 -42 0
      vertex 192.854 -39.5267 0
      vertex 192.562 -39.8967 0
    endloop
  endfacet
  facet normal 0 0 -1
    outer loop
      vertex 188.945 32.4669 0
      vertex 194 36 0
      vertex 188.975 32.3129 0
    endloop
  endfacet
  facet normal 0 0 -1
    outer loop
      vertex 188 -42 0
      vertex 192.562 -39.8967 0
      vertex 192.243 -40.2426 0
    endloop
  endfacet
  facet normal 0 0 -1
    outer loop
      vertex 188.848 32.7654 0
      vertex 194 36 0
      vertex 188.902 32.618 0
    endloop
  endfacet
  facet normal 0 0 -1
    outer loop
      vertex 188 -42 0
      vertex 192.243 -40.2426 0
      vertex 191.897 -40.5624 0
    endloop
  endfacet
  facet normal 0 0 -1
    outer loop
      vertex 188.782 32.908 0
      vertex 194 36 0
      vertex 188.848 32.7654 0
    endloop
  endfacet
  facet normal 0 0 -1
    outer loop
      vertex 188 -42 0
      vertex 191.897 -40.5624 0
      vertex 191.527 -40.8541 0
    endloop
  endfacet
  facet normal 0 0 -1
    outer loop
      vertex 188.618 33.1756 0
      vertex 194 36 0
      vertex 188.705 33.045 0
    endloop
  endfacet
  facet normal 0 0 -1
    outer loop
      vertex 188 -42 0
      vertex 191.527 -40.8541 0
      vertex 191.135 -41.1158 0
    endloop
  endfacet
  facet normal 0 0 -1
    outer loop
      vertex 188.521 33.2989 0
      vertex 194 36 0
      vertex 188.618 33.1756 0
    endloop
  endfacet
  facet normal 0 0 -1
    outer loop
      vertex 188 -42 0
      vertex 191.135 -41.1158 0
      vertex 190.724 -41.346 0
    endloop
  endfacet
  facet normal 0 0 -1
    outer loop
      vertex 188.299 33.5208 0
      vertex 194 36 0
      vertex 188.414 33.4142 0
    endloop
  endfacet
  facet normal 0 0 -1
    outer loop
      vertex 188 -42 0
      vertex 190.724 -41.346 0
      vertex 190.296 -41.5433 0
    endloop
  endfacet
  facet normal -0 0 -1
    outer loop
      vertex 194 36 0
      vertex 188.299 33.5208 0
      vertex 193.981 36.4707 0
    endloop
  endfacet
  facet normal 0 0 -1
    outer loop
      vertex 188 -42 0
      vertex 190.296 -41.5433 0
      vertex 189.854 -41.7063 0
    endloop
  endfacet
  facet normal 0 0 -1
    outer loop
      vertex 188.176 33.618 0
      vertex 193.926 36.9386 0
      vertex 188.299 33.5208 0
    endloop
  endfacet
  facet normal 0 0 -1
    outer loop
      vertex 188 -42 0
      vertex 189.854 -41.7063 0
      vertex 189.401 -41.8342 0
    endloop
  endfacet
  facet normal -0 0 -1
    outer loop
      vertex 193.926 36.9386 0
      vertex 188.176 33.618 0
      vertex 193.834 37.4007 0
    endloop
  endfacet
  facet normal 0 0 -1
    outer loop
      vertex 188.045 33.7053 0
      vertex 193.706 37.8541 0
      vertex 188.176 33.618 0
    endloop
  endfacet
  facet normal -0 0 -1
    outer loop
      vertex 193.834 37.4007 0
      vertex 188.176 33.618 0
      vertex 193.706 37.8541 0
    endloop
  endfacet
  facet normal -0 0 -1
    outer loop
      vertex 193.981 36.4707 0
      vertex 188.299 33.5208 0
      vertex 193.926 36.9386 0
    endloop
  endfacet
  facet normal 0 0 -1
    outer loop
      vertex 188.414 33.4142 0
      vertex 194 36 0
      vertex 188.521 33.2989 0
    endloop
  endfacet
  facet normal 0 0 -1
    outer loop
      vertex 188 -42 0
      vertex 189.401 -41.8342 0
      vertex 188.939 -41.9261 0
    endloop
  endfacet
  facet normal 0 0 -1
    outer loop
      vertex 188.705 33.045 0
      vertex 194 36 0
      vertex 188.782 32.908 0
    endloop
  endfacet
  facet normal 0 0 -1
    outer loop
      vertex 188.902 32.618 0
      vertex 194 36 0
      vertex 188.945 32.4669 0
    endloop
  endfacet
  facet normal 0 0 -1
    outer loop
      vertex 188.994 32.1569 0
      vertex 194 36 0
      vertex 189 32 0
    endloop
  endfacet
  facet normal 0 -0 -1
    outer loop
      vertex 188.975 31.6871 0
      vertex 194 36 0
      vertex 188.945 31.5331 0
    endloop
  endfacet
  facet normal 0 -0 -1
    outer loop
      vertex 188.848 31.2346 0
      vertex 194 36 0
      vertex 188.782 31.092 0
    endloop
  endfacet
  facet normal 0 0 -1
    outer loop
      vertex 180 22 0
      vertex 194 10 0
      vertex 180 -22 0
    endloop
  endfacet
  facet normal 0 0 -1
    outer loop
      vertex 188 -42 0
      vertex 188.939 -41.9261 0
      vertex 188.471 -41.9815 0
    endloop
  endfacet
  facet normal 0 0 -1
    outer loop
      vertex 194 10 0
      vertex 188.705 30.955 0
      vertex 194 36 0
    endloop
  endfacet
  facet normal 0 0 -1
    outer loop
      vertex 194 10 0
      vertex 188.414 30.5858 0
      vertex 188.521 30.7011 0
    endloop
  endfacet
  facet normal 0 0 -1
    outer loop
      vertex 194 10 0
      vertex 188.299 30.4792 0
      vertex 188.414 30.5858 0
    endloop
  endfacet
  facet normal 0 0 -1
    outer loop
      vertex 194 10 0
      vertex 188.176 30.382 0
      vertex 188.299 30.4792 0
    endloop
  endfacet
  facet normal -0 0 -1
    outer loop
      vertex 194 -36 0
      vertex 188 -42 0
      vertex 180 -36 0
    endloop
  endfacet
  facet normal 0 -0 -1
    outer loop
      vertex 187.618 30.0979 0
      vertex 194 10 0
      vertex 180 22 0
    endloop
  endfacet
  facet normal 0 0 -1
    outer loop
      vertex 194 10 0
      vertex 188.045 30.2947 0
      vertex 188.176 30.382 0
    endloop
  endfacet
  facet normal 0 0 -1
    outer loop
      vertex 194 10 0
      vertex 187.908 30.218 0
      vertex 188.045 30.2947 0
    endloop
  endfacet
  facet normal 0 0 -1
    outer loop
      vertex 194 10 0
      vertex 187.765 30.1522 0
      vertex 187.908 30.218 0
    endloop
  endfacet
  facet normal 0 0 -1
    outer loop
      vertex 194 10 0
      vertex 187.618 30.0979 0
      vertex 187.765 30.1522 0
    endloop
  endfacet
  facet normal 0 0 -1
    outer loop
      vertex 187.618 30.0979 0
      vertex 180 22 0
      vertex 187.467 30.0553 0
    endloop
  endfacet
  facet normal 0 0 -1
    outer loop
      vertex 187.467 30.0553 0
      vertex 180 22 0
      vertex 187.313 30.0246 0
    endloop
  endfacet
  facet normal 0 0 -1
    outer loop
      vertex 187.313 30.0246 0
      vertex 180 22 0
      vertex 187.157 30.0062 0
    endloop
  endfacet
  facet normal 0 0 -1
    outer loop
      vertex 187.157 30.0062 0
      vertex 180 22 0
      vertex 187 30 0
    endloop
  endfacet
  facet normal -0 0 -1
    outer loop
      vertex 187 30 0
      vertex 180 22 0
      vertex 186.843 30.0062 0
    endloop
  endfacet
  facet normal -0 0 -1
    outer loop
      vertex 186.843 30.0062 0
      vertex 180 22 0
      vertex 186.687 30.0246 0
    endloop
  endfacet
  facet normal -0 0 -1
    outer loop
      vertex 186.687 30.0246 0
      vertex 180 22 0
      vertex 186.533 30.0553 0
    endloop
  endfacet
  facet normal -0 0 -1
    outer loop
      vertex 186.533 30.0553 0
      vertex 180 22 0
      vertex 186.382 30.0979 0
    endloop
  endfacet
  facet normal 0 0 -1
    outer loop
      vertex 180 -36 0
      vertex 188 -42 0
      vertex 186 -42 0
    endloop
  endfacet
  facet normal -0 0 -1
    outer loop
      vertex 186.382 30.0979 0
      vertex 180 22 0
      vertex 186.235 30.1522 0
    endloop
  endfacet
  facet normal -0 0 -1
    outer loop
      vertex 186.235 30.1522 0
      vertex 180 22 0
      vertex 186.092 30.218 0
    endloop
  endfacet
  facet normal -0 0 -1
    outer loop
      vertex 186.092 30.218 0
      vertex 180 22 0
      vertex 185.955 30.2947 0
    endloop
  endfacet
  facet normal -0 0 -1
    outer loop
      vertex 185.955 30.2947 0
      vertex 180 22 0
      vertex 185.824 30.382 0
    endloop
  endfacet
  facet normal 0 0 -1
    outer loop
      vertex 180 -36 0
      vertex 186 -42 0
      vertex 185.529 -41.9815 0
    endloop
  endfacet
  facet normal -0 0 -1
    outer loop
      vertex 185.824 30.382 0
      vertex 180 22 0
      vertex 185.701 30.4792 0
    endloop
  endfacet
  facet normal -0 0 -1
    outer loop
      vertex 185.701 30.4792 0
      vertex 180 22 0
      vertex 185.586 30.5858 0
    endloop
  endfacet
  facet normal -0 0 -1
    outer loop
      vertex 185.586 30.5858 0
      vertex 180 22 0
      vertex 185.479 30.7011 0
    endloop
  endfacet
  facet normal -0 0 -1
    outer loop
      vertex 185.479 30.7011 0
      vertex 180 22 0
      vertex 185.382 30.8244 0
    endloop
  endfacet
  facet normal -0 0 -1
    outer loop
      vertex 185.382 30.8244 0
      vertex 180 22 0
      vertex 185.295 30.955 0
    endloop
  endfacet
  facet normal -0 0 -1
    outer loop
      vertex 185.295 30.955 0
      vertex 180 22 0
      vertex 185.218 31.092 0
    endloop
  endfacet
  facet normal 0 0 -1
    outer loop
      vertex 180 -36 0
      vertex 185.529 -41.9815 0
      vertex 185.061 -41.9261 0
    endloop
  endfacet
  facet normal -0 0 -1
    outer loop
      vertex 185.218 31.092 0
      vertex 180 22 0
      vertex 185.152 31.2346 0
    endloop
  endfacet
  facet normal -0 0 -1
    outer loop
      vertex 185.152 31.2346 0
      vertex 180 22 0
      vertex 185.098 31.382 0
    endloop
  endfacet
  facet normal 0 0 -1
    outer loop
      vertex 180 36 0
      vertex 185.098 31.382 0
      vertex 180 22 0
    endloop
  endfacet
  facet normal 0 0 -1
    outer loop
      vertex 185.098 31.382 0
      vertex 180 36 0
      vertex 185.055 31.5331 0
    endloop
  endfacet
  facet normal 0 0 -1
    outer loop
      vertex 180 -36 0
      vertex 185.061 -41.9261 0
      vertex 184.599 -41.8342 0
    endloop
  endfacet
  facet normal -0 0 -1
    outer loop
      vertex 193.706 37.8541 0
      vertex 188.045 33.7053 0
      vertex 193.543 38.2961 0
    endloop
  endfacet
  facet normal -0 0 -1
    outer loop
      vertex 193.543 38.2961 0
      vertex 188.045 33.7053 0
      vertex 193.346 38.7239 0
    endloop
  endfacet
  facet normal -0 0 -1
    outer loop
      vertex 193.346 38.7239 0
      vertex 188.045 33.7053 0
      vertex 193.116 39.135 0
    endloop
  endfacet
  facet normal 0 0 -1
    outer loop
      vertex 187.908 33.782 0
      vertex 193.116 39.135 0
      vertex 188.045 33.7053 0
    endloop
  endfacet
  facet normal -0 0 -1
    outer loop
      vertex 193.116 39.135 0
      vertex 187.908 33.782 0
      vertex 192.854 39.5267 0
    endloop
  endfacet
  facet normal -0 0 -1
    outer loop
      vertex 192.854 39.5267 0
      vertex 187.908 33.782 0
      vertex 192.562 39.8967 0
    endloop
  endfacet
  facet normal -0 0 -1
    outer loop
      vertex 192.562 39.8967 0
      vertex 187.908 33.782 0
      vertex 192.243 40.2426 0
    endloop
  endfacet
  facet normal 0 0 -1
    outer loop
      vertex 187.765 33.8478 0
      vertex 192.243 40.2426 0
      vertex 187.908 33.782 0
    endloop
  endfacet
  facet normal -0 0 -1
    outer loop
      vertex 192.243 40.2426 0
      vertex 187.765 33.8478 0
      vertex 191.897 40.5624 0
    endloop
  endfacet
  facet normal -0 0 -1
    outer loop
      vertex 191.897 40.5624 0
      vertex 187.765 33.8478 0
      vertex 191.527 40.8541 0
    endloop
  endfacet
  facet normal -0 0 -1
    outer loop
      vertex 191.527 40.8541 0
      vertex 187.765 33.8478 0
      vertex 191.135 41.1158 0
    endloop
  endfacet
  facet normal 0 0 -1
    outer loop
      vertex 187.618 33.9021 0
      vertex 191.135 41.1158 0
      vertex 187.765 33.8478 0
    endloop
  endfacet
  facet normal -0 0 -1
    outer loop
      vertex 191.135 41.1158 0
      vertex 187.618 33.9021 0
      vertex 190.724 41.346 0
    endloop
  endfacet
  facet normal -0 0 -1
    outer loop
      vertex 190.724 41.346 0
      vertex 187.618 33.9021 0
      vertex 190.296 41.5433 0
    endloop
  endfacet
  facet normal -0 0 -1
    outer loop
      vertex 190.296 41.5433 0
      vertex 187.618 33.9021 0
      vertex 189.854 41.7063 0
    endloop
  endfacet
  facet normal 0 0 -1
    outer loop
      vertex 187.467 33.9447 0
      vertex 189.854 41.7063 0
      vertex 187.618 33.9021 0
    endloop
  endfacet
  facet normal -0 0 -1
    outer loop
      vertex 189.854 41.7063 0
      vertex 187.467 33.9447 0
      vertex 189.401 41.8342 0
    endloop
  endfacet
  facet normal -0 0 -1
    outer loop
      vertex 189.401 41.8342 0
      vertex 187.467 33.9447 0
      vertex 188.939 41.9261 0
    endloop
  endfacet
  facet normal -0 0 -1
    outer loop
      vertex 188.939 41.9261 0
      vertex 187.467 33.9447 0
      vertex 188.471 41.9815 0
    endloop
  endfacet
  facet normal 0 0 -1
    outer loop
      vertex 187.313 33.9754 0
      vertex 188.471 41.9815 0
      vertex 187.467 33.9447 0
    endloop
  endfacet
  facet normal -0 0 -1
    outer loop
      vertex 188.471 41.9815 0
      vertex 187.313 33.9754 0
      vertex 188 42 0
    endloop
  endfacet
  facet normal 0 0 -1
    outer loop
      vertex 187.157 33.9938 0
      vertex 188 42 0
      vertex 187.313 33.9754 0
    endloop
  endfacet
  facet normal 0 0 -1
    outer loop
      vertex 187 34 0
      vertex 188 42 0
      vertex 187.157 33.9938 0
    endloop
  endfacet
  facet normal 0 0 -1
    outer loop
      vertex 186 42 0
      vertex 187 34 0
      vertex 186.843 33.9938 0
    endloop
  endfacet
  facet normal 0 0 -1
    outer loop
      vertex 186 42 0
      vertex 186.843 33.9938 0
      vertex 186.687 33.9754 0
    endloop
  endfacet
  facet normal 0 0 -1
    outer loop
      vertex 185.529 41.9815 0
      vertex 186.687 33.9754 0
      vertex 186.533 33.9447 0
    endloop
  endfacet
  facet normal 0 0 -1
    outer loop
      vertex 184.146 41.7063 0
      vertex 186.533 33.9447 0
      vertex 186.382 33.9021 0
    endloop
  endfacet
  facet normal 0 0 -1
    outer loop
      vertex 182.865 41.1158 0
      vertex 186.382 33.9021 0
      vertex 186.235 33.8478 0
    endloop
  endfacet
  facet normal 0 0 -1
    outer loop
      vertex 181.757 40.2426 0
      vertex 186.235 33.8478 0
      vertex 186.092 33.782 0
    endloop
  endfacet
  facet normal 0 0 -1
    outer loop
      vertex 187 34 0
      vertex 186 42 0
      vertex 188 42 0
    endloop
  endfacet
  facet normal 0 0 -1
    outer loop
      vertex 180.884 39.135 0
      vertex 186.092 33.782 0
      vertex 185.955 33.7053 0
    endloop
  endfacet
  facet normal 0 0 -1
    outer loop
      vertex 180.294 37.8541 0
      vertex 185.955 33.7053 0
      vertex 185.824 33.618 0
    endloop
  endfacet
  facet normal 0 0 -1
    outer loop
      vertex 180.074 36.9386 0
      vertex 185.824 33.618 0
      vertex 185.701 33.5208 0
    endloop
  endfacet
  facet normal 0 0 -1
    outer loop
      vertex 180 36 0
      vertex 185.701 33.5208 0
      vertex 185.586 33.4142 0
    endloop
  endfacet
  facet normal 0 0 -1
    outer loop
      vertex 186.687 33.9754 0
      vertex 185.529 41.9815 0
      vertex 186 42 0
    endloop
  endfacet
  facet normal 0 0 -1
    outer loop
      vertex 180 36 0
      vertex 185.586 33.4142 0
      vertex 185.479 33.2989 0
    endloop
  endfacet
  facet normal 0 0 -1
    outer loop
      vertex 180 36 0
      vertex 185.479 33.2989 0
      vertex 185.382 33.1756 0
    endloop
  endfacet
  facet normal 0 0 -1
    outer loop
      vertex 180 36 0
      vertex 185.382 33.1756 0
      vertex 185.295 33.045 0
    endloop
  endfacet
  facet normal 0 0 -1
    outer loop
      vertex 180 36 0
      vertex 185.295 33.045 0
      vertex 185.218 32.908 0
    endloop
  endfacet
  facet normal 0 0 -1
    outer loop
      vertex 180 36 0
      vertex 185.218 32.908 0
      vertex 185.152 32.7654 0
    endloop
  endfacet
  facet normal 0 0 -1
    outer loop
      vertex 180 36 0
      vertex 185.152 32.7654 0
      vertex 185.098 32.618 0
    endloop
  endfacet
  facet normal 0 0 -1
    outer loop
      vertex 186.533 33.9447 0
      vertex 185.061 41.9261 0
      vertex 185.529 41.9815 0
    endloop
  endfacet
  facet normal 0 0 -1
    outer loop
      vertex 180 36 0
      vertex 185.098 32.618 0
      vertex 185.055 32.4669 0
    endloop
  endfacet
  facet normal 0 0 -1
    outer loop
      vertex 180 36 0
      vertex 185.055 32.4669 0
      vertex 185.025 32.3129 0
    endloop
  endfacet
  facet normal 0 0 -1
    outer loop
      vertex 180 36 0
      vertex 185.025 32.3129 0
      vertex 185.006 32.1569 0
    endloop
  endfacet
  facet normal 0 0 -1
    outer loop
      vertex 180 36 0
      vertex 185.006 32.1569 0
      vertex 185 32 0
    endloop
  endfacet
  facet normal 0 0 -1
    outer loop
      vertex 186.533 33.9447 0
      vertex 184.599 41.8342 0
      vertex 185.061 41.9261 0
    endloop
  endfacet
  facet normal 0 0 -1
    outer loop
      vertex 185.055 31.5331 0
      vertex 180 36 0
      vertex 185.025 31.6871 0
    endloop
  endfacet
  facet normal 0 0 -1
    outer loop
      vertex 180 -36 0
      vertex 184.599 -41.8342 0
      vertex 184.146 -41.7063 0
    endloop
  endfacet
  facet normal 0 0 -1
    outer loop
      vertex 185.025 31.6871 0
      vertex 180 36 0
      vertex 185.006 31.8431 0
    endloop
  endfacet
  facet normal 0 0 -1
    outer loop
      vertex 180 -36 0
      vertex 184.146 -41.7063 0
      vertex 183.704 -41.5433 0
    endloop
  endfacet
  facet normal 0 0 -1
    outer loop
      vertex 185.006 31.8431 0
      vertex 180 36 0
      vertex 185 32 0
    endloop
  endfacet
  facet normal 0 0 -1
    outer loop
      vertex 180 -36 0
      vertex 183.704 -41.5433 0
      vertex 183.276 -41.346 0
    endloop
  endfacet
  facet normal 0 0 -1
    outer loop
      vertex 185.701 33.5208 0
      vertex 180 36 0
      vertex 180.019 36.4707 0
    endloop
  endfacet
  facet normal 0 0 -1
    outer loop
      vertex 180 -36 0
      vertex 183.276 -41.346 0
      vertex 182.865 -41.1158 0
    endloop
  endfacet
  facet normal 0 0 -1
    outer loop
      vertex 186.533 33.9447 0
      vertex 184.146 41.7063 0
      vertex 184.599 41.8342 0
    endloop
  endfacet
  facet normal 0 0 -1
    outer loop
      vertex 180 -36 0
      vertex 182.865 -41.1158 0
      vertex 182.473 -40.8541 0
    endloop
  endfacet
  facet normal 0 0 -1
    outer loop
      vertex 186.382 33.9021 0
      vertex 183.704 41.5433 0
      vertex 184.146 41.7063 0
    endloop
  endfacet
  facet normal 0 0 -1
    outer loop
      vertex 180 -36 0
      vertex 182.473 -40.8541 0
      vertex 182.103 -40.5624 0
    endloop
  endfacet
  facet normal 0 0 -1
    outer loop
      vertex 186.382 33.9021 0
      vertex 183.276 41.346 0
      vertex 183.704 41.5433 0
    endloop
  endfacet
  facet normal 0 0 -1
    outer loop
      vertex 180 -36 0
      vertex 182.103 -40.5624 0
      vertex 181.757 -40.2426 0
    endloop
  endfacet
  facet normal 0 0 -1
    outer loop
      vertex 186.382 33.9021 0
      vertex 182.865 41.1158 0
      vertex 183.276 41.346 0
    endloop
  endfacet
  facet normal 0 0 -1
    outer loop
      vertex 180 -36 0
      vertex 181.757 -40.2426 0
      vertex 181.438 -39.8967 0
    endloop
  endfacet
  facet normal 0 0 -1
    outer loop
      vertex 186.235 33.8478 0
      vertex 182.473 40.8541 0
      vertex 182.865 41.1158 0
    endloop
  endfacet
  facet normal 0 0 -1
    outer loop
      vertex 180 -36 0
      vertex 181.438 -39.8967 0
      vertex 181.146 -39.5267 0
    endloop
  endfacet
  facet normal 0 0 -1
    outer loop
      vertex 186.235 33.8478 0
      vertex 182.103 40.5624 0
      vertex 182.473 40.8541 0
    endloop
  endfacet
  facet normal 0 0 -1
    outer loop
      vertex 180 -36 0
      vertex 181.146 -39.5267 0
      vertex 180.884 -39.135 0
    endloop
  endfacet
  facet normal 0 0 -1
    outer loop
      vertex 186.235 33.8478 0
      vertex 181.757 40.2426 0
      vertex 182.103 40.5624 0
    endloop
  endfacet
  facet normal 0 0 -1
    outer loop
      vertex 180 -36 0
      vertex 180.884 -39.135 0
      vertex 180.654 -38.7239 0
    endloop
  endfacet
  facet normal 0 0 -1
    outer loop
      vertex 186.092 33.782 0
      vertex 181.438 39.8967 0
      vertex 181.757 40.2426 0
    endloop
  endfacet
  facet normal 0 0 -1
    outer loop
      vertex 180 -36 0
      vertex 180.654 -38.7239 0
      vertex 180.457 -38.2961 0
    endloop
  endfacet
  facet normal 0 0 -1
    outer loop
      vertex 186.092 33.782 0
      vertex 181.146 39.5267 0
      vertex 181.438 39.8967 0
    endloop
  endfacet
  facet normal 0 0 -1
    outer loop
      vertex 180 -36 0
      vertex 180.457 -38.2961 0
      vertex 180.294 -37.8541 0
    endloop
  endfacet
  facet normal 0 0 -1
    outer loop
      vertex 186.092 33.782 0
      vertex 180.884 39.135 0
      vertex 181.146 39.5267 0
    endloop
  endfacet
  facet normal 0 0 -1
    outer loop
      vertex 180 -36 0
      vertex 180.294 -37.8541 0
      vertex 180.166 -37.4007 0
    endloop
  endfacet
  facet normal 0 0 -1
    outer loop
      vertex 185.955 33.7053 0
      vertex 180.654 38.7239 0
      vertex 180.884 39.135 0
    endloop
  endfacet
  facet normal 0 0 -1
    outer loop
      vertex 180 -36 0
      vertex 180.166 -37.4007 0
      vertex 180.074 -36.9386 0
    endloop
  endfacet
  facet normal 0 0 -1
    outer loop
      vertex 185.955 33.7053 0
      vertex 180.457 38.2961 0
      vertex 180.654 38.7239 0
    endloop
  endfacet
  facet normal 0 0 -1
    outer loop
      vertex 180 -36 0
      vertex 180.074 -36.9386 0
      vertex 180.019 -36.4707 0
    endloop
  endfacet
  facet normal 0 0 -1
    outer loop
      vertex 185.955 33.7053 0
      vertex 180.294 37.8541 0
      vertex 180.457 38.2961 0
    endloop
  endfacet
  facet normal 0 0 -1
    outer loop
      vertex 194 -36 0
      vertex 180 -36 0
      vertex 180 -22 0
    endloop
  endfacet
  facet normal 0 0 -1
    outer loop
      vertex 185.824 33.618 0
      vertex 180.166 37.4007 0
      vertex 180.294 37.8541 0
    endloop
  endfacet
  facet normal 0 0 -1
    outer loop
      vertex 185.824 33.618 0
      vertex 180.074 36.9386 0
      vertex 180.166 37.4007 0
    endloop
  endfacet
  facet normal 0 0 -1
    outer loop
      vertex 185.701 33.5208 0
      vertex 180.019 36.4707 0
      vertex 180.074 36.9386 0
    endloop
  endfacet
  facet normal 0 0 -1
    outer loop
      vertex 242 0 0
      vertex 250 0 0
      vertex 249.951 -1.25534 0
    endloop
  endfacet
  facet normal 0 0 -1
    outer loop
      vertex 241.975 -0.627672 0
      vertex 249.951 -1.25534 0
      vertex 249.803 -2.50294 0
    endloop
  endfacet
  facet normal 0 0 -1
    outer loop
      vertex 250 0 0
      vertex 242 0 0
      vertex 249.951 1.25534 0
    endloop
  endfacet
  facet normal 0 0 -1
    outer loop
      vertex 241.902 -1.25148 0
      vertex 249.803 -2.50294 0
      vertex 249.558 -3.73512 0
    endloop
  endfacet
  facet normal 0 0 -1
    outer loop
      vertex 241.975 0.627672 0
      vertex 249.951 1.25534 0
      vertex 242 0 0
    endloop
  endfacet
  facet normal 0 0 -1
    outer loop
      vertex 241.779 -1.86756 0
      vertex 249.558 -3.73512 0
      vertex 249.217 -4.94426 0
    endloop
  endfacet
  facet normal -0 0 -1
    outer loop
      vertex 249.951 1.25534 0
      vertex 241.975 0.627672 0
      vertex 249.803 2.50294 0
    endloop
  endfacet
  facet normal 0 0 -1
    outer loop
      vertex 241.608 -2.47214 0
      vertex 249.217 -4.94426 0
      vertex 248.782 -6.12292 0
    endloop
  endfacet
  facet normal 0 0 -1
    outer loop
      vertex 241.902 1.25148 0
      vertex 249.803 2.50294 0
      vertex 241.975 0.627672 0
    endloop
  endfacet
  facet normal 0 0 -1
    outer loop
      vertex 241.391 -3.06147 0
      vertex 248.782 -6.12292 0
      vertex 248.256 -7.26384 0
    endloop
  endfacet
  facet normal -0 0 -1
    outer loop
      vertex 249.803 2.50294 0
      vertex 241.902 1.25148 0
      vertex 249.558 3.73512 0
    endloop
  endfacet
  facet normal 0 0 -1
    outer loop
      vertex 241.128 -3.63192 0
      vertex 248.256 -7.26384 0
      vertex 247.642 -8.35997 0
    endloop
  endfacet
  facet normal 0 0 -1
    outer loop
      vertex 241.779 1.86756 0
      vertex 249.558 3.73512 0
      vertex 241.902 1.25148 0
    endloop
  endfacet
  facet normal 0 0 -1
    outer loop
      vertex 240.821 -4.17999 0
      vertex 247.642 -8.35997 0
      vertex 246.944 -9.40456 0
    endloop
  endfacet
  facet normal -0 0 -1
    outer loop
      vertex 249.558 3.73512 0
      vertex 241.779 1.86756 0
      vertex 249.217 4.94426 0
    endloop
  endfacet
  facet normal 0 0 -1
    outer loop
      vertex 240.472 -4.70228 0
      vertex 246.944 -9.40456 0
      vertex 246.166 -10.3912 0
    endloop
  endfacet
  facet normal 0 0 -1
    outer loop
      vertex 241.608 2.47214 0
      vertex 249.217 4.94426 0
      vertex 241.779 1.86756 0
    endloop
  endfacet
  facet normal 0 0 -1
    outer loop
      vertex 240.083 -5.19558 0
      vertex 246.166 -10.3912 0
      vertex 245.314 -11.3137 0
    endloop
  endfacet
  facet normal -0 0 -1
    outer loop
      vertex 249.217 4.94426 0
      vertex 241.608 2.47214 0
      vertex 248.782 6.12292 0
    endloop
  endfacet
  facet normal 0 0 -1
    outer loop
      vertex 239.657 -5.65685 0
      vertex 245.314 -11.3137 0
      vertex 244.391 -12.1665 0
    endloop
  endfacet
  facet normal 0 0 -1
    outer loop
      vertex 241.391 3.06147 0
      vertex 248.782 6.12292 0
      vertex 241.608 2.47214 0
    endloop
  endfacet
  facet normal 0 0 -1
    outer loop
      vertex 239.196 -6.08325 0
      vertex 244.391 -12.1665 0
      vertex 243.405 -12.9443 0
    endloop
  endfacet
  facet normal -0 0 -1
    outer loop
      vertex 248.782 6.12292 0
      vertex 241.391 3.06147 0
      vertex 248.256 7.26384 0
    endloop
  endfacet
  facet normal 0 0 -1
    outer loop
      vertex 238.702 -6.47214 0
      vertex 243.405 -12.9443 0
      vertex 242.36 -13.6422 0
    endloop
  endfacet
  facet normal 0 0 -1
    outer loop
      vertex 241.128 3.63192 0
      vertex 248.256 7.26384 0
      vertex 241.391 3.06147 0
    endloop
  endfacet
  facet normal -0 0 -1
    outer loop
      vertex 248.256 7.26384 0
      vertex 241.128 3.63192 0
      vertex 247.642 8.35997 0
    endloop
  endfacet
  facet normal 0 0 -1
    outer loop
      vertex 249.951 -1.25534 0
      vertex 241.975 -0.627672 0
      vertex 242 0 0
    endloop
  endfacet
  facet normal 0 0 -1
    outer loop
      vertex 249.803 -2.50294 0
      vertex 241.902 -1.25148 0
      vertex 241.975 -0.627672 0
    endloop
  endfacet
  facet normal 0 0 -1
    outer loop
      vertex 249.558 -3.73512 0
      vertex 241.779 -1.86756 0
      vertex 241.902 -1.25148 0
    endloop
  endfacet
  facet normal 0 0 -1
    outer loop
      vertex 249.217 -4.94426 0
      vertex 241.608 -2.47214 0
      vertex 241.779 -1.86756 0
    endloop
  endfacet
  facet normal 0 0 -1
    outer loop
      vertex 248.782 -6.12292 0
      vertex 241.391 -3.06147 0
      vertex 241.608 -2.47214 0
    endloop
  endfacet
  facet normal 0 0 -1
    outer loop
      vertex 238.18 -6.82112 0
      vertex 242.36 -13.6422 0
      vertex 241.264 -14.2561 0
    endloop
  endfacet
  facet normal 0 0 -1
    outer loop
      vertex 248.256 -7.26384 0
      vertex 241.128 -3.63192 0
      vertex 241.391 -3.06147 0
    endloop
  endfacet
  facet normal 0 0 -1
    outer loop
      vertex 247.642 -8.35997 0
      vertex 240.821 -4.17999 0
      vertex 241.128 -3.63192 0
    endloop
  endfacet
  facet normal 0 0 -1
    outer loop
      vertex 246.944 -9.40456 0
      vertex 240.472 -4.70228 0
      vertex 240.821 -4.17999 0
    endloop
  endfacet
  facet normal 0 0 -1
    outer loop
      vertex 237.632 -7.12805 0
      vertex 241.264 -14.2561 0
      vertex 240.123 -14.7821 0
    endloop
  endfacet
  facet normal 0 0 -1
    outer loop
      vertex 246.166 -10.3912 0
      vertex 240.083 -5.19558 0
      vertex 240.472 -4.70228 0
    endloop
  endfacet
  facet normal 0 0 -1
    outer loop
      vertex 245.314 -11.3137 0
      vertex 239.657 -5.65685 0
      vertex 240.083 -5.19558 0
    endloop
  endfacet
  facet normal 0 0 -1
    outer loop
      vertex 244.391 -12.1665 0
      vertex 239.196 -6.08325 0
      vertex 239.657 -5.65685 0
    endloop
  endfacet
  facet normal 0 0 -1
    outer loop
      vertex 237.061 -7.39104 0
      vertex 240.123 -14.7821 0
      vertex 238.944 -15.2169 0
    endloop
  endfacet
  facet normal 0 0 -1
    outer loop
      vertex 243.405 -12.9443 0
      vertex 238.702 -6.47214 0
      vertex 239.196 -6.08325 0
    endloop
  endfacet
  facet normal 0 0 -1
    outer loop
      vertex 242.36 -13.6422 0
      vertex 238.18 -6.82112 0
      vertex 238.702 -6.47214 0
    endloop
  endfacet
  facet normal 0 0 -1
    outer loop
      vertex 236.472 -7.60845 0
      vertex 238.944 -15.2169 0
      vertex 237.735 -15.5579 0
    endloop
  endfacet
  facet normal 0 0 -1
    outer loop
      vertex 241.264 -14.2561 0
      vertex 237.632 -7.12805 0
      vertex 238.18 -6.82112 0
    endloop
  endfacet
  facet normal 0 0 -1
    outer loop
      vertex 240.123 -14.7821 0
      vertex 237.061 -7.39104 0
      vertex 237.632 -7.12805 0
    endloop
  endfacet
  facet normal 0 0 -1
    outer loop
      vertex 235.868 -7.77896 0
      vertex 237.735 -15.5579 0
      vertex 236.503 -15.803 0
    endloop
  endfacet
  facet normal 0 0 -1
    outer loop
      vertex 238.944 -15.2169 0
      vertex 236.472 -7.60845 0
      vertex 237.061 -7.39104 0
    endloop
  endfacet
  facet normal 0 0 -1
    outer loop
      vertex 237.735 -15.5579 0
      vertex 235.868 -7.77896 0
      vertex 236.472 -7.60845 0
    endloop
  endfacet
  facet normal 0 0 -1
    outer loop
      vertex 235.251 -7.90151 0
      vertex 236.503 -15.803 0
      vertex 235.255 -15.9507 0
    endloop
  endfacet
  facet normal 0 0 -1
    outer loop
      vertex 236.503 -15.803 0
      vertex 235.251 -7.90151 0
      vertex 235.868 -7.77896 0
    endloop
  endfacet
  facet normal 0 0 -1
    outer loop
      vertex 235.255 -15.9507 0
      vertex 234.628 -7.97534 0
      vertex 235.251 -7.90151 0
    endloop
  endfacet
  facet normal 0 0 -1
    outer loop
      vertex 234 -16 0
      vertex 234.628 -7.97534 0
      vertex 235.255 -15.9507 0
    endloop
  endfacet
  facet normal 0 0 -1
    outer loop
      vertex 234 -16 0
      vertex 234 -8 0
      vertex 234.628 -7.97534 0
    endloop
  endfacet
  facet normal 0 0 -1
    outer loop
      vertex 234 -16 0
      vertex 233.372 -7.97534 0
      vertex 234 -8 0
    endloop
  endfacet
  facet normal 0 0 -1
    outer loop
      vertex 232.745 -15.9507 0
      vertex 233.372 -7.97534 0
      vertex 234 -16 0
    endloop
  endfacet
  facet normal -0 0 -1
    outer loop
      vertex 233.372 -7.97534 0
      vertex 232.745 -15.9507 0
      vertex 232.749 -7.90151 0
    endloop
  endfacet
  facet normal 0 0 -1
    outer loop
      vertex 231.497 -15.803 0
      vertex 232.749 -7.90151 0
      vertex 232.745 -15.9507 0
    endloop
  endfacet
  facet normal -0 0 -1
    outer loop
      vertex 232.749 -7.90151 0
      vertex 231.497 -15.803 0
      vertex 232.132 -7.77896 0
    endloop
  endfacet
  facet normal 0 0 -1
    outer loop
      vertex 230.265 -15.5579 0
      vertex 232.132 -7.77896 0
      vertex 231.497 -15.803 0
    endloop
  endfacet
  facet normal -0 0 -1
    outer loop
      vertex 232.132 -7.77896 0
      vertex 230.265 -15.5579 0
      vertex 231.528 -7.60845 0
    endloop
  endfacet
  facet normal 0 0 -1
    outer loop
      vertex 229.056 -15.2169 0
      vertex 231.528 -7.60845 0
      vertex 230.265 -15.5579 0
    endloop
  endfacet
  facet normal -0 0 -1
    outer loop
      vertex 231.528 -7.60845 0
      vertex 229.056 -15.2169 0
      vertex 230.939 -7.39104 0
    endloop
  endfacet
  facet normal 0 0 -1
    outer loop
      vertex 227.877 -14.7821 0
      vertex 230.939 -7.39104 0
      vertex 229.056 -15.2169 0
    endloop
  endfacet
  facet normal -0 0 -1
    outer loop
      vertex 230.939 -7.39104 0
      vertex 227.877 -14.7821 0
      vertex 230.368 -7.12805 0
    endloop
  endfacet
  facet normal 0 0 -1
    outer loop
      vertex 226.736 -14.2561 0
      vertex 230.368 -7.12805 0
      vertex 227.877 -14.7821 0
    endloop
  endfacet
  facet normal -0 0 -1
    outer loop
      vertex 230.368 -7.12805 0
      vertex 226.736 -14.2561 0
      vertex 229.82 -6.82112 0
    endloop
  endfacet
  facet normal 0 0 -1
    outer loop
      vertex 225.64 -13.6422 0
      vertex 229.82 -6.82112 0
      vertex 226.736 -14.2561 0
    endloop
  endfacet
  facet normal -0 0 -1
    outer loop
      vertex 229.82 -6.82112 0
      vertex 225.64 -13.6422 0
      vertex 229.298 -6.47214 0
    endloop
  endfacet
  facet normal 0 0 -1
    outer loop
      vertex 224.595 -12.9443 0
      vertex 229.298 -6.47214 0
      vertex 225.64 -13.6422 0
    endloop
  endfacet
  facet normal -0 0 -1
    outer loop
      vertex 229.298 -6.47214 0
      vertex 224.595 -12.9443 0
      vertex 228.804 -6.08325 0
    endloop
  endfacet
  facet normal 0 0 -1
    outer loop
      vertex 223.609 -12.1665 0
      vertex 228.804 -6.08325 0
      vertex 224.595 -12.9443 0
    endloop
  endfacet
  facet normal -0 0 -1
    outer loop
      vertex 228.804 -6.08325 0
      vertex 223.609 -12.1665 0
      vertex 228.343 -5.65685 0
    endloop
  endfacet
  facet normal 0 0 -1
    outer loop
      vertex 222.686 -11.3137 0
      vertex 228.343 -5.65685 0
      vertex 223.609 -12.1665 0
    endloop
  endfacet
  facet normal -0 0 -1
    outer loop
      vertex 228.343 -5.65685 0
      vertex 222.686 -11.3137 0
      vertex 227.917 -5.19558 0
    endloop
  endfacet
  facet normal 0 0 -1
    outer loop
      vertex 221.833 -10.3912 0
      vertex 227.917 -5.19558 0
      vertex 222.686 -11.3137 0
    endloop
  endfacet
  facet normal 0 0 -1
    outer loop
      vertex 221.525 -10 0
      vertex 227.917 -5.19558 0
      vertex 221.833 -10.3912 0
    endloop
  endfacet
  facet normal -0 0 -1
    outer loop
      vertex 227.917 -5.19558 0
      vertex 221.525 -10 0
      vertex 227.528 -4.70228 0
    endloop
  endfacet
  facet normal -0 0 -1
    outer loop
      vertex 227.528 -4.70228 0
      vertex 221.525 -10 0
      vertex 227.179 -4.17999 0
    endloop
  endfacet
  facet normal -0 0 -1
    outer loop
      vertex 226.872 -3.63192 0
      vertex 221.525 -10 0
      vertex 226.609 -3.06147 0
    endloop
  endfacet
  facet normal -0 0 -1
    outer loop
      vertex 227.179 -4.17999 0
      vertex 221.525 -10 0
      vertex 226.872 -3.63192 0
    endloop
  endfacet
  facet normal 0 0 -1
    outer loop
      vertex 240.821 4.17999 0
      vertex 247.642 8.35997 0
      vertex 241.128 3.63192 0
    endloop
  endfacet
  facet normal -0 0 -1
    outer loop
      vertex 247.642 8.35997 0
      vertex 240.821 4.17999 0
      vertex 246.944 9.40456 0
    endloop
  endfacet
  facet normal 0 0 -1
    outer loop
      vertex 240.472 4.70228 0
      vertex 246.944 9.40456 0
      vertex 240.821 4.17999 0
    endloop
  endfacet
  facet normal -0 0 -1
    outer loop
      vertex 246.944 9.40456 0
      vertex 240.472 4.70228 0
      vertex 246.166 10.3912 0
    endloop
  endfacet
  facet normal 0 0 -1
    outer loop
      vertex 240.083 5.19558 0
      vertex 246.166 10.3912 0
      vertex 240.472 4.70228 0
    endloop
  endfacet
  facet normal -0 0 -1
    outer loop
      vertex 246.166 10.3912 0
      vertex 240.083 5.19558 0
      vertex 245.314 11.3137 0
    endloop
  endfacet
  facet normal 0 0 -1
    outer loop
      vertex 239.657 5.65685 0
      vertex 245.314 11.3137 0
      vertex 240.083 5.19558 0
    endloop
  endfacet
  facet normal -0 0 -1
    outer loop
      vertex 245.314 11.3137 0
      vertex 239.657 5.65685 0
      vertex 244.391 12.1665 0
    endloop
  endfacet
  facet normal 0 0 -1
    outer loop
      vertex 239.196 6.08325 0
      vertex 244.391 12.1665 0
      vertex 239.657 5.65685 0
    endloop
  endfacet
  facet normal -0 0 -1
    outer loop
      vertex 244.391 12.1665 0
      vertex 239.196 6.08325 0
      vertex 243.405 12.9443 0
    endloop
  endfacet
  facet normal 0 0 -1
    outer loop
      vertex 238.702 6.47214 0
      vertex 243.405 12.9443 0
      vertex 239.196 6.08325 0
    endloop
  endfacet
  facet normal -0 0 -1
    outer loop
      vertex 243.405 12.9443 0
      vertex 238.702 6.47214 0
      vertex 242.36 13.6422 0
    endloop
  endfacet
  facet normal 0 0 -1
    outer loop
      vertex 238.18 6.82112 0
      vertex 242.36 13.6422 0
      vertex 238.702 6.47214 0
    endloop
  endfacet
  facet normal -0 0 -1
    outer loop
      vertex 242.36 13.6422 0
      vertex 238.18 6.82112 0
      vertex 241.264 14.2561 0
    endloop
  endfacet
  facet normal 0 0 -1
    outer loop
      vertex 237.632 7.12805 0
      vertex 241.264 14.2561 0
      vertex 238.18 6.82112 0
    endloop
  endfacet
  facet normal -0 0 -1
    outer loop
      vertex 241.264 14.2561 0
      vertex 237.632 7.12805 0
      vertex 240.123 14.7821 0
    endloop
  endfacet
  facet normal 0 0 -1
    outer loop
      vertex 237.061 7.39104 0
      vertex 240.123 14.7821 0
      vertex 237.632 7.12805 0
    endloop
  endfacet
  facet normal -0 0 -1
    outer loop
      vertex 240.123 14.7821 0
      vertex 237.061 7.39104 0
      vertex 238.944 15.2169 0
    endloop
  endfacet
  facet normal 0 0 -1
    outer loop
      vertex 236.472 7.60845 0
      vertex 238.944 15.2169 0
      vertex 237.061 7.39104 0
    endloop
  endfacet
  facet normal -0 0 -1
    outer loop
      vertex 238.944 15.2169 0
      vertex 236.472 7.60845 0
      vertex 237.735 15.5579 0
    endloop
  endfacet
  facet normal 0 0 -1
    outer loop
      vertex 235.868 7.77896 0
      vertex 237.735 15.5579 0
      vertex 236.472 7.60845 0
    endloop
  endfacet
  facet normal -0 0 -1
    outer loop
      vertex 237.735 15.5579 0
      vertex 235.868 7.77896 0
      vertex 236.503 15.803 0
    endloop
  endfacet
  facet normal 0 0 -1
    outer loop
      vertex 235.251 7.90151 0
      vertex 236.503 15.803 0
      vertex 235.868 7.77896 0
    endloop
  endfacet
  facet normal -0 0 -1
    outer loop
      vertex 236.503 15.803 0
      vertex 235.251 7.90151 0
      vertex 235.255 15.9507 0
    endloop
  endfacet
  facet normal 0 0 -1
    outer loop
      vertex 234.628 7.97534 0
      vertex 235.255 15.9507 0
      vertex 235.251 7.90151 0
    endloop
  endfacet
  facet normal 0 0 -1
    outer loop
      vertex 234 8 0
      vertex 235.255 15.9507 0
      vertex 234.628 7.97534 0
    endloop
  endfacet
  facet normal 0 0 -1
    outer loop
      vertex 234 8 0
      vertex 234 16 0
      vertex 235.255 15.9507 0
    endloop
  endfacet
  facet normal 0 0 -1
    outer loop
      vertex 233.372 7.97534 0
      vertex 234 16 0
      vertex 234 8 0
    endloop
  endfacet
  facet normal 0 0 -1
    outer loop
      vertex 232.745 15.9507 0
      vertex 233.372 7.97534 0
      vertex 232.749 7.90151 0
    endloop
  endfacet
  facet normal 0 0 -1
    outer loop
      vertex 233.372 7.97534 0
      vertex 232.745 15.9507 0
      vertex 234 16 0
    endloop
  endfacet
  facet normal 0 0 -1
    outer loop
      vertex 231.497 15.803 0
      vertex 232.749 7.90151 0
      vertex 232.132 7.77896 0
    endloop
  endfacet
  facet normal 0 0 -1
    outer loop
      vertex 230.265 15.5579 0
      vertex 232.132 7.77896 0
      vertex 231.528 7.60845 0
    endloop
  endfacet
  facet normal 0 0 -1
    outer loop
      vertex 232.749 7.90151 0
      vertex 231.497 15.803 0
      vertex 232.745 15.9507 0
    endloop
  endfacet
  facet normal 0 0 -1
    outer loop
      vertex 229.056 15.2169 0
      vertex 231.528 7.60845 0
      vertex 230.939 7.39104 0
    endloop
  endfacet
  facet normal 0 0 -1
    outer loop
      vertex 227.877 14.7821 0
      vertex 230.939 7.39104 0
      vertex 230.368 7.12805 0
    endloop
  endfacet
  facet normal 0 0 -1
    outer loop
      vertex 232.132 7.77896 0
      vertex 230.265 15.5579 0
      vertex 231.497 15.803 0
    endloop
  endfacet
  facet normal 0 0 -1
    outer loop
      vertex 226.736 14.2561 0
      vertex 230.368 7.12805 0
      vertex 229.82 6.82112 0
    endloop
  endfacet
  facet normal 0 0 -1
    outer loop
      vertex 225.64 13.6422 0
      vertex 229.82 6.82112 0
      vertex 229.298 6.47214 0
    endloop
  endfacet
  facet normal 0 0 -1
    outer loop
      vertex 231.528 7.60845 0
      vertex 229.056 15.2169 0
      vertex 230.265 15.5579 0
    endloop
  endfacet
  facet normal 0 0 -1
    outer loop
      vertex 224.595 12.9443 0
      vertex 229.298 6.47214 0
      vertex 228.804 6.08325 0
    endloop
  endfacet
  facet normal 0 0 -1
    outer loop
      vertex 223.609 12.1665 0
      vertex 228.804 6.08325 0
      vertex 228.343 5.65685 0
    endloop
  endfacet
  facet normal 0 0 -1
    outer loop
      vertex 222.686 11.3137 0
      vertex 228.343 5.65685 0
      vertex 227.917 5.19558 0
    endloop
  endfacet
  facet normal 0 0 -1
    outer loop
      vertex 230.939 7.39104 0
      vertex 227.877 14.7821 0
      vertex 229.056 15.2169 0
    endloop
  endfacet
  facet normal 0 0 -1
    outer loop
      vertex 221.525 10 0
      vertex 227.917 5.19558 0
      vertex 227.528 4.70228 0
    endloop
  endfacet
  facet normal 0 0 -1
    outer loop
      vertex 221.525 10 0
      vertex 227.528 4.70228 0
      vertex 227.179 4.17999 0
    endloop
  endfacet
  facet normal 0 0 -1
    outer loop
      vertex 221.525 10 0
      vertex 227.179 4.17999 0
      vertex 226.872 3.63192 0
    endloop
  endfacet
  facet normal 0 0 -1
    outer loop
      vertex 230.368 7.12805 0
      vertex 226.736 14.2561 0
      vertex 227.877 14.7821 0
    endloop
  endfacet
  facet normal 0 0 -1
    outer loop
      vertex 221.525 10 0
      vertex 226.872 3.63192 0
      vertex 226.609 3.06147 0
    endloop
  endfacet
  facet normal 0 0 -1
    outer loop
      vertex 221.525 10 0
      vertex 226.609 3.06147 0
      vertex 226.392 2.47214 0
    endloop
  endfacet
  facet normal 0 0 -1
    outer loop
      vertex 221.525 10 0
      vertex 226.392 2.47214 0
      vertex 226.221 1.86756 0
    endloop
  endfacet
  facet normal 0 0 -1
    outer loop
      vertex 221.525 10 0
      vertex 226.221 1.86756 0
      vertex 226.098 1.25148 0
    endloop
  endfacet
  facet normal 0 0 -1
    outer loop
      vertex 221.525 10 0
      vertex 226.098 1.25148 0
      vertex 226.025 0.627672 0
    endloop
  endfacet
  facet normal 0 0 -1
    outer loop
      vertex 229.82 6.82112 0
      vertex 225.64 13.6422 0
      vertex 226.736 14.2561 0
    endloop
  endfacet
  facet normal 0 0 -1
    outer loop
      vertex 221.525 10 0
      vertex 226.025 0.627672 0
      vertex 226 0 0
    endloop
  endfacet
  facet normal -0 0 -1
    outer loop
      vertex 226.609 -3.06147 0
      vertex 221.525 -10 0
      vertex 226.392 -2.47214 0
    endloop
  endfacet
  facet normal -0 0 -1
    outer loop
      vertex 226.392 -2.47214 0
      vertex 221.525 -10 0
      vertex 226.221 -1.86756 0
    endloop
  endfacet
  facet normal 0 0 -1
    outer loop
      vertex 229.298 6.47214 0
      vertex 224.595 12.9443 0
      vertex 225.64 13.6422 0
    endloop
  endfacet
  facet normal -0 0 -1
    outer loop
      vertex 226.221 -1.86756 0
      vertex 221.525 -10 0
      vertex 226.098 -1.25148 0
    endloop
  endfacet
  facet normal 0 0 -1
    outer loop
      vertex 228.804 6.08325 0
      vertex 223.609 12.1665 0
      vertex 224.595 12.9443 0
    endloop
  endfacet
  facet normal -0 0 -1
    outer loop
      vertex 226.098 -1.25148 0
      vertex 221.525 -10 0
      vertex 226.025 -0.627672 0
    endloop
  endfacet
  facet normal 0 0 -1
    outer loop
      vertex 228.343 5.65685 0
      vertex 222.686 11.3137 0
      vertex 223.609 12.1665 0
    endloop
  endfacet
  facet normal -0 0 -1
    outer loop
      vertex 226.025 -0.627672 0
      vertex 221.525 -10 0
      vertex 226 0 0
    endloop
  endfacet
  facet normal 0 0 -1
    outer loop
      vertex 221.525 10 0
      vertex 226 0 0
      vertex 221.525 -10 0
    endloop
  endfacet
  facet normal 0 0 -1
    outer loop
      vertex 227.917 5.19558 0
      vertex 221.525 10 0
      vertex 221.833 10.3912 0
    endloop
  endfacet
  facet normal 0 0 -1
    outer loop
      vertex 227.917 5.19558 0
      vertex 221.833 10.3912 0
      vertex 222.686 11.3137 0
    endloop
  endfacet
  facet normal 0 0 -1
    outer loop
      vertex 194 -10 0
      vertex 221.525 10 0
      vertex 221.525 -10 0
    endloop
  endfacet
  facet normal -0 0 -1
    outer loop
      vertex 221.525 10 0
      vertex 194 -10 0
      vertex 194 10 0
    endloop
  endfacet
  facet normal -0 0 1
    outer loop
      vertex 8.99923 -1.37533 12
      vertex 16.654 -7.27606 12
      vertex 9.10406 -1.29269 12
    endloop
  endfacet
  facet normal 0 0 1
    outer loop
      vertex 16.654 -7.27606 12
      vertex 8.99923 -1.37533 12
      vertex 16.4567 -7.7039 12
    endloop
  endfacet
  facet normal -0 0 1
    outer loop
      vertex 8.88825 -1.44949 12
      vertex 16.4567 -7.7039 12
      vertex 8.99923 -1.37533 12
    endloop
  endfacet
  facet normal 0 0 1
    outer loop
      vertex 16.4567 -7.7039 12
      vertex 8.88825 -1.44949 12
      vertex 16.2937 -8.1459 12
    endloop
  endfacet
  facet normal -0 0 1
    outer loop
      vertex 8.77178 -1.51471 12
      vertex 16.2937 -8.1459 12
      vertex 8.88825 -1.44949 12
    endloop
  endfacet
  facet normal -0 0 1
    outer loop
      vertex 8.65056 -1.57059 12
      vertex 16.2937 -8.1459 12
      vertex 8.77178 -1.51471 12
    endloop
  endfacet
  facet normal 0 0 1
    outer loop
      vertex 16.2937 -8.1459 12
      vertex 8.65056 -1.57059 12
      vertex 16.1658 -8.59933 12
    endloop
  endfacet
  facet normal -0 0 1
    outer loop
      vertex 8.52533 -1.6168 12
      vertex 16.1658 -8.59933 12
      vertex 8.65056 -1.57059 12
    endloop
  endfacet
  facet normal -0 0 1
    outer loop
      vertex 8.39686 -1.65303 12
      vertex 16.1658 -8.59933 12
      vertex 8.52533 -1.6168 12
    endloop
  endfacet
  facet normal 0 0 1
    outer loop
      vertex 16.1658 -8.59933 12
      vertex 8.39686 -1.65303 12
      vertex 16.0739 -9.06139 12
    endloop
  endfacet
  facet normal -0 0 1
    outer loop
      vertex 8.26594 -1.67907 12
      vertex 16.0739 -9.06139 12
      vertex 8.39686 -1.65303 12
    endloop
  endfacet
  facet normal 0 0 1
    outer loop
      vertex 16.0739 -9.06139 12
      vertex 8.26594 -1.67907 12
      vertex 16.0185 -9.52925 12
    endloop
  endfacet
  facet normal -0 0 1
    outer loop
      vertex 8.13338 -1.69476 12
      vertex 16.0185 -9.52925 12
      vertex 8.26594 -1.67907 12
    endloop
  endfacet
  facet normal 0 0 1
    outer loop
      vertex 16.2937 -11.8541 12
      vertex 0 -32 12
      vertex 10 -42 12
    endloop
  endfacet
  facet normal -0 0 1
    outer loop
      vertex 8 -1.7 12
      vertex 16.0185 -9.52925 12
      vertex 8.13338 -1.69476 12
    endloop
  endfacet
  facet normal 0 0 1
    outer loop
      vertex 16.0185 -9.52925 12
      vertex 8 -1.7 12
      vertex 16 -10 12
    endloop
  endfacet
  facet normal 0 0 1
    outer loop
      vertex 7.86662 -1.69476 12
      vertex 16 -10 12
      vertex 8 -1.7 12
    endloop
  endfacet
  facet normal 0 0 1
    outer loop
      vertex 10 -42 12
      vertex 0 -32 12
      vertex 9.21542 -41.9692 12
    endloop
  endfacet
  facet normal 0 0 1
    outer loop
      vertex 16 -10 12
      vertex 7.86662 -1.69476 12
      vertex 16.0185 -10.4708 12
    endloop
  endfacet
  facet normal 0 0 1
    outer loop
      vertex 7.73406 -1.67907 12
      vertex 16.0185 -10.4708 12
      vertex 7.86662 -1.69476 12
    endloop
  endfacet
  facet normal 0 0 1
    outer loop
      vertex 16.0185 -10.4708 12
      vertex 7.73406 -1.67907 12
      vertex 16.0739 -10.9386 12
    endloop
  endfacet
  facet normal 0 0 1
    outer loop
      vertex 7.60314 -1.65303 12
      vertex 16.0739 -10.9386 12
      vertex 7.73406 -1.67907 12
    endloop
  endfacet
  facet normal 0 0 1
    outer loop
      vertex 7.47467 -1.6168 12
      vertex 16.0739 -10.9386 12
      vertex 7.60314 -1.65303 12
    endloop
  endfacet
  facet normal 0 0 1
    outer loop
      vertex 16.0739 -10.9386 12
      vertex 7.47467 -1.6168 12
      vertex 16.1658 -11.4007 12
    endloop
  endfacet
  facet normal 0 0 1
    outer loop
      vertex 9.21542 -41.9692 12
      vertex 0 -32 12
      vertex 8.43567 -41.8769 12
    endloop
  endfacet
  facet normal 0 0 1
    outer loop
      vertex 7.34944 -1.57059 12
      vertex 16.1658 -11.4007 12
      vertex 7.47467 -1.6168 12
    endloop
  endfacet
  facet normal 0 0 1
    outer loop
      vertex 16.1658 -11.4007 12
      vertex 7.34944 -1.57059 12
      vertex 16.2937 -11.8541 12
    endloop
  endfacet
  facet normal 0 0 1
    outer loop
      vertex 16.2937 -11.8541 12
      vertex 7.34944 -1.57059 12
      vertex 0 -32 12
    endloop
  endfacet
  facet normal 0 0 1
    outer loop
      vertex 0 -32 12
      vertex 7.34944 -1.57059 12
      vertex 7.22822 -1.51471 12
    endloop
  endfacet
  facet normal 0 0 1
    outer loop
      vertex 0 -32 12
      vertex 7.22822 -1.51471 12
      vertex 7.11175 -1.44949 12
    endloop
  endfacet
  facet normal 0 0 1
    outer loop
      vertex 0 -32 12
      vertex 7.11175 -1.44949 12
      vertex 7.00076 -1.37533 12
    endloop
  endfacet
  facet normal 0 0 1
    outer loop
      vertex 8.43567 -41.8769 12
      vertex 0 -32 12
      vertex 7.66556 -41.7237 12
    endloop
  endfacet
  facet normal 0 0 1
    outer loop
      vertex 0 -32 12
      vertex 7.00076 -1.37533 12
      vertex 6.89594 -1.29269 12
    endloop
  endfacet
  facet normal 0 0 1
    outer loop
      vertex 0 -32 12
      vertex 6.89594 -1.29269 12
      vertex 6.79792 -1.20208 12
    endloop
  endfacet
  facet normal 0 0 1
    outer loop
      vertex 0 -32 12
      vertex 6.79792 -1.20208 12
      vertex 6.70731 -1.10406 12
    endloop
  endfacet
  facet normal 0 0 1
    outer loop
      vertex 0 -32 12
      vertex 6.70731 -1.10406 12
      vertex 6.62467 -0.999234 12
    endloop
  endfacet
  facet normal 0 0 1
    outer loop
      vertex 0 -32 12
      vertex 6.62467 -0.999234 12
      vertex 6.55051 -0.888247 12
    endloop
  endfacet
  facet normal 0 0 1
    outer loop
      vertex 0 -32 12
      vertex 6.55051 -0.888247 12
      vertex 6.48529 -0.771784 12
    endloop
  endfacet
  facet normal 0 0 1
    outer loop
      vertex 0 -32 12
      vertex 6.48529 -0.771784 12
      vertex 6.4294 -0.650561 12
    endloop
  endfacet
  facet normal 0 0 1
    outer loop
      vertex 0 -32 12
      vertex 6.4294 -0.650561 12
      vertex 6.3832 -0.525329 12
    endloop
  endfacet
  facet normal 0 0 1
    outer loop
      vertex 0 -32 12
      vertex 6.3832 -0.525329 12
      vertex 6.34697 -0.396856 12
    endloop
  endfacet
  facet normal 0 0 1
    outer loop
      vertex 0 -32 12
      vertex 6.34697 -0.396856 12
      vertex 6.32093 -0.265938 12
    endloop
  endfacet
  facet normal 0 0 1
    outer loop
      vertex 0 -32 12
      vertex 6.32093 -0.265938 12
      vertex 6.30524 -0.13338 12
    endloop
  endfacet
  facet normal 0 0 1
    outer loop
      vertex 0 -32 12
      vertex 6.30524 -0.13338 12
      vertex 6.3 0 12
    endloop
  endfacet
  facet normal 0 0 1
    outer loop
      vertex 7.66556 -41.7237 12
      vertex 0 -32 12
      vertex 6.90984 -41.5106 12
    endloop
  endfacet
  facet normal 0 0 1
    outer loop
      vertex 6.30524 0.13338 12
      vertex 0 32 12
      vertex 6.3 0 12
    endloop
  endfacet
  facet normal 0 0 1
    outer loop
      vertex 0 32 12
      vertex 6.17317 41.2388 12
      vertex 5.4601 40.9101 12
    endloop
  endfacet
  facet normal 0 0 1
    outer loop
      vertex 0 -32 12
      vertex 6.3 0 12
      vertex 0 32 12
    endloop
  endfacet
  facet normal 0 0 1
    outer loop
      vertex 0 32 12
      vertex 5.4601 40.9101 12
      vertex 4.77502 40.5264 12
    endloop
  endfacet
  facet normal 0 0 1
    outer loop
      vertex 6.90984 -41.5106 12
      vertex 0 -32 12
      vertex 6.17317 -41.2388 12
    endloop
  endfacet
  facet normal 0 0 1
    outer loop
      vertex 0 32 12
      vertex 4.77502 40.5264 12
      vertex 4.12216 40.0902 12
    endloop
  endfacet
  facet normal 0 0 1
    outer loop
      vertex 6.17317 -41.2388 12
      vertex 0 -32 12
      vertex 5.4601 -40.9101 12
    endloop
  endfacet
  facet normal 0 0 1
    outer loop
      vertex 0 32 12
      vertex 4.12216 40.0902 12
      vertex 3.50552 39.604 12
    endloop
  endfacet
  facet normal 0 0 1
    outer loop
      vertex 5.4601 -40.9101 12
      vertex 0 -32 12
      vertex 4.77502 -40.5264 12
    endloop
  endfacet
  facet normal 0 0 1
    outer loop
      vertex 0 32 12
      vertex 3.50552 39.604 12
      vertex 2.92894 39.0711 12
    endloop
  endfacet
  facet normal 0 0 1
    outer loop
      vertex 4.77502 -40.5264 12
      vertex 0 -32 12
      vertex 4.12216 -40.0902 12
    endloop
  endfacet
  facet normal 0 0 1
    outer loop
      vertex 0 32 12
      vertex 2.92894 39.0711 12
      vertex 2.39595 38.4945 12
    endloop
  endfacet
  facet normal 0 0 1
    outer loop
      vertex 4.12216 -40.0902 12
      vertex 0 -32 12
      vertex 3.50552 -39.604 12
    endloop
  endfacet
  facet normal 0 0 1
    outer loop
      vertex 0 32 12
      vertex 2.39595 38.4945 12
      vertex 1.90984 37.8778 12
    endloop
  endfacet
  facet normal 0 0 1
    outer loop
      vertex 3.50552 -39.604 12
      vertex 0 -32 12
      vertex 2.92894 -39.0711 12
    endloop
  endfacet
  facet normal 0 0 1
    outer loop
      vertex 0 32 12
      vertex 1.90984 37.8778 12
      vertex 1.4736 37.225 12
    endloop
  endfacet
  facet normal 0 0 1
    outer loop
      vertex 2.92894 -39.0711 12
      vertex 0 -32 12
      vertex 2.39595 -38.4945 12
    endloop
  endfacet
  facet normal 0 0 1
    outer loop
      vertex 0 32 12
      vertex 1.4736 37.225 12
      vertex 1.08994 36.5399 12
    endloop
  endfacet
  facet normal 0 0 1
    outer loop
      vertex 2.39595 -38.4945 12
      vertex 0 -32 12
      vertex 1.90984 -37.8778 12
    endloop
  endfacet
  facet normal 0 0 1
    outer loop
      vertex 0 32 12
      vertex 1.08994 36.5399 12
      vertex 0.761215 35.8268 12
    endloop
  endfacet
  facet normal 0 0 1
    outer loop
      vertex 1.90984 -37.8778 12
      vertex 0 -32 12
      vertex 1.4736 -37.225 12
    endloop
  endfacet
  facet normal 0 0 1
    outer loop
      vertex 0 32 12
      vertex 0.761215 35.8268 12
      vertex 0.489441 35.0902 12
    endloop
  endfacet
  facet normal 0 0 1
    outer loop
      vertex 1.4736 -37.225 12
      vertex 0 -32 12
      vertex 1.08994 -36.5399 12
    endloop
  endfacet
  facet normal 0 0 1
    outer loop
      vertex 0 32 12
      vertex 0.489441 35.0902 12
      vertex 0.276306 34.3344 12
    endloop
  endfacet
  facet normal 0 0 1
    outer loop
      vertex 1.08994 -36.5399 12
      vertex 0 -32 12
      vertex 0.761215 -35.8268 12
    endloop
  endfacet
  facet normal 0 0 1
    outer loop
      vertex 0 32 12
      vertex 0.276306 34.3344 12
      vertex 0.123123 33.5643 12
    endloop
  endfacet
  facet normal 0 0 1
    outer loop
      vertex 0.761215 -35.8268 12
      vertex 0 -32 12
      vertex 0.489441 -35.0902 12
    endloop
  endfacet
  facet normal 0 0 1
    outer loop
      vertex 0 32 12
      vertex 0.123123 33.5643 12
      vertex 0.030838 32.7846 12
    endloop
  endfacet
  facet normal 0 0 1
    outer loop
      vertex 0.489441 -35.0902 12
      vertex 0 -32 12
      vertex 0.276306 -34.3344 12
    endloop
  endfacet
  facet normal 0 0 1
    outer loop
      vertex 0.276306 -34.3344 12
      vertex 0 -32 12
      vertex 0.123123 -33.5643 12
    endloop
  endfacet
  facet normal 0 0 1
    outer loop
      vertex 0.123123 -33.5643 12
      vertex 0 -32 12
      vertex 0.030838 -32.7846 12
    endloop
  endfacet
  facet normal -0 0 1
    outer loop
      vertex 26.5624 6.10331 12
      vertex 34.5505 0.888247 12
      vertex 26.8541 6.47329 12
    endloop
  endfacet
  facet normal 0 0 1
    outer loop
      vertex 34.3 0 12
      vertex 27.9815 -9.52925 12
      vertex 28 -10 12
    endloop
  endfacet
  facet normal 0 0 1
    outer loop
      vertex 34.5505 0.888247 12
      vertex 26.5624 6.10331 12
      vertex 34.4853 0.771784 12
    endloop
  endfacet
  facet normal 0 0 1
    outer loop
      vertex 34.3 0 12
      vertex 27.9261 -9.06139 12
      vertex 27.9815 -9.52925 12
    endloop
  endfacet
  facet normal 0 0 1
    outer loop
      vertex 34.4853 0.771784 12
      vertex 26.5624 6.10331 12
      vertex 34.4294 0.650561 12
    endloop
  endfacet
  facet normal 0 0 1
    outer loop
      vertex 34.3 0 12
      vertex 27.8342 -8.59933 12
      vertex 27.9261 -9.06139 12
    endloop
  endfacet
  facet normal -0 0 1
    outer loop
      vertex 26.2426 5.75736 12
      vertex 34.4294 0.650561 12
      vertex 26.5624 6.10331 12
    endloop
  endfacet
  facet normal 0 0 1
    outer loop
      vertex 34.3 0 12
      vertex 27.7063 -8.1459 12
      vertex 27.8342 -8.59933 12
    endloop
  endfacet
  facet normal 0 0 1
    outer loop
      vertex 34.4294 0.650561 12
      vertex 26.2426 5.75736 12
      vertex 34.3832 0.525329 12
    endloop
  endfacet
  facet normal 0 0 1
    outer loop
      vertex 34.3 0 12
      vertex 27.5433 -7.7039 12
      vertex 27.7063 -8.1459 12
    endloop
  endfacet
  facet normal 0 0 1
    outer loop
      vertex 34.3832 0.525329 12
      vertex 26.2426 5.75736 12
      vertex 34.347 0.396856 12
    endloop
  endfacet
  facet normal 0 0 1
    outer loop
      vertex 34.3 0 12
      vertex 27.346 -7.27606 12
      vertex 27.5433 -7.7039 12
    endloop
  endfacet
  facet normal -0 0 1
    outer loop
      vertex 25.8967 5.43756 12
      vertex 34.347 0.396856 12
      vertex 26.2426 5.75736 12
    endloop
  endfacet
  facet normal 0 0 1
    outer loop
      vertex 34.3 0 12
      vertex 27.1158 -6.86501 12
      vertex 27.346 -7.27606 12
    endloop
  endfacet
  facet normal 0 0 1
    outer loop
      vertex 34.347 0.396856 12
      vertex 25.8967 5.43756 12
      vertex 34.3209 0.265938 12
    endloop
  endfacet
  facet normal 0 0 1
    outer loop
      vertex 34.3 0 12
      vertex 26.8541 -6.47329 12
      vertex 27.1158 -6.86501 12
    endloop
  endfacet
  facet normal -0 0 1
    outer loop
      vertex 25.5267 5.1459 12
      vertex 34.3209 0.265938 12
      vertex 25.8967 5.43756 12
    endloop
  endfacet
  facet normal 0 0 1
    outer loop
      vertex 34.3 0 12
      vertex 26.5624 -6.10331 12
      vertex 26.8541 -6.47329 12
    endloop
  endfacet
  facet normal 0 0 1
    outer loop
      vertex 34.3209 0.265938 12
      vertex 25.5267 5.1459 12
      vertex 34.3052 0.13338 12
    endloop
  endfacet
  facet normal 0 0 1
    outer loop
      vertex 34.3 0 12
      vertex 26.2426 -5.75736 12
      vertex 26.5624 -6.10331 12
    endloop
  endfacet
  facet normal 0 0 1
    outer loop
      vertex 34.3052 0.13338 12
      vertex 25.5267 5.1459 12
      vertex 34.3 0 12
    endloop
  endfacet
  facet normal 0 0 1
    outer loop
      vertex 34.3 0 12
      vertex 25.8967 -5.43756 12
      vertex 26.2426 -5.75736 12
    endloop
  endfacet
  facet normal -0 0 1
    outer loop
      vertex 25.135 4.88416 12
      vertex 34.3 0 12
      vertex 25.5267 5.1459 12
    endloop
  endfacet
  facet normal 0 0 1
    outer loop
      vertex 34.3 0 12
      vertex 25.5267 -5.1459 12
      vertex 25.8967 -5.43756 12
    endloop
  endfacet
  facet normal 0 0 1
    outer loop
      vertex 25.135 -4.88416 12
      vertex 34.3 0 12
      vertex 25.135 4.88416 12
    endloop
  endfacet
  facet normal 0 0 1
    outer loop
      vertex 34.3 0 12
      vertex 25.135 -4.88416 12
      vertex 25.5267 -5.1459 12
    endloop
  endfacet
  facet normal -0 0 1
    outer loop
      vertex 24.7239 4.65396 12
      vertex 25.135 -4.88416 12
      vertex 25.135 4.88416 12
    endloop
  endfacet
  facet normal 0 0 1
    outer loop
      vertex 24.7239 4.65396 12
      vertex 24.7239 -4.65396 12
      vertex 25.135 -4.88416 12
    endloop
  endfacet
  facet normal -0 0 1
    outer loop
      vertex 24.2961 4.45672 12
      vertex 24.7239 -4.65396 12
      vertex 24.7239 4.65396 12
    endloop
  endfacet
  facet normal 0 0 1
    outer loop
      vertex 24.2961 4.45672 12
      vertex 24.2961 -4.45672 12
      vertex 24.7239 -4.65396 12
    endloop
  endfacet
  facet normal -0 0 1
    outer loop
      vertex 23.8541 4.29366 12
      vertex 24.2961 -4.45672 12
      vertex 24.2961 4.45672 12
    endloop
  endfacet
  facet normal 0 0 1
    outer loop
      vertex 23.8541 4.29366 12
      vertex 23.8541 -4.29366 12
      vertex 24.2961 -4.45672 12
    endloop
  endfacet
  facet normal -0 0 1
    outer loop
      vertex 23.4007 4.16578 12
      vertex 23.8541 -4.29366 12
      vertex 23.8541 4.29366 12
    endloop
  endfacet
  facet normal 0 0 1
    outer loop
      vertex 23.4007 4.16578 12
      vertex 23.4007 -4.16578 12
      vertex 23.8541 -4.29366 12
    endloop
  endfacet
  facet normal -0 0 1
    outer loop
      vertex 22.9386 4.07387 12
      vertex 23.4007 -4.16578 12
      vertex 23.4007 4.16578 12
    endloop
  endfacet
  facet normal 0 0 1
    outer loop
      vertex 22.9386 4.07387 12
      vertex 22.9386 -4.07387 12
      vertex 23.4007 -4.16578 12
    endloop
  endfacet
  facet normal -0 0 1
    outer loop
      vertex 22.4708 4.0185 12
      vertex 22.9386 -4.07387 12
      vertex 22.9386 4.07387 12
    endloop
  endfacet
  facet normal 0 0 1
    outer loop
      vertex 22.4708 4.0185 12
      vertex 22.4708 -4.0185 12
      vertex 22.9386 -4.07387 12
    endloop
  endfacet
  facet normal -0 0 1
    outer loop
      vertex 22 4 12
      vertex 22.4708 -4.0185 12
      vertex 22.4708 4.0185 12
    endloop
  endfacet
  facet normal 0 0 1
    outer loop
      vertex 22 4 12
      vertex 22 -4 12
      vertex 22.4708 -4.0185 12
    endloop
  endfacet
  facet normal 0 0 1
    outer loop
      vertex 21.5292 4.0185 12
      vertex 22 -4 12
      vertex 22 4 12
    endloop
  endfacet
  facet normal 0 0 1
    outer loop
      vertex 21.5292 4.0185 12
      vertex 21.5292 -4.0185 12
      vertex 22 -4 12
    endloop
  endfacet
  facet normal 0 0 1
    outer loop
      vertex 21.0614 4.07387 12
      vertex 21.5292 -4.0185 12
      vertex 21.5292 4.0185 12
    endloop
  endfacet
  facet normal 0 0 1
    outer loop
      vertex 21.0614 4.07387 12
      vertex 21.0614 -4.07387 12
      vertex 21.5292 -4.0185 12
    endloop
  endfacet
  facet normal 0 0 1
    outer loop
      vertex 20.5993 4.16578 12
      vertex 21.0614 -4.07387 12
      vertex 21.0614 4.07387 12
    endloop
  endfacet
  facet normal 0 0 1
    outer loop
      vertex 20.5993 4.16578 12
      vertex 20.5993 -4.16578 12
      vertex 21.0614 -4.07387 12
    endloop
  endfacet
  facet normal 0 0 1
    outer loop
      vertex 20.1459 4.29366 12
      vertex 20.5993 -4.16578 12
      vertex 20.5993 4.16578 12
    endloop
  endfacet
  facet normal 0 0 1
    outer loop
      vertex 20.1459 4.29366 12
      vertex 20.1459 -4.29366 12
      vertex 20.5993 -4.16578 12
    endloop
  endfacet
  facet normal 0 0 1
    outer loop
      vertex 19.7039 4.45672 12
      vertex 20.1459 -4.29366 12
      vertex 20.1459 4.29366 12
    endloop
  endfacet
  facet normal 0 0 1
    outer loop
      vertex 19.7039 4.45672 12
      vertex 19.7039 -4.45672 12
      vertex 20.1459 -4.29366 12
    endloop
  endfacet
  facet normal 0 0 1
    outer loop
      vertex 19.2761 4.65396 12
      vertex 19.7039 -4.45672 12
      vertex 19.7039 4.45672 12
    endloop
  endfacet
  facet normal 0 0 1
    outer loop
      vertex 19.2761 4.65396 12
      vertex 19.2761 -4.65396 12
      vertex 19.7039 -4.45672 12
    endloop
  endfacet
  facet normal 0 0 1
    outer loop
      vertex 18.865 4.88416 12
      vertex 19.2761 -4.65396 12
      vertex 19.2761 4.65396 12
    endloop
  endfacet
  facet normal 0 0 1
    outer loop
      vertex 18.865 4.88416 12
      vertex 18.865 -4.88416 12
      vertex 19.2761 -4.65396 12
    endloop
  endfacet
  facet normal 0 0 1
    outer loop
      vertex 9.7 0 12
      vertex 18.865 4.88416 12
      vertex 18.4733 5.1459 12
    endloop
  endfacet
  facet normal 0 0 1
    outer loop
      vertex 18.865 4.88416 12
      vertex 9.7 0 12
      vertex 18.865 -4.88416 12
    endloop
  endfacet
  facet normal 0 0 1
    outer loop
      vertex 9.67907 0.265938 12
      vertex 18.4733 5.1459 12
      vertex 18.1033 5.43756 12
    endloop
  endfacet
  facet normal 0 0 1
    outer loop
      vertex 18.865 -4.88416 12
      vertex 9.7 0 12
      vertex 18.4733 -5.1459 12
    endloop
  endfacet
  facet normal 0 0 1
    outer loop
      vertex 9.65303 0.396856 12
      vertex 18.1033 5.43756 12
      vertex 17.7574 5.75736 12
    endloop
  endfacet
  facet normal -0 0 1
    outer loop
      vertex 9.69476 -0.13338 12
      vertex 18.4733 -5.1459 12
      vertex 9.7 0 12
    endloop
  endfacet
  facet normal 0 0 1
    outer loop
      vertex 9.57059 0.650561 12
      vertex 17.7574 5.75736 12
      vertex 17.4376 6.10331 12
    endloop
  endfacet
  facet normal -0 0 1
    outer loop
      vertex 9.67907 -0.265938 12
      vertex 18.4733 -5.1459 12
      vertex 9.69476 -0.13338 12
    endloop
  endfacet
  facet normal 0 0 1
    outer loop
      vertex 9.57059 0.650561 12
      vertex 17.4376 6.10331 12
      vertex 17.1459 6.47329 12
    endloop
  endfacet
  facet normal 0 0 1
    outer loop
      vertex 18.4733 -5.1459 12
      vertex 9.67907 -0.265938 12
      vertex 18.1033 -5.43756 12
    endloop
  endfacet
  facet normal 0 0 1
    outer loop
      vertex 9.57059 0.650561 12
      vertex 17.1459 6.47329 12
      vertex 16.8842 6.86501 12
    endloop
  endfacet
  facet normal -0 0 1
    outer loop
      vertex 9.65303 -0.396856 12
      vertex 18.1033 -5.43756 12
      vertex 9.67907 -0.265938 12
    endloop
  endfacet
  facet normal 0 0 1
    outer loop
      vertex 9.57059 0.650561 12
      vertex 16.8842 6.86501 12
      vertex 16.654 7.27606 12
    endloop
  endfacet
  facet normal 0 0 1
    outer loop
      vertex 18.1033 -5.43756 12
      vertex 9.65303 -0.396856 12
      vertex 17.7574 -5.75736 12
    endloop
  endfacet
  facet normal 0 0 1
    outer loop
      vertex 9.57059 0.650561 12
      vertex 16.654 7.27606 12
      vertex 16.4567 7.7039 12
    endloop
  endfacet
  facet normal -0 0 1
    outer loop
      vertex 9.6168 -0.525329 12
      vertex 17.7574 -5.75736 12
      vertex 9.65303 -0.396856 12
    endloop
  endfacet
  facet normal 0 0 1
    outer loop
      vertex 9.57059 0.650561 12
      vertex 16.4567 7.7039 12
      vertex 16.2937 8.1459 12
    endloop
  endfacet
  facet normal -0 0 1
    outer loop
      vertex 9.57059 -0.650561 12
      vertex 17.7574 -5.75736 12
      vertex 9.6168 -0.525329 12
    endloop
  endfacet
  facet normal 0 0 1
    outer loop
      vertex 9.57059 0.650561 12
      vertex 16.2937 8.1459 12
      vertex 16.1658 8.59933 12
    endloop
  endfacet
  facet normal 0 0 1
    outer loop
      vertex 17.7574 -5.75736 12
      vertex 9.57059 -0.650561 12
      vertex 17.4376 -6.10331 12
    endloop
  endfacet
  facet normal 0 0 1
    outer loop
      vertex 9.57059 0.650561 12
      vertex 16.1658 8.59933 12
      vertex 16.0739 9.06139 12
    endloop
  endfacet
  facet normal -0 0 1
    outer loop
      vertex 9.51471 -0.771784 12
      vertex 17.4376 -6.10331 12
      vertex 9.57059 -0.650561 12
    endloop
  endfacet
  facet normal 0 0 1
    outer loop
      vertex 9.57059 0.650561 12
      vertex 16.0739 9.06139 12
      vertex 16.0185 9.52925 12
    endloop
  endfacet
  facet normal -0 0 1
    outer loop
      vertex 9.44949 -0.888247 12
      vertex 17.4376 -6.10331 12
      vertex 9.51471 -0.771784 12
    endloop
  endfacet
  facet normal 0 0 1
    outer loop
      vertex 9.57059 0.650561 12
      vertex 16.0185 9.52925 12
      vertex 16 10 12
    endloop
  endfacet
  facet normal 0 0 1
    outer loop
      vertex 17.4376 -6.10331 12
      vertex 9.44949 -0.888247 12
      vertex 17.1459 -6.47329 12
    endloop
  endfacet
  facet normal 0 0 1
    outer loop
      vertex 27.9261 -10.9386 12
      vertex 36.3969 -1.65303 12
      vertex 27.9815 -10.4708 12
    endloop
  endfacet
  facet normal 0 0 1
    outer loop
      vertex 36.3969 -1.65303 12
      vertex 27.9261 -10.9386 12
      vertex 44 -22 12
    endloop
  endfacet
  facet normal -0 0 1
    outer loop
      vertex 27.8342 -11.4007 12
      vertex 44 -22 12
      vertex 27.9261 -10.9386 12
    endloop
  endfacet
  facet normal -0 0 1
    outer loop
      vertex 27.7063 -11.8541 12
      vertex 44 -22 12
      vertex 27.8342 -11.4007 12
    endloop
  endfacet
  facet normal -0 0 1
    outer loop
      vertex 27.5433 -12.2961 12
      vertex 44 -22 12
      vertex 27.7063 -11.8541 12
    endloop
  endfacet
  facet normal -0 0 1
    outer loop
      vertex 27.346 -12.7239 12
      vertex 44 -22 12
      vertex 27.5433 -12.2961 12
    endloop
  endfacet
  facet normal -0 0 1
    outer loop
      vertex 27.1158 -13.135 12
      vertex 44 -22 12
      vertex 27.346 -12.7239 12
    endloop
  endfacet
  facet normal -0 0 1
    outer loop
      vertex 26.8541 -13.5267 12
      vertex 44 -22 12
      vertex 27.1158 -13.135 12
    endloop
  endfacet
  facet normal -0 0 1
    outer loop
      vertex 26.5624 -13.8967 12
      vertex 44 -22 12
      vertex 26.8541 -13.5267 12
    endloop
  endfacet
  facet normal -0 0 1
    outer loop
      vertex 26.2426 -14.2426 12
      vertex 44 -22 12
      vertex 26.5624 -13.8967 12
    endloop
  endfacet
  facet normal -0 0 1
    outer loop
      vertex 25.8967 -14.5624 12
      vertex 44 -22 12
      vertex 26.2426 -14.2426 12
    endloop
  endfacet
  facet normal -0 0 1
    outer loop
      vertex 25.5267 -14.8541 12
      vertex 44 -22 12
      vertex 25.8967 -14.5624 12
    endloop
  endfacet
  facet normal -0 0 1
    outer loop
      vertex 25.135 -15.1158 12
      vertex 44 -22 12
      vertex 25.5267 -14.8541 12
    endloop
  endfacet
  facet normal -0 0 1
    outer loop
      vertex 24.7239 -15.346 12
      vertex 44 -22 12
      vertex 25.135 -15.1158 12
    endloop
  endfacet
  facet normal 0 0 1
    outer loop
      vertex 44 -22 12
      vertex 24.7239 -15.346 12
      vertex 34 -42 12
    endloop
  endfacet
  facet normal -0 0 1
    outer loop
      vertex 24.2961 -15.5433 12
      vertex 34 -42 12
      vertex 24.7239 -15.346 12
    endloop
  endfacet
  facet normal -0 0 1
    outer loop
      vertex 23.8541 -15.7063 12
      vertex 34 -42 12
      vertex 24.2961 -15.5433 12
    endloop
  endfacet
  facet normal -0 0 1
    outer loop
      vertex 23.4007 -15.8342 12
      vertex 34 -42 12
      vertex 23.8541 -15.7063 12
    endloop
  endfacet
  facet normal -0 0 1
    outer loop
      vertex 22.9386 -15.9261 12
      vertex 34 -42 12
      vertex 23.4007 -15.8342 12
    endloop
  endfacet
  facet normal -0 0 1
    outer loop
      vertex 22.4708 -15.9815 12
      vertex 34 -42 12
      vertex 22.9386 -15.9261 12
    endloop
  endfacet
  facet normal -0 0 1
    outer loop
      vertex 22 -16 12
      vertex 34 -42 12
      vertex 22.4708 -15.9815 12
    endloop
  endfacet
  facet normal 0 0 1
    outer loop
      vertex 10 -42 12
      vertex 22 -16 12
      vertex 21.5292 -15.9815 12
    endloop
  endfacet
  facet normal 0 0 1
    outer loop
      vertex 10 -42 12
      vertex 21.5292 -15.9815 12
      vertex 21.0614 -15.9261 12
    endloop
  endfacet
  facet normal 0 0 1
    outer loop
      vertex 10 -42 12
      vertex 21.0614 -15.9261 12
      vertex 20.5993 -15.8342 12
    endloop
  endfacet
  facet normal 0 0 1
    outer loop
      vertex 10 -42 12
      vertex 20.5993 -15.8342 12
      vertex 20.1459 -15.7063 12
    endloop
  endfacet
  facet normal 0 0 1
    outer loop
      vertex 10 -42 12
      vertex 20.1459 -15.7063 12
      vertex 19.7039 -15.5433 12
    endloop
  endfacet
  facet normal 0 0 1
    outer loop
      vertex 10 -42 12
      vertex 19.7039 -15.5433 12
      vertex 19.2761 -15.346 12
    endloop
  endfacet
  facet normal 0 0 1
    outer loop
      vertex 10 -42 12
      vertex 19.2761 -15.346 12
      vertex 18.865 -15.1158 12
    endloop
  endfacet
  facet normal 0 0 1
    outer loop
      vertex 10 -42 12
      vertex 18.865 -15.1158 12
      vertex 18.4733 -14.8541 12
    endloop
  endfacet
  facet normal 0 0 1
    outer loop
      vertex 10 -42 12
      vertex 18.4733 -14.8541 12
      vertex 18.1033 -14.5624 12
    endloop
  endfacet
  facet normal 0 0 1
    outer loop
      vertex 10 -42 12
      vertex 18.1033 -14.5624 12
      vertex 17.7574 -14.2426 12
    endloop
  endfacet
  facet normal 0 0 1
    outer loop
      vertex 10 -42 12
      vertex 17.7574 -14.2426 12
      vertex 17.4376 -13.8967 12
    endloop
  endfacet
  facet normal 0 0 1
    outer loop
      vertex 10 -42 12
      vertex 17.4376 -13.8967 12
      vertex 17.1459 -13.5267 12
    endloop
  endfacet
  facet normal 0 0 1
    outer loop
      vertex 10 -42 12
      vertex 17.1459 -13.5267 12
      vertex 16.8842 -13.135 12
    endloop
  endfacet
  facet normal 0 0 1
    outer loop
      vertex 17.7574 5.75736 12
      vertex 9.57059 0.650561 12
      vertex 9.6168 0.525329 12
    endloop
  endfacet
  facet normal 0 0 1
    outer loop
      vertex 22 -16 12
      vertex 10 -42 12
      vertex 34 -42 12
    endloop
  endfacet
  facet normal 0 0 1
    outer loop
      vertex 16.654 -12.7239 12
      vertex 10 -42 12
      vertex 16.8842 -13.135 12
    endloop
  endfacet
  facet normal 0 0 1
    outer loop
      vertex 16.4567 -12.2961 12
      vertex 10 -42 12
      vertex 16.654 -12.7239 12
    endloop
  endfacet
  facet normal 0 0 1
    outer loop
      vertex 16.2937 -11.8541 12
      vertex 10 -42 12
      vertex 16.4567 -12.2961 12
    endloop
  endfacet
  facet normal 0 0 1
    outer loop
      vertex 16.8842 -6.86501 12
      vertex 9.20208 -1.20208 12
      vertex 16.654 -7.27606 12
    endloop
  endfacet
  facet normal -0 0 1
    outer loop
      vertex 9.20208 -1.20208 12
      vertex 16.8842 -6.86501 12
      vertex 9.29269 -1.10406 12
    endloop
  endfacet
  facet normal -0 0 1
    outer loop
      vertex 9.29269 -1.10406 12
      vertex 16.8842 -6.86501 12
      vertex 9.37533 -0.999234 12
    endloop
  endfacet
  facet normal 0 0 1
    outer loop
      vertex 17.7574 5.75736 12
      vertex 9.6168 0.525329 12
      vertex 9.65303 0.396856 12
    endloop
  endfacet
  facet normal -0 0 1
    outer loop
      vertex 9.10406 -1.29269 12
      vertex 16.654 -7.27606 12
      vertex 9.20208 -1.20208 12
    endloop
  endfacet
  facet normal 0 0 1
    outer loop
      vertex 17.1459 -6.47329 12
      vertex 9.37533 -0.999234 12
      vertex 16.8842 -6.86501 12
    endloop
  endfacet
  facet normal -0 0 1
    outer loop
      vertex 9.37533 -0.999234 12
      vertex 17.1459 -6.47329 12
      vertex 9.44949 -0.888247 12
    endloop
  endfacet
  facet normal 0 0 1
    outer loop
      vertex 18.4733 5.1459 12
      vertex 9.69476 0.13338 12
      vertex 9.7 0 12
    endloop
  endfacet
  facet normal 0 0 1
    outer loop
      vertex 18.4733 5.1459 12
      vertex 9.67907 0.265938 12
      vertex 9.69476 0.13338 12
    endloop
  endfacet
  facet normal 0 0 1
    outer loop
      vertex 18.1033 5.43756 12
      vertex 9.65303 0.396856 12
      vertex 9.67907 0.265938 12
    endloop
  endfacet
  facet normal 0 0 1
    outer loop
      vertex 10 42 12
      vertex 9.51471 0.771784 12
      vertex 9.57059 0.650561 12
    endloop
  endfacet
  facet normal 0 0 1
    outer loop
      vertex 10 42 12
      vertex 9.44949 0.888247 12
      vertex 9.51471 0.771784 12
    endloop
  endfacet
  facet normal 0 0 1
    outer loop
      vertex 10 42 12
      vertex 9.37533 0.999234 12
      vertex 9.44949 0.888247 12
    endloop
  endfacet
  facet normal 0 0 1
    outer loop
      vertex 10 42 12
      vertex 9.29269 1.10406 12
      vertex 9.37533 0.999234 12
    endloop
  endfacet
  facet normal 0 0 1
    outer loop
      vertex 6.17317 41.2388 12
      vertex 10 42 12
      vertex 9.21542 41.9692 12
    endloop
  endfacet
  facet normal 0 0 1
    outer loop
      vertex 10 42 12
      vertex 9.20208 1.20208 12
      vertex 9.29269 1.10406 12
    endloop
  endfacet
  facet normal 0 0 1
    outer loop
      vertex 10 42 12
      vertex 9.10406 1.29269 12
      vertex 9.20208 1.20208 12
    endloop
  endfacet
  facet normal 0 0 1
    outer loop
      vertex 10 42 12
      vertex 8.99923 1.37533 12
      vertex 9.10406 1.29269 12
    endloop
  endfacet
  facet normal 0 0 1
    outer loop
      vertex 10 42 12
      vertex 8.88825 1.44949 12
      vertex 8.99923 1.37533 12
    endloop
  endfacet
  facet normal -0 0 1
    outer loop
      vertex 0 32 12
      vertex 8.88825 1.44949 12
      vertex 10 42 12
    endloop
  endfacet
  facet normal 0 0 1
    outer loop
      vertex 8.88825 1.44949 12
      vertex 0 32 12
      vertex 8.77178 1.51471 12
    endloop
  endfacet
  facet normal 0 0 1
    outer loop
      vertex 8.77178 1.51471 12
      vertex 0 32 12
      vertex 8.65056 1.57059 12
    endloop
  endfacet
  facet normal 0 0 1
    outer loop
      vertex 6.17317 41.2388 12
      vertex 9.21542 41.9692 12
      vertex 8.43567 41.8769 12
    endloop
  endfacet
  facet normal 0 0 1
    outer loop
      vertex 8.65056 1.57059 12
      vertex 0 32 12
      vertex 8.52533 1.6168 12
    endloop
  endfacet
  facet normal 0 0 1
    outer loop
      vertex 0 32 12
      vertex 10 42 12
      vertex 6.17317 41.2388 12
    endloop
  endfacet
  facet normal 0 0 1
    outer loop
      vertex 8.52533 1.6168 12
      vertex 0 32 12
      vertex 8.39686 1.65303 12
    endloop
  endfacet
  facet normal 0 0 1
    outer loop
      vertex 8.39686 1.65303 12
      vertex 0 32 12
      vertex 8.26594 1.67907 12
    endloop
  endfacet
  facet normal 0 0 1
    outer loop
      vertex 8.26594 1.67907 12
      vertex 0 32 12
      vertex 8.13338 1.69476 12
    endloop
  endfacet
  facet normal 0 0 1
    outer loop
      vertex 8.13338 1.69476 12
      vertex 0 32 12
      vertex 8 1.7 12
    endloop
  endfacet
  facet normal 0 0 1
    outer loop
      vertex 6.17317 41.2388 12
      vertex 8.43567 41.8769 12
      vertex 7.66556 41.7237 12
    endloop
  endfacet
  facet normal 0 0 1
    outer loop
      vertex 8 1.7 12
      vertex 0 32 12
      vertex 7.86662 1.69476 12
    endloop
  endfacet
  facet normal 0 0 1
    outer loop
      vertex 7.86662 1.69476 12
      vertex 0 32 12
      vertex 7.73406 1.67907 12
    endloop
  endfacet
  facet normal 0 0 1
    outer loop
      vertex 7.73406 1.67907 12
      vertex 0 32 12
      vertex 7.60314 1.65303 12
    endloop
  endfacet
  facet normal 0 0 1
    outer loop
      vertex 7.60314 1.65303 12
      vertex 0 32 12
      vertex 7.47467 1.6168 12
    endloop
  endfacet
  facet normal 0 0 1
    outer loop
      vertex 7.47467 1.6168 12
      vertex 0 32 12
      vertex 7.34944 1.57059 12
    endloop
  endfacet
  facet normal 0 0 1
    outer loop
      vertex 7.34944 1.57059 12
      vertex 0 32 12
      vertex 7.22822 1.51471 12
    endloop
  endfacet
  facet normal 0 0 1
    outer loop
      vertex 6.17317 41.2388 12
      vertex 7.66556 41.7237 12
      vertex 6.90984 41.5106 12
    endloop
  endfacet
  facet normal 0 0 1
    outer loop
      vertex 7.22822 1.51471 12
      vertex 0 32 12
      vertex 7.11175 1.44949 12
    endloop
  endfacet
  facet normal 0 0 1
    outer loop
      vertex 7.11175 1.44949 12
      vertex 0 32 12
      vertex 7.00076 1.37533 12
    endloop
  endfacet
  facet normal 0 0 1
    outer loop
      vertex 7.00076 1.37533 12
      vertex 0 32 12
      vertex 6.89594 1.29269 12
    endloop
  endfacet
  facet normal 0 0 1
    outer loop
      vertex 6.89594 1.29269 12
      vertex 0 32 12
      vertex 6.79792 1.20208 12
    endloop
  endfacet
  facet normal 0 0 1
    outer loop
      vertex 6.79792 1.20208 12
      vertex 0 32 12
      vertex 6.70731 1.10406 12
    endloop
  endfacet
  facet normal 0 0 1
    outer loop
      vertex 6.70731 1.10406 12
      vertex 0 32 12
      vertex 6.62467 0.999234 12
    endloop
  endfacet
  facet normal 0 0 1
    outer loop
      vertex 6.62467 0.999234 12
      vertex 0 32 12
      vertex 6.55051 0.888247 12
    endloop
  endfacet
  facet normal 0 0 1
    outer loop
      vertex 6.55051 0.888247 12
      vertex 0 32 12
      vertex 6.48529 0.771784 12
    endloop
  endfacet
  facet normal 0 0 1
    outer loop
      vertex 6.48529 0.771784 12
      vertex 0 32 12
      vertex 6.4294 0.650561 12
    endloop
  endfacet
  facet normal 0 0 1
    outer loop
      vertex 6.4294 0.650561 12
      vertex 0 32 12
      vertex 6.3832 0.525329 12
    endloop
  endfacet
  facet normal 0 0 1
    outer loop
      vertex 6.3832 0.525329 12
      vertex 0 32 12
      vertex 6.34697 0.396856 12
    endloop
  endfacet
  facet normal 0 0 1
    outer loop
      vertex 6.34697 0.396856 12
      vertex 0 32 12
      vertex 6.32093 0.265938 12
    endloop
  endfacet
  facet normal 0 0 1
    outer loop
      vertex 6.32093 0.265938 12
      vertex 0 32 12
      vertex 6.30524 0.13338 12
    endloop
  endfacet
  facet normal 0 0 1
    outer loop
      vertex 25.135 15.1158 12
      vertex 44 22 12
      vertex 44 32 12
    endloop
  endfacet
  facet normal 0 -0 1
    outer loop
      vertex 37.7 0 12
      vertex 44 22 12
      vertex 37.6948 0.13338 12
    endloop
  endfacet
  facet normal 0 0 1
    outer loop
      vertex 34 42 12
      vertex 44 32 12
      vertex 43.9692 32.7846 12
    endloop
  endfacet
  facet normal -0 0 1
    outer loop
      vertex 37.6948 -0.13338 12
      vertex 44 -22 12
      vertex 37.7 0 12
    endloop
  endfacet
  facet normal 0 0 1
    outer loop
      vertex 34 42 12
      vertex 43.9692 32.7846 12
      vertex 43.8769 33.5643 12
    endloop
  endfacet
  facet normal -0 0 1
    outer loop
      vertex 37.6791 -0.265938 12
      vertex 44 -22 12
      vertex 37.6948 -0.13338 12
    endloop
  endfacet
  facet normal 0 0 1
    outer loop
      vertex 34 42 12
      vertex 43.8769 33.5643 12
      vertex 43.7237 34.3344 12
    endloop
  endfacet
  facet normal -0 0 1
    outer loop
      vertex 37.653 -0.396856 12
      vertex 44 -22 12
      vertex 37.6791 -0.265938 12
    endloop
  endfacet
  facet normal 0 0 1
    outer loop
      vertex 34 42 12
      vertex 43.7237 34.3344 12
      vertex 43.5106 35.0902 12
    endloop
  endfacet
  facet normal -0 0 1
    outer loop
      vertex 37.6168 -0.525329 12
      vertex 44 -22 12
      vertex 37.653 -0.396856 12
    endloop
  endfacet
  facet normal 0 0 1
    outer loop
      vertex 34 42 12
      vertex 43.5106 35.0902 12
      vertex 43.2388 35.8268 12
    endloop
  endfacet
  facet normal -0 0 1
    outer loop
      vertex 37.5706 -0.650561 12
      vertex 44 -22 12
      vertex 37.6168 -0.525329 12
    endloop
  endfacet
  facet normal 0 0 1
    outer loop
      vertex 34 42 12
      vertex 43.2388 35.8268 12
      vertex 42.9101 36.5399 12
    endloop
  endfacet
  facet normal -0 0 1
    outer loop
      vertex 37.5147 -0.771784 12
      vertex 44 -22 12
      vertex 37.5706 -0.650561 12
    endloop
  endfacet
  facet normal 0 0 1
    outer loop
      vertex 34 42 12
      vertex 42.9101 36.5399 12
      vertex 42.5264 37.225 12
    endloop
  endfacet
  facet normal -0 0 1
    outer loop
      vertex 37.4495 -0.888247 12
      vertex 44 -22 12
      vertex 37.5147 -0.771784 12
    endloop
  endfacet
  facet normal 0 0 1
    outer loop
      vertex 34 42 12
      vertex 42.5264 37.225 12
      vertex 42.0902 37.8778 12
    endloop
  endfacet
  facet normal -0 0 1
    outer loop
      vertex 37.3753 -0.999234 12
      vertex 44 -22 12
      vertex 37.4495 -0.888247 12
    endloop
  endfacet
  facet normal 0 0 1
    outer loop
      vertex 34 42 12
      vertex 42.0902 37.8778 12
      vertex 41.604 38.4945 12
    endloop
  endfacet
  facet normal -0 0 1
    outer loop
      vertex 37.2927 -1.10406 12
      vertex 44 -22 12
      vertex 37.3753 -0.999234 12
    endloop
  endfacet
  facet normal 0 0 1
    outer loop
      vertex 34 42 12
      vertex 41.604 38.4945 12
      vertex 41.0711 39.0711 12
    endloop
  endfacet
  facet normal -0 0 1
    outer loop
      vertex 37.2021 -1.20208 12
      vertex 44 -22 12
      vertex 37.2927 -1.10406 12
    endloop
  endfacet
  facet normal 0 0 1
    outer loop
      vertex 34 42 12
      vertex 41.0711 39.0711 12
      vertex 40.4945 39.604 12
    endloop
  endfacet
  facet normal -0 0 1
    outer loop
      vertex 37.1041 -1.29269 12
      vertex 44 -22 12
      vertex 37.2021 -1.20208 12
    endloop
  endfacet
  facet normal 0 0 1
    outer loop
      vertex 34 42 12
      vertex 40.4945 39.604 12
      vertex 39.8778 40.0902 12
    endloop
  endfacet
  facet normal -0 0 1
    outer loop
      vertex 36.9992 -1.37533 12
      vertex 44 -22 12
      vertex 37.1041 -1.29269 12
    endloop
  endfacet
  facet normal 0 0 1
    outer loop
      vertex 34 42 12
      vertex 39.8778 40.0902 12
      vertex 39.225 40.5264 12
    endloop
  endfacet
  facet normal -0 0 1
    outer loop
      vertex 36.8882 -1.44949 12
      vertex 44 -22 12
      vertex 36.9992 -1.37533 12
    endloop
  endfacet
  facet normal 0 0 1
    outer loop
      vertex 34 42 12
      vertex 39.225 40.5264 12
      vertex 38.5399 40.9101 12
    endloop
  endfacet
  facet normal -0 0 1
    outer loop
      vertex 36.7718 -1.51471 12
      vertex 44 -22 12
      vertex 36.8882 -1.44949 12
    endloop
  endfacet
  facet normal 0 0 1
    outer loop
      vertex 34 42 12
      vertex 38.5399 40.9101 12
      vertex 37.8268 41.2388 12
    endloop
  endfacet
  facet normal -0 0 1
    outer loop
      vertex 36.6506 -1.57059 12
      vertex 44 -22 12
      vertex 36.7718 -1.51471 12
    endloop
  endfacet
  facet normal -0 0 1
    outer loop
      vertex 36.5253 -1.6168 12
      vertex 44 -22 12
      vertex 36.6506 -1.57059 12
    endloop
  endfacet
  facet normal 0 0 1
    outer loop
      vertex 44 22 12
      vertex 37.7 0 12
      vertex 44 -22 12
    endloop
  endfacet
  facet normal 0 0 1
    outer loop
      vertex 44 22 12
      vertex 37.6791 0.265938 12
      vertex 37.6948 0.13338 12
    endloop
  endfacet
  facet normal 0 0 1
    outer loop
      vertex 44 22 12
      vertex 37.653 0.396856 12
      vertex 37.6791 0.265938 12
    endloop
  endfacet
  facet normal 0 0 1
    outer loop
      vertex 44 22 12
      vertex 37.6168 0.525329 12
      vertex 37.653 0.396856 12
    endloop
  endfacet
  facet normal 0 0 1
    outer loop
      vertex 44 22 12
      vertex 37.5706 0.650561 12
      vertex 37.6168 0.525329 12
    endloop
  endfacet
  facet normal 0 0 1
    outer loop
      vertex 44 22 12
      vertex 37.5147 0.771784 12
      vertex 37.5706 0.650561 12
    endloop
  endfacet
  facet normal 0 0 1
    outer loop
      vertex 44 22 12
      vertex 37.4495 0.888247 12
      vertex 37.5147 0.771784 12
    endloop
  endfacet
  facet normal 0 0 1
    outer loop
      vertex 44 22 12
      vertex 37.3753 0.999234 12
      vertex 37.4495 0.888247 12
    endloop
  endfacet
  facet normal 0 0 1
    outer loop
      vertex 44 22 12
      vertex 37.2927 1.10406 12
      vertex 37.3753 0.999234 12
    endloop
  endfacet
  facet normal 0 0 1
    outer loop
      vertex 44 22 12
      vertex 37.2021 1.20208 12
      vertex 37.2927 1.10406 12
    endloop
  endfacet
  facet normal 0 0 1
    outer loop
      vertex 44 22 12
      vertex 37.1041 1.29269 12
      vertex 37.2021 1.20208 12
    endloop
  endfacet
  facet normal 0 0 1
    outer loop
      vertex 34 42 12
      vertex 37.8268 41.2388 12
      vertex 37.0902 41.5106 12
    endloop
  endfacet
  facet normal 0 0 1
    outer loop
      vertex 44 22 12
      vertex 36.9992 1.37533 12
      vertex 37.1041 1.29269 12
    endloop
  endfacet
  facet normal 0 0 1
    outer loop
      vertex 44 22 12
      vertex 36.8882 1.44949 12
      vertex 36.9992 1.37533 12
    endloop
  endfacet
  facet normal 0 0 1
    outer loop
      vertex 44 22 12
      vertex 27.5433 12.2961 12
      vertex 27.7063 11.8541 12
    endloop
  endfacet
  facet normal 0 0 1
    outer loop
      vertex 44 22 12
      vertex 36.7718 1.51471 12
      vertex 36.8882 1.44949 12
    endloop
  endfacet
  facet normal 0 -0 1
    outer loop
      vertex 27.8342 11.4007 12
      vertex 44 22 12
      vertex 27.7063 11.8541 12
    endloop
  endfacet
  facet normal 0 0 1
    outer loop
      vertex 44 22 12
      vertex 36.6506 1.57059 12
      vertex 36.7718 1.51471 12
    endloop
  endfacet
  facet normal 0 0 1
    outer loop
      vertex 34 42 12
      vertex 37.0902 41.5106 12
      vertex 36.3344 41.7237 12
    endloop
  endfacet
  facet normal 0 -0 1
    outer loop
      vertex 27.9261 10.9386 12
      vertex 44 22 12
      vertex 27.8342 11.4007 12
    endloop
  endfacet
  facet normal 0 0 1
    outer loop
      vertex 44 22 12
      vertex 36.5253 1.6168 12
      vertex 36.6506 1.57059 12
    endloop
  endfacet
  facet normal 0 -0 1
    outer loop
      vertex 36.3969 1.65303 12
      vertex 44 22 12
      vertex 27.9261 10.9386 12
    endloop
  endfacet
  facet normal 0 0 1
    outer loop
      vertex 44 22 12
      vertex 36.3969 1.65303 12
      vertex 36.5253 1.6168 12
    endloop
  endfacet
  facet normal 0 0 1
    outer loop
      vertex 36.3969 1.65303 12
      vertex 27.9261 10.9386 12
      vertex 36.2659 1.67907 12
    endloop
  endfacet
  facet normal -0 -0 1
    outer loop
      vertex 27.9815 10.4708 12
      vertex 36.2659 1.67907 12
      vertex 27.9261 10.9386 12
    endloop
  endfacet
  facet normal 0 0 1
    outer loop
      vertex 34 42 12
      vertex 36.3344 41.7237 12
      vertex 35.5643 41.8769 12
    endloop
  endfacet
  facet normal 0 0 1
    outer loop
      vertex 36.2659 1.67907 12
      vertex 27.9815 10.4708 12
      vertex 36.1334 1.69476 12
    endloop
  endfacet
  facet normal -0 -0 1
    outer loop
      vertex 28 10 12
      vertex 36.1334 1.69476 12
      vertex 27.9815 10.4708 12
    endloop
  endfacet
  facet normal 0 0 1
    outer loop
      vertex 36.1334 1.69476 12
      vertex 28 10 12
      vertex 36 1.7 12
    endloop
  endfacet
  facet normal -0 0 1
    outer loop
      vertex 27.9815 9.52925 12
      vertex 36 1.7 12
      vertex 28 10 12
    endloop
  endfacet
  facet normal 0 0 1
    outer loop
      vertex 36 1.7 12
      vertex 27.9815 9.52925 12
      vertex 35.8666 1.69476 12
    endloop
  endfacet
  facet normal -0 0 1
    outer loop
      vertex 27.9261 9.06139 12
      vertex 35.7341 1.67907 12
      vertex 27.9815 9.52925 12
    endloop
  endfacet
  facet normal 0 0 1
    outer loop
      vertex 35.7341 1.67907 12
      vertex 27.9261 9.06139 12
      vertex 35.6031 1.65303 12
    endloop
  endfacet
  facet normal 0 0 1
    outer loop
      vertex 34 42 12
      vertex 35.5643 41.8769 12
      vertex 34.7846 41.9692 12
    endloop
  endfacet
  facet normal -0 0 1
    outer loop
      vertex 27.8342 8.59933 12
      vertex 35.6031 1.65303 12
      vertex 27.9261 9.06139 12
    endloop
  endfacet
  facet normal 0 0 1
    outer loop
      vertex 35.6031 1.65303 12
      vertex 27.8342 8.59933 12
      vertex 35.4747 1.6168 12
    endloop
  endfacet
  facet normal 0 0 1
    outer loop
      vertex 35.4747 1.6168 12
      vertex 27.8342 8.59933 12
      vertex 35.3494 1.57059 12
    endloop
  endfacet
  facet normal -0 0 1
    outer loop
      vertex 27.7063 8.1459 12
      vertex 35.3494 1.57059 12
      vertex 27.8342 8.59933 12
    endloop
  endfacet
  facet normal 0 0 1
    outer loop
      vertex 35.3494 1.57059 12
      vertex 27.7063 8.1459 12
      vertex 35.2282 1.51471 12
    endloop
  endfacet
  facet normal 0 0 1
    outer loop
      vertex 35.2282 1.51471 12
      vertex 27.7063 8.1459 12
      vertex 35.1118 1.44949 12
    endloop
  endfacet
  facet normal -0 0 1
    outer loop
      vertex 27.5433 7.7039 12
      vertex 35.1118 1.44949 12
      vertex 27.7063 8.1459 12
    endloop
  endfacet
  facet normal 0 0 1
    outer loop
      vertex 35.1118 1.44949 12
      vertex 27.5433 7.7039 12
      vertex 35.0008 1.37533 12
    endloop
  endfacet
  facet normal -0 0 1
    outer loop
      vertex 27.346 7.27606 12
      vertex 35.0008 1.37533 12
      vertex 27.5433 7.7039 12
    endloop
  endfacet
  facet normal 0 0 1
    outer loop
      vertex 35.0008 1.37533 12
      vertex 27.346 7.27606 12
      vertex 34.8959 1.29269 12
    endloop
  endfacet
  facet normal 0 0 1
    outer loop
      vertex 44 32 12
      vertex 34 42 12
      vertex 24.7239 15.346 12
    endloop
  endfacet
  facet normal -0 0 1
    outer loop
      vertex 44 22 12
      vertex 180 -22 12
      vertex 180 22 12
    endloop
  endfacet
  facet normal 0 0 1
    outer loop
      vertex 180 -22 12
      vertex 44 22 12
      vertex 44 -22 12
    endloop
  endfacet
  facet normal -0 0 1
    outer loop
      vertex 36.3969 -1.65303 12
      vertex 44 -22 12
      vertex 36.5253 -1.6168 12
    endloop
  endfacet
  facet normal -0 0 1
    outer loop
      vertex 36.1334 -1.69476 12
      vertex 27.9815 -10.4708 12
      vertex 36.2659 -1.67907 12
    endloop
  endfacet
  facet normal 0 0 1
    outer loop
      vertex 27.9815 -10.4708 12
      vertex 36.1334 -1.69476 12
      vertex 28 -10 12
    endloop
  endfacet
  facet normal 0 0 1
    outer loop
      vertex 28 -10 12
      vertex 36.1334 -1.69476 12
      vertex 36 -1.7 12
    endloop
  endfacet
  facet normal 0 0 1
    outer loop
      vertex 28 -10 12
      vertex 36 -1.7 12
      vertex 35.8666 -1.69476 12
    endloop
  endfacet
  facet normal 0 0 1
    outer loop
      vertex 28 -10 12
      vertex 35.8666 -1.69476 12
      vertex 35.7341 -1.67907 12
    endloop
  endfacet
  facet normal 0 0 1
    outer loop
      vertex 28 -10 12
      vertex 35.7341 -1.67907 12
      vertex 35.6031 -1.65303 12
    endloop
  endfacet
  facet normal 0 0 1
    outer loop
      vertex 28 -10 12
      vertex 35.6031 -1.65303 12
      vertex 35.4747 -1.6168 12
    endloop
  endfacet
  facet normal 0 0 1
    outer loop
      vertex 28 -10 12
      vertex 35.4747 -1.6168 12
      vertex 35.3494 -1.57059 12
    endloop
  endfacet
  facet normal 0 0 1
    outer loop
      vertex 28 -10 12
      vertex 35.3494 -1.57059 12
      vertex 35.2282 -1.51471 12
    endloop
  endfacet
  facet normal 0 0 1
    outer loop
      vertex 28 -10 12
      vertex 35.2282 -1.51471 12
      vertex 35.1118 -1.44949 12
    endloop
  endfacet
  facet normal 0 0 1
    outer loop
      vertex 28 -10 12
      vertex 35.1118 -1.44949 12
      vertex 35.0008 -1.37533 12
    endloop
  endfacet
  facet normal 0 0 1
    outer loop
      vertex 44 -32 12
      vertex 34 -42 12
      vertex 43.9692 -32.7846 12
    endloop
  endfacet
  facet normal 0 0 1
    outer loop
      vertex 43.9692 -32.7846 12
      vertex 34 -42 12
      vertex 43.8769 -33.5643 12
    endloop
  endfacet
  facet normal 0 0 1
    outer loop
      vertex 43.7237 -34.3344 12
      vertex 34 -42 12
      vertex 43.5106 -35.0902 12
    endloop
  endfacet
  facet normal 0 0 1
    outer loop
      vertex 43.5106 -35.0902 12
      vertex 34 -42 12
      vertex 43.2388 -35.8268 12
    endloop
  endfacet
  facet normal 0 0 1
    outer loop
      vertex 42.9101 -36.5399 12
      vertex 34 -42 12
      vertex 42.5264 -37.225 12
    endloop
  endfacet
  facet normal 0 0 1
    outer loop
      vertex 42.5264 -37.225 12
      vertex 34 -42 12
      vertex 42.0902 -37.8778 12
    endloop
  endfacet
  facet normal 0 0 1
    outer loop
      vertex 41.604 -38.4945 12
      vertex 34 -42 12
      vertex 41.0711 -39.0711 12
    endloop
  endfacet
  facet normal 0 0 1
    outer loop
      vertex 41.0711 -39.0711 12
      vertex 34 -42 12
      vertex 40.4945 -39.604 12
    endloop
  endfacet
  facet normal 0 0 1
    outer loop
      vertex 40.4945 -39.604 12
      vertex 34 -42 12
      vertex 39.8778 -40.0902 12
    endloop
  endfacet
  facet normal 0 0 1
    outer loop
      vertex 39.225 -40.5264 12
      vertex 34 -42 12
      vertex 38.5399 -40.9101 12
    endloop
  endfacet
  facet normal 0 0 1
    outer loop
      vertex 38.5399 -40.9101 12
      vertex 34 -42 12
      vertex 37.8268 -41.2388 12
    endloop
  endfacet
  facet normal 0 0 1
    outer loop
      vertex 37.8268 -41.2388 12
      vertex 34 -42 12
      vertex 37.0902 -41.5106 12
    endloop
  endfacet
  facet normal 0 0 1
    outer loop
      vertex 39.8778 -40.0902 12
      vertex 34 -42 12
      vertex 39.225 -40.5264 12
    endloop
  endfacet
  facet normal 0 0 1
    outer loop
      vertex 37.0902 -41.5106 12
      vertex 34 -42 12
      vertex 36.3344 -41.7237 12
    endloop
  endfacet
  facet normal 0 0 1
    outer loop
      vertex 42.0902 -37.8778 12
      vertex 34 -42 12
      vertex 41.604 -38.4945 12
    endloop
  endfacet
  facet normal 0 0 1
    outer loop
      vertex 43.2388 -35.8268 12
      vertex 34 -42 12
      vertex 42.9101 -36.5399 12
    endloop
  endfacet
  facet normal 0 0 1
    outer loop
      vertex 43.8769 -33.5643 12
      vertex 34 -42 12
      vertex 43.7237 -34.3344 12
    endloop
  endfacet
  facet normal 0 0 1
    outer loop
      vertex 44 -22 12
      vertex 34 -42 12
      vertex 44 -32 12
    endloop
  endfacet
  facet normal 0 0 1
    outer loop
      vertex 28 -10 12
      vertex 35.0008 -1.37533 12
      vertex 34.8959 -1.29269 12
    endloop
  endfacet
  facet normal -0 0 1
    outer loop
      vertex 36.2659 -1.67907 12
      vertex 27.9815 -10.4708 12
      vertex 36.3969 -1.65303 12
    endloop
  endfacet
  facet normal 0 0 1
    outer loop
      vertex 28 -10 12
      vertex 34.8959 -1.29269 12
      vertex 34.7979 -1.20208 12
    endloop
  endfacet
  facet normal 0 0 1
    outer loop
      vertex 36.3344 -41.7237 12
      vertex 34 -42 12
      vertex 35.5643 -41.8769 12
    endloop
  endfacet
  facet normal 0 0 1
    outer loop
      vertex 28 -10 12
      vertex 34.7979 -1.20208 12
      vertex 34.7073 -1.10406 12
    endloop
  endfacet
  facet normal 0 0 1
    outer loop
      vertex 28 -10 12
      vertex 34.7073 -1.10406 12
      vertex 34.6247 -0.999234 12
    endloop
  endfacet
  facet normal 0 0 1
    outer loop
      vertex 28 -10 12
      vertex 34.6247 -0.999234 12
      vertex 34.5505 -0.888247 12
    endloop
  endfacet
  facet normal 0 0 1
    outer loop
      vertex 28 -10 12
      vertex 34.5505 -0.888247 12
      vertex 34.4853 -0.771784 12
    endloop
  endfacet
  facet normal 0 0 1
    outer loop
      vertex 28 -10 12
      vertex 34.4853 -0.771784 12
      vertex 34.4294 -0.650561 12
    endloop
  endfacet
  facet normal 0 0 1
    outer loop
      vertex 34.347 -0.396856 12
      vertex 28 -10 12
      vertex 34.3832 -0.525329 12
    endloop
  endfacet
  facet normal 0 0 1
    outer loop
      vertex 34.3209 -0.265938 12
      vertex 28 -10 12
      vertex 34.347 -0.396856 12
    endloop
  endfacet
  facet normal 0 0 1
    outer loop
      vertex 34.3052 -0.13338 12
      vertex 28 -10 12
      vertex 34.3209 -0.265938 12
    endloop
  endfacet
  facet normal 0 0 1
    outer loop
      vertex 34.3 0 12
      vertex 28 -10 12
      vertex 34.3052 -0.13338 12
    endloop
  endfacet
  facet normal 0 0 1
    outer loop
      vertex 34.6247 0.999234 12
      vertex 26.8541 6.47329 12
      vertex 34.5505 0.888247 12
    endloop
  endfacet
  facet normal 0 0 1
    outer loop
      vertex 35.5643 -41.8769 12
      vertex 34 -42 12
      vertex 34.7846 -41.9692 12
    endloop
  endfacet
  facet normal 0 0 1
    outer loop
      vertex 34.8959 1.29269 12
      vertex 27.346 7.27606 12
      vertex 34.7979 1.20208 12
    endloop
  endfacet
  facet normal 0 0 1
    outer loop
      vertex 34.3832 -0.525329 12
      vertex 28 -10 12
      vertex 34.4294 -0.650561 12
    endloop
  endfacet
  facet normal -0 0 1
    outer loop
      vertex 26.8541 6.47329 12
      vertex 34.6247 0.999234 12
      vertex 27.1158 6.86501 12
    endloop
  endfacet
  facet normal 0 0 1
    outer loop
      vertex 34.7073 1.10406 12
      vertex 27.1158 6.86501 12
      vertex 34.6247 0.999234 12
    endloop
  endfacet
  facet normal 0 0 1
    outer loop
      vertex 34.7979 1.20208 12
      vertex 27.1158 6.86501 12
      vertex 34.7073 1.10406 12
    endloop
  endfacet
  facet normal -0 0 1
    outer loop
      vertex 27.1158 6.86501 12
      vertex 34.7979 1.20208 12
      vertex 27.346 7.27606 12
    endloop
  endfacet
  facet normal 0 0 1
    outer loop
      vertex 35.8666 1.69476 12
      vertex 27.9815 9.52925 12
      vertex 35.7341 1.67907 12
    endloop
  endfacet
  facet normal 0 0 1
    outer loop
      vertex 44 22 12
      vertex 27.346 12.7239 12
      vertex 27.5433 12.2961 12
    endloop
  endfacet
  facet normal 0 0 1
    outer loop
      vertex 44 22 12
      vertex 27.1158 13.135 12
      vertex 27.346 12.7239 12
    endloop
  endfacet
  facet normal 0 0 1
    outer loop
      vertex 44 22 12
      vertex 26.8541 13.5267 12
      vertex 27.1158 13.135 12
    endloop
  endfacet
  facet normal 0 0 1
    outer loop
      vertex 44 22 12
      vertex 26.5624 13.8967 12
      vertex 26.8541 13.5267 12
    endloop
  endfacet
  facet normal 0 0 1
    outer loop
      vertex 44 22 12
      vertex 26.2426 14.2426 12
      vertex 26.5624 13.8967 12
    endloop
  endfacet
  facet normal 0 0 1
    outer loop
      vertex 44 22 12
      vertex 25.8967 14.5624 12
      vertex 26.2426 14.2426 12
    endloop
  endfacet
  facet normal 0 0 1
    outer loop
      vertex 44 22 12
      vertex 25.5267 14.8541 12
      vertex 25.8967 14.5624 12
    endloop
  endfacet
  facet normal 0 0 1
    outer loop
      vertex 44 22 12
      vertex 25.135 15.1158 12
      vertex 25.5267 14.8541 12
    endloop
  endfacet
  facet normal 0 0 1
    outer loop
      vertex 44 32 12
      vertex 24.7239 15.346 12
      vertex 25.135 15.1158 12
    endloop
  endfacet
  facet normal 0 0 1
    outer loop
      vertex 34 42 12
      vertex 24.2961 15.5433 12
      vertex 24.7239 15.346 12
    endloop
  endfacet
  facet normal 0 0 1
    outer loop
      vertex 34 42 12
      vertex 23.8541 15.7063 12
      vertex 24.2961 15.5433 12
    endloop
  endfacet
  facet normal 0 0 1
    outer loop
      vertex 34 42 12
      vertex 23.4007 15.8342 12
      vertex 23.8541 15.7063 12
    endloop
  endfacet
  facet normal 0 0 1
    outer loop
      vertex 34 42 12
      vertex 22.9386 15.9261 12
      vertex 23.4007 15.8342 12
    endloop
  endfacet
  facet normal 0 0 1
    outer loop
      vertex 34 42 12
      vertex 22.4708 15.9815 12
      vertex 22.9386 15.9261 12
    endloop
  endfacet
  facet normal 0 0 1
    outer loop
      vertex 34 42 12
      vertex 22 16 12
      vertex 22.4708 15.9815 12
    endloop
  endfacet
  facet normal -0 0 1
    outer loop
      vertex 10 42 12
      vertex 22 16 12
      vertex 34 42 12
    endloop
  endfacet
  facet normal 0 0 1
    outer loop
      vertex 22 16 12
      vertex 10 42 12
      vertex 21.5292 15.9815 12
    endloop
  endfacet
  facet normal 0 0 1
    outer loop
      vertex 21.5292 15.9815 12
      vertex 10 42 12
      vertex 21.0614 15.9261 12
    endloop
  endfacet
  facet normal 0 0 1
    outer loop
      vertex 21.0614 15.9261 12
      vertex 10 42 12
      vertex 20.5993 15.8342 12
    endloop
  endfacet
  facet normal 0 0 1
    outer loop
      vertex 20.5993 15.8342 12
      vertex 10 42 12
      vertex 20.1459 15.7063 12
    endloop
  endfacet
  facet normal 0 0 1
    outer loop
      vertex 20.1459 15.7063 12
      vertex 10 42 12
      vertex 19.7039 15.5433 12
    endloop
  endfacet
  facet normal 0 0 1
    outer loop
      vertex 19.7039 15.5433 12
      vertex 10 42 12
      vertex 19.2761 15.346 12
    endloop
  endfacet
  facet normal 0 0 1
    outer loop
      vertex 19.2761 15.346 12
      vertex 10 42 12
      vertex 18.865 15.1158 12
    endloop
  endfacet
  facet normal 0 0 1
    outer loop
      vertex 18.865 15.1158 12
      vertex 10 42 12
      vertex 18.4733 14.8541 12
    endloop
  endfacet
  facet normal 0 0 1
    outer loop
      vertex 18.4733 14.8541 12
      vertex 10 42 12
      vertex 18.1033 14.5624 12
    endloop
  endfacet
  facet normal 0 0 1
    outer loop
      vertex 18.1033 14.5624 12
      vertex 10 42 12
      vertex 17.7574 14.2426 12
    endloop
  endfacet
  facet normal 0 0 1
    outer loop
      vertex 17.7574 14.2426 12
      vertex 10 42 12
      vertex 17.4376 13.8967 12
    endloop
  endfacet
  facet normal 0 0 1
    outer loop
      vertex 17.4376 13.8967 12
      vertex 10 42 12
      vertex 17.1459 13.5267 12
    endloop
  endfacet
  facet normal 0 0 1
    outer loop
      vertex 16.0185 10.4708 12
      vertex 9.57059 0.650561 12
      vertex 16 10 12
    endloop
  endfacet
  facet normal 0 0 1
    outer loop
      vertex 16.0739 10.9386 12
      vertex 9.57059 0.650561 12
      vertex 16.0185 10.4708 12
    endloop
  endfacet
  facet normal 0 0 1
    outer loop
      vertex 16.1658 11.4007 12
      vertex 9.57059 0.650561 12
      vertex 16.0739 10.9386 12
    endloop
  endfacet
  facet normal 0 0 1
    outer loop
      vertex 16.2937 11.8541 12
      vertex 9.57059 0.650561 12
      vertex 16.1658 11.4007 12
    endloop
  endfacet
  facet normal 0 0 1
    outer loop
      vertex 9.57059 0.650561 12
      vertex 16.2937 11.8541 12
      vertex 10 42 12
    endloop
  endfacet
  facet normal 0 0 1
    outer loop
      vertex 16.4567 12.2961 12
      vertex 10 42 12
      vertex 16.2937 11.8541 12
    endloop
  endfacet
  facet normal 0 0 1
    outer loop
      vertex 16.654 12.7239 12
      vertex 10 42 12
      vertex 16.4567 12.2961 12
    endloop
  endfacet
  facet normal 0 0 1
    outer loop
      vertex 16.8842 13.135 12
      vertex 10 42 12
      vertex 16.654 12.7239 12
    endloop
  endfacet
  facet normal 0 0 1
    outer loop
      vertex 17.1459 13.5267 12
      vertex 10 42 12
      vertex 16.8842 13.135 12
    endloop
  endfacet
  facet normal -0 0 1
    outer loop
      vertex 188.705 30.955 12
      vertex 194 10 12
      vertex 194 36 12
    endloop
  endfacet
  facet normal -0 0 1
    outer loop
      vertex 188.414 30.5858 12
      vertex 194 10 12
      vertex 188.521 30.7011 12
    endloop
  endfacet
  facet normal 0 0 1
    outer loop
      vertex 188.299 33.5208 12
      vertex 194 36 12
      vertex 193.981 36.4707 12
    endloop
  endfacet
  facet normal -0 0 1
    outer loop
      vertex 188.299 30.4792 12
      vertex 194 10 12
      vertex 188.414 30.5858 12
    endloop
  endfacet
  facet normal 0 0 1
    outer loop
      vertex 188.299 33.5208 12
      vertex 193.981 36.4707 12
      vertex 193.926 36.9386 12
    endloop
  endfacet
  facet normal 0 0 1
    outer loop
      vertex 194 10 12
      vertex 188.618 30.8244 12
      vertex 188.521 30.7011 12
    endloop
  endfacet
  facet normal 0 0 1
    outer loop
      vertex 188.176 33.618 12
      vertex 193.926 36.9386 12
      vertex 193.834 37.4007 12
    endloop
  endfacet
  facet normal 0 0 1
    outer loop
      vertex 194 10 12
      vertex 188.705 30.955 12
      vertex 188.618 30.8244 12
    endloop
  endfacet
  facet normal 0 0 1
    outer loop
      vertex 188.176 33.618 12
      vertex 193.834 37.4007 12
      vertex 193.706 37.8541 12
    endloop
  endfacet
  facet normal -0 0 1
    outer loop
      vertex 188.176 30.382 12
      vertex 194 10 12
      vertex 188.299 30.4792 12
    endloop
  endfacet
  facet normal 0 0 1
    outer loop
      vertex 188.045 33.7053 12
      vertex 193.706 37.8541 12
      vertex 193.543 38.2961 12
    endloop
  endfacet
  facet normal 0 0 1
    outer loop
      vertex 194 36 12
      vertex 188.782 31.092 12
      vertex 188.705 30.955 12
    endloop
  endfacet
  facet normal 0 0 1
    outer loop
      vertex 188.045 33.7053 12
      vertex 193.543 38.2961 12
      vertex 193.346 38.7239 12
    endloop
  endfacet
  facet normal -0 0 1
    outer loop
      vertex 188.045 30.2947 12
      vertex 194 10 12
      vertex 188.176 30.382 12
    endloop
  endfacet
  facet normal 0 0 1
    outer loop
      vertex 188.045 33.7053 12
      vertex 193.346 38.7239 12
      vertex 193.116 39.135 12
    endloop
  endfacet
  facet normal 0 0 1
    outer loop
      vertex 194 36 12
      vertex 188.848 31.2346 12
      vertex 188.782 31.092 12
    endloop
  endfacet
  facet normal 0 0 1
    outer loop
      vertex 187.908 33.782 12
      vertex 193.116 39.135 12
      vertex 192.854 39.5267 12
    endloop
  endfacet
  facet normal 0 0 1
    outer loop
      vertex 194 -10 12
      vertex 180 -22 12
      vertex 194 -36 12
    endloop
  endfacet
  facet normal 0 0 1
    outer loop
      vertex 187.908 33.782 12
      vertex 192.854 39.5267 12
      vertex 192.562 39.8967 12
    endloop
  endfacet
  facet normal 0 0 1
    outer loop
      vertex 194 36 12
      vertex 188.902 31.382 12
      vertex 188.848 31.2346 12
    endloop
  endfacet
  facet normal 0 0 1
    outer loop
      vertex 187.908 33.782 12
      vertex 192.562 39.8967 12
      vertex 192.243 40.2426 12
    endloop
  endfacet
  facet normal 0 -0 1
    outer loop
      vertex 188 -42 12
      vertex 194 -36 12
      vertex 180 -36 12
    endloop
  endfacet
  facet normal 0 0 1
    outer loop
      vertex 187.765 33.8478 12
      vertex 192.243 40.2426 12
      vertex 191.897 40.5624 12
    endloop
  endfacet
  facet normal 0 0 1
    outer loop
      vertex 194 36 12
      vertex 188.945 31.5331 12
      vertex 188.902 31.382 12
    endloop
  endfacet
  facet normal 0 0 1
    outer loop
      vertex 187.765 33.8478 12
      vertex 191.897 40.5624 12
      vertex 191.527 40.8541 12
    endloop
  endfacet
  facet normal 0 0 1
    outer loop
      vertex 194 -36 12
      vertex 188 -42 12
      vertex 193.981 -36.4707 12
    endloop
  endfacet
  facet normal 0 0 1
    outer loop
      vertex 187.765 33.8478 12
      vertex 191.527 40.8541 12
      vertex 191.135 41.1158 12
    endloop
  endfacet
  facet normal 0 0 1
    outer loop
      vertex 194 36 12
      vertex 188.975 31.6871 12
      vertex 188.945 31.5331 12
    endloop
  endfacet
  facet normal 0 0 1
    outer loop
      vertex 187.618 33.9021 12
      vertex 191.135 41.1158 12
      vertex 190.724 41.346 12
    endloop
  endfacet
  facet normal 0 0 1
    outer loop
      vertex 193.981 -36.4707 12
      vertex 188 -42 12
      vertex 193.926 -36.9386 12
    endloop
  endfacet
  facet normal 0 0 1
    outer loop
      vertex 187.618 33.9021 12
      vertex 190.724 41.346 12
      vertex 190.296 41.5433 12
    endloop
  endfacet
  facet normal 0 0 1
    outer loop
      vertex 194 36 12
      vertex 188.994 31.8431 12
      vertex 188.975 31.6871 12
    endloop
  endfacet
  facet normal 0 0 1
    outer loop
      vertex 187.618 33.9021 12
      vertex 190.296 41.5433 12
      vertex 189.854 41.7063 12
    endloop
  endfacet
  facet normal 0 0 1
    outer loop
      vertex 193.926 -36.9386 12
      vertex 188 -42 12
      vertex 193.834 -37.4007 12
    endloop
  endfacet
  facet normal 0 0 1
    outer loop
      vertex 187.467 33.9447 12
      vertex 189.854 41.7063 12
      vertex 189.401 41.8342 12
    endloop
  endfacet
  facet normal 0 0 1
    outer loop
      vertex 194 36 12
      vertex 189 32 12
      vertex 188.994 31.8431 12
    endloop
  endfacet
  facet normal 0 0 1
    outer loop
      vertex 193.706 -37.8541 12
      vertex 188 -42 12
      vertex 193.543 -38.2961 12
    endloop
  endfacet
  facet normal 0 0 1
    outer loop
      vertex 194 36 12
      vertex 188.994 32.1569 12
      vertex 189 32 12
    endloop
  endfacet
  facet normal 0 0 1
    outer loop
      vertex 194 36 12
      vertex 188.975 32.3129 12
      vertex 188.994 32.1569 12
    endloop
  endfacet
  facet normal 0 0 1
    outer loop
      vertex 194 36 12
      vertex 188.945 32.4669 12
      vertex 188.975 32.3129 12
    endloop
  endfacet
  facet normal 0 0 1
    outer loop
      vertex 187.467 33.9447 12
      vertex 189.401 41.8342 12
      vertex 188.939 41.9261 12
    endloop
  endfacet
  facet normal 0 0 1
    outer loop
      vertex 194 36 12
      vertex 188.902 32.618 12
      vertex 188.945 32.4669 12
    endloop
  endfacet
  facet normal 0 0 1
    outer loop
      vertex 194 36 12
      vertex 188.848 32.7654 12
      vertex 188.902 32.618 12
    endloop
  endfacet
  facet normal 0 0 1
    outer loop
      vertex 194 36 12
      vertex 188.782 32.908 12
      vertex 188.848 32.7654 12
    endloop
  endfacet
  facet normal 0 0 1
    outer loop
      vertex 194 36 12
      vertex 188.705 33.045 12
      vertex 188.782 32.908 12
    endloop
  endfacet
  facet normal 0 0 1
    outer loop
      vertex 194 36 12
      vertex 188.618 33.1756 12
      vertex 188.705 33.045 12
    endloop
  endfacet
  facet normal 0 0 1
    outer loop
      vertex 194 36 12
      vertex 188.521 33.2989 12
      vertex 188.618 33.1756 12
    endloop
  endfacet
  facet normal 0 0 1
    outer loop
      vertex 187.467 33.9447 12
      vertex 188.939 41.9261 12
      vertex 188.471 41.9815 12
    endloop
  endfacet
  facet normal 0 0 1
    outer loop
      vertex 194 36 12
      vertex 188.414 33.4142 12
      vertex 188.521 33.2989 12
    endloop
  endfacet
  facet normal 0 0 1
    outer loop
      vertex 194 36 12
      vertex 188.299 33.5208 12
      vertex 188.414 33.4142 12
    endloop
  endfacet
  facet normal 0 0 1
    outer loop
      vertex 193.926 36.9386 12
      vertex 188.176 33.618 12
      vertex 188.299 33.5208 12
    endloop
  endfacet
  facet normal 0 0 1
    outer loop
      vertex 193.706 37.8541 12
      vertex 188.045 33.7053 12
      vertex 188.176 33.618 12
    endloop
  endfacet
  facet normal 0 0 1
    outer loop
      vertex 187.313 33.9754 12
      vertex 188.471 41.9815 12
      vertex 188 42 12
    endloop
  endfacet
  facet normal 0 0 1
    outer loop
      vertex 193.116 39.135 12
      vertex 187.908 33.782 12
      vertex 188.045 33.7053 12
    endloop
  endfacet
  facet normal 0 0 1
    outer loop
      vertex 192.243 40.2426 12
      vertex 187.765 33.8478 12
      vertex 187.908 33.782 12
    endloop
  endfacet
  facet normal 0 0 1
    outer loop
      vertex 191.135 41.1158 12
      vertex 187.618 33.9021 12
      vertex 187.765 33.8478 12
    endloop
  endfacet
  facet normal 0 0 1
    outer loop
      vertex 189.854 41.7063 12
      vertex 187.467 33.9447 12
      vertex 187.618 33.9021 12
    endloop
  endfacet
  facet normal 0 0 1
    outer loop
      vertex 188.471 41.9815 12
      vertex 187.313 33.9754 12
      vertex 187.467 33.9447 12
    endloop
  endfacet
  facet normal 0 0 1
    outer loop
      vertex 188 42 12
      vertex 187.157 33.9938 12
      vertex 187.313 33.9754 12
    endloop
  endfacet
  facet normal 0 0 1
    outer loop
      vertex 188 42 12
      vertex 187 34 12
      vertex 187.157 33.9938 12
    endloop
  endfacet
  facet normal -0 0 1
    outer loop
      vertex 186 42 12
      vertex 187 34 12
      vertex 188 42 12
    endloop
  endfacet
  facet normal 0 0 1
    outer loop
      vertex 187 34 12
      vertex 186 42 12
      vertex 186.843 33.9938 12
    endloop
  endfacet
  facet normal 0 0 1
    outer loop
      vertex 186.843 33.9938 12
      vertex 186 42 12
      vertex 186.687 33.9754 12
    endloop
  endfacet
  facet normal -0 0 1
    outer loop
      vertex 185.529 41.9815 12
      vertex 186.687 33.9754 12
      vertex 186 42 12
    endloop
  endfacet
  facet normal 0 0 1
    outer loop
      vertex 186.687 33.9754 12
      vertex 185.529 41.9815 12
      vertex 186.533 33.9447 12
    endloop
  endfacet
  facet normal -0 0 1
    outer loop
      vertex 185.061 41.9261 12
      vertex 186.533 33.9447 12
      vertex 185.529 41.9815 12
    endloop
  endfacet
  facet normal -0 0 1
    outer loop
      vertex 184.599 41.8342 12
      vertex 186.533 33.9447 12
      vertex 185.061 41.9261 12
    endloop
  endfacet
  facet normal -0 0 1
    outer loop
      vertex 184.146 41.7063 12
      vertex 186.533 33.9447 12
      vertex 184.599 41.8342 12
    endloop
  endfacet
  facet normal 0 0 1
    outer loop
      vertex 186.533 33.9447 12
      vertex 184.146 41.7063 12
      vertex 186.382 33.9021 12
    endloop
  endfacet
  facet normal -0 0 1
    outer loop
      vertex 183.704 41.5433 12
      vertex 186.382 33.9021 12
      vertex 184.146 41.7063 12
    endloop
  endfacet
  facet normal -0 0 1
    outer loop
      vertex 183.276 41.346 12
      vertex 186.382 33.9021 12
      vertex 183.704 41.5433 12
    endloop
  endfacet
  facet normal -0 0 1
    outer loop
      vertex 182.865 41.1158 12
      vertex 186.382 33.9021 12
      vertex 183.276 41.346 12
    endloop
  endfacet
  facet normal 0 0 1
    outer loop
      vertex 186.382 33.9021 12
      vertex 182.865 41.1158 12
      vertex 186.235 33.8478 12
    endloop
  endfacet
  facet normal -0 0 1
    outer loop
      vertex 182.473 40.8541 12
      vertex 186.235 33.8478 12
      vertex 182.865 41.1158 12
    endloop
  endfacet
  facet normal -0 0 1
    outer loop
      vertex 182.103 40.5624 12
      vertex 186.235 33.8478 12
      vertex 182.473 40.8541 12
    endloop
  endfacet
  facet normal -0 0 1
    outer loop
      vertex 181.757 40.2426 12
      vertex 186.235 33.8478 12
      vertex 182.103 40.5624 12
    endloop
  endfacet
  facet normal 0 0 1
    outer loop
      vertex 186.235 33.8478 12
      vertex 181.757 40.2426 12
      vertex 186.092 33.782 12
    endloop
  endfacet
  facet normal -0 0 1
    outer loop
      vertex 181.438 39.8967 12
      vertex 186.092 33.782 12
      vertex 181.757 40.2426 12
    endloop
  endfacet
  facet normal -0 0 1
    outer loop
      vertex 181.146 39.5267 12
      vertex 186.092 33.782 12
      vertex 181.438 39.8967 12
    endloop
  endfacet
  facet normal -0 0 1
    outer loop
      vertex 180.884 39.135 12
      vertex 186.092 33.782 12
      vertex 181.146 39.5267 12
    endloop
  endfacet
  facet normal 0 0 1
    outer loop
      vertex 186.092 33.782 12
      vertex 180.884 39.135 12
      vertex 185.955 33.7053 12
    endloop
  endfacet
  facet normal -0 0 1
    outer loop
      vertex 180.654 38.7239 12
      vertex 185.955 33.7053 12
      vertex 180.884 39.135 12
    endloop
  endfacet
  facet normal -0 0 1
    outer loop
      vertex 180.457 38.2961 12
      vertex 185.955 33.7053 12
      vertex 180.654 38.7239 12
    endloop
  endfacet
  facet normal -0 0 1
    outer loop
      vertex 180.294 37.8541 12
      vertex 185.955 33.7053 12
      vertex 180.457 38.2961 12
    endloop
  endfacet
  facet normal 0 0 1
    outer loop
      vertex 193.543 -38.2961 12
      vertex 188 -42 12
      vertex 193.346 -38.7239 12
    endloop
  endfacet
  facet normal 0 0 1
    outer loop
      vertex 193.346 -38.7239 12
      vertex 188 -42 12
      vertex 193.116 -39.135 12
    endloop
  endfacet
  facet normal 0 0 1
    outer loop
      vertex 193.116 -39.135 12
      vertex 188 -42 12
      vertex 192.854 -39.5267 12
    endloop
  endfacet
  facet normal 0 0 1
    outer loop
      vertex 192.562 -39.8967 12
      vertex 188 -42 12
      vertex 192.243 -40.2426 12
    endloop
  endfacet
  facet normal 0 0 1
    outer loop
      vertex 192.243 -40.2426 12
      vertex 188 -42 12
      vertex 191.897 -40.5624 12
    endloop
  endfacet
  facet normal 0 0 1
    outer loop
      vertex 191.897 -40.5624 12
      vertex 188 -42 12
      vertex 191.527 -40.8541 12
    endloop
  endfacet
  facet normal 0 0 1
    outer loop
      vertex 191.527 -40.8541 12
      vertex 188 -42 12
      vertex 191.135 -41.1158 12
    endloop
  endfacet
  facet normal 0 0 1
    outer loop
      vertex 191.135 -41.1158 12
      vertex 188 -42 12
      vertex 190.724 -41.346 12
    endloop
  endfacet
  facet normal 0 0 1
    outer loop
      vertex 190.724 -41.346 12
      vertex 188 -42 12
      vertex 190.296 -41.5433 12
    endloop
  endfacet
  facet normal 0 0 1
    outer loop
      vertex 192.854 -39.5267 12
      vertex 188 -42 12
      vertex 192.562 -39.8967 12
    endloop
  endfacet
  facet normal 0 0 1
    outer loop
      vertex 190.296 -41.5433 12
      vertex 188 -42 12
      vertex 189.854 -41.7063 12
    endloop
  endfacet
  facet normal 0 0 1
    outer loop
      vertex 193.834 -37.4007 12
      vertex 188 -42 12
      vertex 193.706 -37.8541 12
    endloop
  endfacet
  facet normal 0 0 1
    outer loop
      vertex 180 -36 12
      vertex 194 -36 12
      vertex 180 -22 12
    endloop
  endfacet
  facet normal -0 0 1
    outer loop
      vertex 187.908 30.218 12
      vertex 194 10 12
      vertex 188.045 30.2947 12
    endloop
  endfacet
  facet normal 0 0 1
    outer loop
      vertex 194 10 12
      vertex 180 22 12
      vertex 194 -10 12
    endloop
  endfacet
  facet normal 0 0 1
    outer loop
      vertex 189.854 -41.7063 12
      vertex 188 -42 12
      vertex 189.401 -41.8342 12
    endloop
  endfacet
  facet normal -0 0 1
    outer loop
      vertex 187.765 30.1522 12
      vertex 194 10 12
      vertex 187.908 30.218 12
    endloop
  endfacet
  facet normal -0 0 1
    outer loop
      vertex 187.618 30.0979 12
      vertex 194 10 12
      vertex 187.765 30.1522 12
    endloop
  endfacet
  facet normal 0 0 1
    outer loop
      vertex 194 10 12
      vertex 187.618 30.0979 12
      vertex 180 22 12
    endloop
  endfacet
  facet normal 0 0 1
    outer loop
      vertex 180 22 12
      vertex 187.618 30.0979 12
      vertex 187.467 30.0553 12
    endloop
  endfacet
  facet normal 0 0 1
    outer loop
      vertex 180 22 12
      vertex 187.467 30.0553 12
      vertex 187.313 30.0246 12
    endloop
  endfacet
  facet normal 0 0 1
    outer loop
      vertex 180 22 12
      vertex 187.313 30.0246 12
      vertex 187.157 30.0062 12
    endloop
  endfacet
  facet normal 0 0 1
    outer loop
      vertex 180 22 12
      vertex 187.157 30.0062 12
      vertex 187 30 12
    endloop
  endfacet
  facet normal 0 0 1
    outer loop
      vertex 180 22 12
      vertex 187 30 12
      vertex 186.843 30.0062 12
    endloop
  endfacet
  facet normal 0 0 1
    outer loop
      vertex 180 22 12
      vertex 186.843 30.0062 12
      vertex 186.687 30.0246 12
    endloop
  endfacet
  facet normal 0 0 1
    outer loop
      vertex 180 22 12
      vertex 186.687 30.0246 12
      vertex 186.533 30.0553 12
    endloop
  endfacet
  facet normal 0 0 1
    outer loop
      vertex 180 22 12
      vertex 186.533 30.0553 12
      vertex 186.382 30.0979 12
    endloop
  endfacet
  facet normal 0 0 1
    outer loop
      vertex 180 22 12
      vertex 186.382 30.0979 12
      vertex 186.235 30.1522 12
    endloop
  endfacet
  facet normal 0 0 1
    outer loop
      vertex 180 22 12
      vertex 186.235 30.1522 12
      vertex 186.092 30.218 12
    endloop
  endfacet
  facet normal 0 0 1
    outer loop
      vertex 189.401 -41.8342 12
      vertex 188 -42 12
      vertex 188.939 -41.9261 12
    endloop
  endfacet
  facet normal 0 0 1
    outer loop
      vertex 180 22 12
      vertex 186.092 30.218 12
      vertex 185.955 30.2947 12
    endloop
  endfacet
  facet normal 0 0 1
    outer loop
      vertex 180 22 12
      vertex 185.955 30.2947 12
      vertex 185.824 30.382 12
    endloop
  endfacet
  facet normal 0 0 1
    outer loop
      vertex 180 22 12
      vertex 185.824 30.382 12
      vertex 185.701 30.4792 12
    endloop
  endfacet
  facet normal 0 0 1
    outer loop
      vertex 180 22 12
      vertex 185.701 30.4792 12
      vertex 185.586 30.5858 12
    endloop
  endfacet
  facet normal 0 0 1
    outer loop
      vertex 188.939 -41.9261 12
      vertex 188 -42 12
      vertex 188.471 -41.9815 12
    endloop
  endfacet
  facet normal 0 0 1
    outer loop
      vertex 180 22 12
      vertex 185.586 30.5858 12
      vertex 185.479 30.7011 12
    endloop
  endfacet
  facet normal 0 0 1
    outer loop
      vertex 180 22 12
      vertex 185.479 30.7011 12
      vertex 185.382 30.8244 12
    endloop
  endfacet
  facet normal 0 0 1
    outer loop
      vertex 180 22 12
      vertex 185.382 30.8244 12
      vertex 185.295 30.955 12
    endloop
  endfacet
  facet normal 0 0 1
    outer loop
      vertex 180 22 12
      vertex 185.295 30.955 12
      vertex 185.218 31.092 12
    endloop
  endfacet
  facet normal 0 0 1
    outer loop
      vertex 180 22 12
      vertex 185.218 31.092 12
      vertex 185.152 31.2346 12
    endloop
  endfacet
  facet normal 0 0 1
    outer loop
      vertex 180 22 12
      vertex 185.152 31.2346 12
      vertex 185.098 31.382 12
    endloop
  endfacet
  facet normal 0 0 1
    outer loop
      vertex 188 -42 12
      vertex 180 -36 12
      vertex 186 -42 12
    endloop
  endfacet
  facet normal 0 0 1
    outer loop
      vertex 180 36 12
      vertex 185.098 31.382 12
      vertex 185.055 31.5331 12
    endloop
  endfacet
  facet normal 0 0 1
    outer loop
      vertex 180 36 12
      vertex 185.055 31.5331 12
      vertex 185.025 31.6871 12
    endloop
  endfacet
  facet normal 0 0 1
    outer loop
      vertex 180 36 12
      vertex 185.025 31.6871 12
      vertex 185.006 31.8431 12
    endloop
  endfacet
  facet normal 0 0 1
    outer loop
      vertex 180 36 12
      vertex 185.006 31.8431 12
      vertex 185 32 12
    endloop
  endfacet
  facet normal 0 0 1
    outer loop
      vertex 185.955 33.7053 12
      vertex 180.294 37.8541 12
      vertex 185.824 33.618 12
    endloop
  endfacet
  facet normal 0 0 1
    outer loop
      vertex 194 -10 12
      vertex 180 22 12
      vertex 180 -22 12
    endloop
  endfacet
  facet normal -0 0 1
    outer loop
      vertex 180.166 37.4007 12
      vertex 185.824 33.618 12
      vertex 180.294 37.8541 12
    endloop
  endfacet
  facet normal 0 0 1
    outer loop
      vertex 186 -42 12
      vertex 180 -36 12
      vertex 185.529 -41.9815 12
    endloop
  endfacet
  facet normal -0 0 1
    outer loop
      vertex 180.074 36.9386 12
      vertex 185.824 33.618 12
      vertex 180.166 37.4007 12
    endloop
  endfacet
  facet normal 0 0 1
    outer loop
      vertex 185.529 -41.9815 12
      vertex 180 -36 12
      vertex 185.061 -41.9261 12
    endloop
  endfacet
  facet normal 0 0 1
    outer loop
      vertex 185.824 33.618 12
      vertex 180.074 36.9386 12
      vertex 185.701 33.5208 12
    endloop
  endfacet
  facet normal 0 0 1
    outer loop
      vertex 185.061 -41.9261 12
      vertex 180 -36 12
      vertex 184.599 -41.8342 12
    endloop
  endfacet
  facet normal -0 0 1
    outer loop
      vertex 180.019 36.4707 12
      vertex 185.701 33.5208 12
      vertex 180.074 36.9386 12
    endloop
  endfacet
  facet normal 0 0 1
    outer loop
      vertex 184.599 -41.8342 12
      vertex 180 -36 12
      vertex 184.146 -41.7063 12
    endloop
  endfacet
  facet normal -0 0 1
    outer loop
      vertex 180 36 12
      vertex 185.701 33.5208 12
      vertex 180.019 36.4707 12
    endloop
  endfacet
  facet normal 0 0 1
    outer loop
      vertex 184.146 -41.7063 12
      vertex 180 -36 12
      vertex 183.704 -41.5433 12
    endloop
  endfacet
  facet normal 0 0 1
    outer loop
      vertex 185.701 33.5208 12
      vertex 180 36 12
      vertex 185.586 33.4142 12
    endloop
  endfacet
  facet normal 0 0 1
    outer loop
      vertex 183.704 -41.5433 12
      vertex 180 -36 12
      vertex 183.276 -41.346 12
    endloop
  endfacet
  facet normal 0 0 1
    outer loop
      vertex 185.586 33.4142 12
      vertex 180 36 12
      vertex 185.479 33.2989 12
    endloop
  endfacet
  facet normal 0 0 1
    outer loop
      vertex 183.276 -41.346 12
      vertex 180 -36 12
      vertex 182.865 -41.1158 12
    endloop
  endfacet
  facet normal 0 0 1
    outer loop
      vertex 185.479 33.2989 12
      vertex 180 36 12
      vertex 185.382 33.1756 12
    endloop
  endfacet
  facet normal 0 0 1
    outer loop
      vertex 182.865 -41.1158 12
      vertex 180 -36 12
      vertex 182.473 -40.8541 12
    endloop
  endfacet
  facet normal 0 0 1
    outer loop
      vertex 185.382 33.1756 12
      vertex 180 36 12
      vertex 185.295 33.045 12
    endloop
  endfacet
  facet normal 0 0 1
    outer loop
      vertex 182.473 -40.8541 12
      vertex 180 -36 12
      vertex 182.103 -40.5624 12
    endloop
  endfacet
  facet normal 0 0 1
    outer loop
      vertex 185.295 33.045 12
      vertex 180 36 12
      vertex 185.218 32.908 12
    endloop
  endfacet
  facet normal 0 0 1
    outer loop
      vertex 182.103 -40.5624 12
      vertex 180 -36 12
      vertex 181.757 -40.2426 12
    endloop
  endfacet
  facet normal 0 0 1
    outer loop
      vertex 185.218 32.908 12
      vertex 180 36 12
      vertex 185.152 32.7654 12
    endloop
  endfacet
  facet normal 0 0 1
    outer loop
      vertex 181.757 -40.2426 12
      vertex 180 -36 12
      vertex 181.438 -39.8967 12
    endloop
  endfacet
  facet normal 0 0 1
    outer loop
      vertex 185.152 32.7654 12
      vertex 180 36 12
      vertex 185.098 32.618 12
    endloop
  endfacet
  facet normal 0 0 1
    outer loop
      vertex 181.438 -39.8967 12
      vertex 180 -36 12
      vertex 181.146 -39.5267 12
    endloop
  endfacet
  facet normal 0 0 1
    outer loop
      vertex 185.098 32.618 12
      vertex 180 36 12
      vertex 185.055 32.4669 12
    endloop
  endfacet
  facet normal 0 0 1
    outer loop
      vertex 181.146 -39.5267 12
      vertex 180 -36 12
      vertex 180.884 -39.135 12
    endloop
  endfacet
  facet normal 0 0 1
    outer loop
      vertex 185.055 32.4669 12
      vertex 180 36 12
      vertex 185.025 32.3129 12
    endloop
  endfacet
  facet normal 0 0 1
    outer loop
      vertex 180.884 -39.135 12
      vertex 180 -36 12
      vertex 180.654 -38.7239 12
    endloop
  endfacet
  facet normal 0 0 1
    outer loop
      vertex 185.025 32.3129 12
      vertex 180 36 12
      vertex 185.006 32.1569 12
    endloop
  endfacet
  facet normal 0 0 1
    outer loop
      vertex 180.654 -38.7239 12
      vertex 180 -36 12
      vertex 180.457 -38.2961 12
    endloop
  endfacet
  facet normal 0 0 1
    outer loop
      vertex 185.006 32.1569 12
      vertex 180 36 12
      vertex 185 32 12
    endloop
  endfacet
  facet normal 0 0 1
    outer loop
      vertex 180.457 -38.2961 12
      vertex 180 -36 12
      vertex 180.294 -37.8541 12
    endloop
  endfacet
  facet normal 0 0 1
    outer loop
      vertex 185.098 31.382 12
      vertex 180 36 12
      vertex 180 22 12
    endloop
  endfacet
  facet normal 0 0 1
    outer loop
      vertex 180.294 -37.8541 12
      vertex 180 -36 12
      vertex 180.166 -37.4007 12
    endloop
  endfacet
  facet normal 0 0 1
    outer loop
      vertex 180.166 -37.4007 12
      vertex 180 -36 12
      vertex 180.074 -36.9386 12
    endloop
  endfacet
  facet normal 0 0 1
    outer loop
      vertex 180.074 -36.9386 12
      vertex 180 -36 12
      vertex 180.019 -36.4707 12
    endloop
  endfacet
  facet normal 0 0 1
    outer loop
      vertex 242 0 12
      vertex 250 0 12
      vertex 249.951 1.25534 12
    endloop
  endfacet
  facet normal 0 0 1
    outer loop
      vertex 241.975 0.627672 12
      vertex 249.951 1.25534 12
      vertex 249.803 2.50294 12
    endloop
  endfacet
  facet normal 0 0 1
    outer loop
      vertex 250 0 12
      vertex 242 0 12
      vertex 249.951 -1.25534 12
    endloop
  endfacet
  facet normal 0 0 1
    outer loop
      vertex 241.902 1.25148 12
      vertex 249.803 2.50294 12
      vertex 249.558 3.73512 12
    endloop
  endfacet
  facet normal -0 0 1
    outer loop
      vertex 241.975 -0.627672 12
      vertex 249.951 -1.25534 12
      vertex 242 0 12
    endloop
  endfacet
  facet normal 0 0 1
    outer loop
      vertex 241.779 1.86756 12
      vertex 249.558 3.73512 12
      vertex 249.217 4.94426 12
    endloop
  endfacet
  facet normal 0 0 1
    outer loop
      vertex 249.951 -1.25534 12
      vertex 241.975 -0.627672 12
      vertex 249.803 -2.50294 12
    endloop
  endfacet
  facet normal 0 0 1
    outer loop
      vertex 241.608 2.47214 12
      vertex 249.217 4.94426 12
      vertex 248.782 6.12292 12
    endloop
  endfacet
  facet normal -0 0 1
    outer loop
      vertex 241.902 -1.25148 12
      vertex 249.803 -2.50294 12
      vertex 241.975 -0.627672 12
    endloop
  endfacet
  facet normal 0 0 1
    outer loop
      vertex 241.391 3.06147 12
      vertex 248.782 6.12292 12
      vertex 248.256 7.26384 12
    endloop
  endfacet
  facet normal 0 0 1
    outer loop
      vertex 249.803 -2.50294 12
      vertex 241.902 -1.25148 12
      vertex 249.558 -3.73512 12
    endloop
  endfacet
  facet normal 0 0 1
    outer loop
      vertex 241.128 3.63192 12
      vertex 248.256 7.26384 12
      vertex 247.642 8.35997 12
    endloop
  endfacet
  facet normal -0 0 1
    outer loop
      vertex 241.779 -1.86756 12
      vertex 249.558 -3.73512 12
      vertex 241.902 -1.25148 12
    endloop
  endfacet
  facet normal 0 0 1
    outer loop
      vertex 240.821 4.17999 12
      vertex 247.642 8.35997 12
      vertex 246.944 9.40456 12
    endloop
  endfacet
  facet normal 0 0 1
    outer loop
      vertex 249.558 -3.73512 12
      vertex 241.779 -1.86756 12
      vertex 249.217 -4.94426 12
    endloop
  endfacet
  facet normal 0 0 1
    outer loop
      vertex 240.472 4.70228 12
      vertex 246.944 9.40456 12
      vertex 246.166 10.3912 12
    endloop
  endfacet
  facet normal -0 0 1
    outer loop
      vertex 241.608 -2.47214 12
      vertex 249.217 -4.94426 12
      vertex 241.779 -1.86756 12
    endloop
  endfacet
  facet normal 0 0 1
    outer loop
      vertex 240.083 5.19558 12
      vertex 246.166 10.3912 12
      vertex 245.314 11.3137 12
    endloop
  endfacet
  facet normal 0 0 1
    outer loop
      vertex 249.217 -4.94426 12
      vertex 241.608 -2.47214 12
      vertex 248.782 -6.12292 12
    endloop
  endfacet
  facet normal 0 0 1
    outer loop
      vertex 239.657 5.65685 12
      vertex 245.314 11.3137 12
      vertex 244.391 12.1665 12
    endloop
  endfacet
  facet normal -0 0 1
    outer loop
      vertex 241.391 -3.06147 12
      vertex 248.782 -6.12292 12
      vertex 241.608 -2.47214 12
    endloop
  endfacet
  facet normal 0 0 1
    outer loop
      vertex 239.196 6.08325 12
      vertex 244.391 12.1665 12
      vertex 243.405 12.9443 12
    endloop
  endfacet
  facet normal 0 0 1
    outer loop
      vertex 248.782 -6.12292 12
      vertex 241.391 -3.06147 12
      vertex 248.256 -7.26384 12
    endloop
  endfacet
  facet normal 0 0 1
    outer loop
      vertex 238.702 6.47214 12
      vertex 243.405 12.9443 12
      vertex 242.36 13.6422 12
    endloop
  endfacet
  facet normal -0 0 1
    outer loop
      vertex 241.128 -3.63192 12
      vertex 248.256 -7.26384 12
      vertex 241.391 -3.06147 12
    endloop
  endfacet
  facet normal 0 0 1
    outer loop
      vertex 248.256 -7.26384 12
      vertex 241.128 -3.63192 12
      vertex 247.642 -8.35997 12
    endloop
  endfacet
  facet normal 0 0 1
    outer loop
      vertex 249.951 1.25534 12
      vertex 241.975 0.627672 12
      vertex 242 0 12
    endloop
  endfacet
  facet normal 0 0 1
    outer loop
      vertex 249.803 2.50294 12
      vertex 241.902 1.25148 12
      vertex 241.975 0.627672 12
    endloop
  endfacet
  facet normal 0 0 1
    outer loop
      vertex 249.558 3.73512 12
      vertex 241.779 1.86756 12
      vertex 241.902 1.25148 12
    endloop
  endfacet
  facet normal 0 0 1
    outer loop
      vertex 249.217 4.94426 12
      vertex 241.608 2.47214 12
      vertex 241.779 1.86756 12
    endloop
  endfacet
  facet normal 0 0 1
    outer loop
      vertex 248.782 6.12292 12
      vertex 241.391 3.06147 12
      vertex 241.608 2.47214 12
    endloop
  endfacet
  facet normal 0 0 1
    outer loop
      vertex 238.18 6.82112 12
      vertex 242.36 13.6422 12
      vertex 241.264 14.2561 12
    endloop
  endfacet
  facet normal 0 0 1
    outer loop
      vertex 248.256 7.26384 12
      vertex 241.128 3.63192 12
      vertex 241.391 3.06147 12
    endloop
  endfacet
  facet normal 0 0 1
    outer loop
      vertex 247.642 8.35997 12
      vertex 240.821 4.17999 12
      vertex 241.128 3.63192 12
    endloop
  endfacet
  facet normal 0 0 1
    outer loop
      vertex 246.944 9.40456 12
      vertex 240.472 4.70228 12
      vertex 240.821 4.17999 12
    endloop
  endfacet
  facet normal 0 0 1
    outer loop
      vertex 237.632 7.12805 12
      vertex 241.264 14.2561 12
      vertex 240.123 14.7821 12
    endloop
  endfacet
  facet normal 0 0 1
    outer loop
      vertex 246.166 10.3912 12
      vertex 240.083 5.19558 12
      vertex 240.472 4.70228 12
    endloop
  endfacet
  facet normal 0 0 1
    outer loop
      vertex 245.314 11.3137 12
      vertex 239.657 5.65685 12
      vertex 240.083 5.19558 12
    endloop
  endfacet
  facet normal 0 0 1
    outer loop
      vertex 244.391 12.1665 12
      vertex 239.196 6.08325 12
      vertex 239.657 5.65685 12
    endloop
  endfacet
  facet normal 0 0 1
    outer loop
      vertex 237.061 7.39104 12
      vertex 240.123 14.7821 12
      vertex 238.944 15.2169 12
    endloop
  endfacet
  facet normal 0 0 1
    outer loop
      vertex 243.405 12.9443 12
      vertex 238.702 6.47214 12
      vertex 239.196 6.08325 12
    endloop
  endfacet
  facet normal 0 0 1
    outer loop
      vertex 242.36 13.6422 12
      vertex 238.18 6.82112 12
      vertex 238.702 6.47214 12
    endloop
  endfacet
  facet normal 0 0 1
    outer loop
      vertex 236.472 7.60845 12
      vertex 238.944 15.2169 12
      vertex 237.735 15.5579 12
    endloop
  endfacet
  facet normal 0 0 1
    outer loop
      vertex 241.264 14.2561 12
      vertex 237.632 7.12805 12
      vertex 238.18 6.82112 12
    endloop
  endfacet
  facet normal 0 0 1
    outer loop
      vertex 240.123 14.7821 12
      vertex 237.061 7.39104 12
      vertex 237.632 7.12805 12
    endloop
  endfacet
  facet normal 0 0 1
    outer loop
      vertex 235.868 7.77896 12
      vertex 237.735 15.5579 12
      vertex 236.503 15.803 12
    endloop
  endfacet
  facet normal 0 0 1
    outer loop
      vertex 238.944 15.2169 12
      vertex 236.472 7.60845 12
      vertex 237.061 7.39104 12
    endloop
  endfacet
  facet normal 0 0 1
    outer loop
      vertex 237.735 15.5579 12
      vertex 235.868 7.77896 12
      vertex 236.472 7.60845 12
    endloop
  endfacet
  facet normal 0 0 1
    outer loop
      vertex 235.251 7.90151 12
      vertex 236.503 15.803 12
      vertex 235.255 15.9507 12
    endloop
  endfacet
  facet normal 0 0 1
    outer loop
      vertex 236.503 15.803 12
      vertex 235.251 7.90151 12
      vertex 235.868 7.77896 12
    endloop
  endfacet
  facet normal 0 0 1
    outer loop
      vertex 235.255 15.9507 12
      vertex 234.628 7.97534 12
      vertex 235.251 7.90151 12
    endloop
  endfacet
  facet normal 0 0 1
    outer loop
      vertex 234 16 12
      vertex 234.628 7.97534 12
      vertex 235.255 15.9507 12
    endloop
  endfacet
  facet normal 0 0 1
    outer loop
      vertex 234 16 12
      vertex 234 8 12
      vertex 234.628 7.97534 12
    endloop
  endfacet
  facet normal 0 0 1
    outer loop
      vertex 234 16 12
      vertex 233.372 7.97534 12
      vertex 234 8 12
    endloop
  endfacet
  facet normal -0 0 1
    outer loop
      vertex 232.745 15.9507 12
      vertex 233.372 7.97534 12
      vertex 234 16 12
    endloop
  endfacet
  facet normal 0 0 1
    outer loop
      vertex 233.372 7.97534 12
      vertex 232.745 15.9507 12
      vertex 232.749 7.90151 12
    endloop
  endfacet
  facet normal -0 0 1
    outer loop
      vertex 231.497 15.803 12
      vertex 232.749 7.90151 12
      vertex 232.745 15.9507 12
    endloop
  endfacet
  facet normal 0 0 1
    outer loop
      vertex 232.749 7.90151 12
      vertex 231.497 15.803 12
      vertex 232.132 7.77896 12
    endloop
  endfacet
  facet normal -0 0 1
    outer loop
      vertex 230.265 15.5579 12
      vertex 232.132 7.77896 12
      vertex 231.497 15.803 12
    endloop
  endfacet
  facet normal 0 0 1
    outer loop
      vertex 232.132 7.77896 12
      vertex 230.265 15.5579 12
      vertex 231.528 7.60845 12
    endloop
  endfacet
  facet normal -0 0 1
    outer loop
      vertex 229.056 15.2169 12
      vertex 231.528 7.60845 12
      vertex 230.265 15.5579 12
    endloop
  endfacet
  facet normal 0 0 1
    outer loop
      vertex 231.528 7.60845 12
      vertex 229.056 15.2169 12
      vertex 230.939 7.39104 12
    endloop
  endfacet
  facet normal -0 0 1
    outer loop
      vertex 227.877 14.7821 12
      vertex 230.939 7.39104 12
      vertex 229.056 15.2169 12
    endloop
  endfacet
  facet normal 0 0 1
    outer loop
      vertex 230.939 7.39104 12
      vertex 227.877 14.7821 12
      vertex 230.368 7.12805 12
    endloop
  endfacet
  facet normal -0 0 1
    outer loop
      vertex 226.736 14.2561 12
      vertex 230.368 7.12805 12
      vertex 227.877 14.7821 12
    endloop
  endfacet
  facet normal 0 0 1
    outer loop
      vertex 230.368 7.12805 12
      vertex 226.736 14.2561 12
      vertex 229.82 6.82112 12
    endloop
  endfacet
  facet normal -0 0 1
    outer loop
      vertex 225.64 13.6422 12
      vertex 229.82 6.82112 12
      vertex 226.736 14.2561 12
    endloop
  endfacet
  facet normal 0 0 1
    outer loop
      vertex 229.82 6.82112 12
      vertex 225.64 13.6422 12
      vertex 229.298 6.47214 12
    endloop
  endfacet
  facet normal -0 0 1
    outer loop
      vertex 224.595 12.9443 12
      vertex 229.298 6.47214 12
      vertex 225.64 13.6422 12
    endloop
  endfacet
  facet normal 0 0 1
    outer loop
      vertex 229.298 6.47214 12
      vertex 224.595 12.9443 12
      vertex 228.804 6.08325 12
    endloop
  endfacet
  facet normal -0 0 1
    outer loop
      vertex 223.609 12.1665 12
      vertex 228.804 6.08325 12
      vertex 224.595 12.9443 12
    endloop
  endfacet
  facet normal 0 0 1
    outer loop
      vertex 228.804 6.08325 12
      vertex 223.609 12.1665 12
      vertex 228.343 5.65685 12
    endloop
  endfacet
  facet normal -0 0 1
    outer loop
      vertex 222.686 11.3137 12
      vertex 228.343 5.65685 12
      vertex 223.609 12.1665 12
    endloop
  endfacet
  facet normal 0 0 1
    outer loop
      vertex 228.343 5.65685 12
      vertex 222.686 11.3137 12
      vertex 227.917 5.19558 12
    endloop
  endfacet
  facet normal -0 0 1
    outer loop
      vertex 221.833 10.3912 12
      vertex 227.917 5.19558 12
      vertex 222.686 11.3137 12
    endloop
  endfacet
  facet normal -0 0 1
    outer loop
      vertex 221.525 10 12
      vertex 227.917 5.19558 12
      vertex 221.833 10.3912 12
    endloop
  endfacet
  facet normal 0 0 1
    outer loop
      vertex 227.917 5.19558 12
      vertex 221.525 10 12
      vertex 227.528 4.70228 12
    endloop
  endfacet
  facet normal 0 0 1
    outer loop
      vertex 227.528 4.70228 12
      vertex 221.525 10 12
      vertex 227.179 4.17999 12
    endloop
  endfacet
  facet normal 0 0 1
    outer loop
      vertex 226.872 3.63192 12
      vertex 221.525 10 12
      vertex 226.609 3.06147 12
    endloop
  endfacet
  facet normal 0 0 1
    outer loop
      vertex 227.179 4.17999 12
      vertex 221.525 10 12
      vertex 226.872 3.63192 12
    endloop
  endfacet
  facet normal -0 0 1
    outer loop
      vertex 240.821 -4.17999 12
      vertex 247.642 -8.35997 12
      vertex 241.128 -3.63192 12
    endloop
  endfacet
  facet normal 0 0 1
    outer loop
      vertex 247.642 -8.35997 12
      vertex 240.821 -4.17999 12
      vertex 246.944 -9.40456 12
    endloop
  endfacet
  facet normal -0 0 1
    outer loop
      vertex 240.472 -4.70228 12
      vertex 246.944 -9.40456 12
      vertex 240.821 -4.17999 12
    endloop
  endfacet
  facet normal 0 0 1
    outer loop
      vertex 246.944 -9.40456 12
      vertex 240.472 -4.70228 12
      vertex 246.166 -10.3912 12
    endloop
  endfacet
  facet normal -0 0 1
    outer loop
      vertex 240.083 -5.19558 12
      vertex 246.166 -10.3912 12
      vertex 240.472 -4.70228 12
    endloop
  endfacet
  facet normal 0 0 1
    outer loop
      vertex 246.166 -10.3912 12
      vertex 240.083 -5.19558 12
      vertex 245.314 -11.3137 12
    endloop
  endfacet
  facet normal -0 0 1
    outer loop
      vertex 239.657 -5.65685 12
      vertex 245.314 -11.3137 12
      vertex 240.083 -5.19558 12
    endloop
  endfacet
  facet normal 0 0 1
    outer loop
      vertex 245.314 -11.3137 12
      vertex 239.657 -5.65685 12
      vertex 244.391 -12.1665 12
    endloop
  endfacet
  facet normal -0 0 1
    outer loop
      vertex 239.196 -6.08325 12
      vertex 244.391 -12.1665 12
      vertex 239.657 -5.65685 12
    endloop
  endfacet
  facet normal 0 0 1
    outer loop
      vertex 244.391 -12.1665 12
      vertex 239.196 -6.08325 12
      vertex 243.405 -12.9443 12
    endloop
  endfacet
  facet normal -0 0 1
    outer loop
      vertex 238.702 -6.47214 12
      vertex 243.405 -12.9443 12
      vertex 239.196 -6.08325 12
    endloop
  endfacet
  facet normal 0 0 1
    outer loop
      vertex 243.405 -12.9443 12
      vertex 238.702 -6.47214 12
      vertex 242.36 -13.6422 12
    endloop
  endfacet
  facet normal -0 0 1
    outer loop
      vertex 238.18 -6.82112 12
      vertex 242.36 -13.6422 12
      vertex 238.702 -6.47214 12
    endloop
  endfacet
  facet normal 0 0 1
    outer loop
      vertex 242.36 -13.6422 12
      vertex 238.18 -6.82112 12
      vertex 241.264 -14.2561 12
    endloop
  endfacet
  facet normal -0 0 1
    outer loop
      vertex 237.632 -7.12805 12
      vertex 241.264 -14.2561 12
      vertex 238.18 -6.82112 12
    endloop
  endfacet
  facet normal 0 0 1
    outer loop
      vertex 241.264 -14.2561 12
      vertex 237.632 -7.12805 12
      vertex 240.123 -14.7821 12
    endloop
  endfacet
  facet normal -0 0 1
    outer loop
      vertex 237.061 -7.39104 12
      vertex 240.123 -14.7821 12
      vertex 237.632 -7.12805 12
    endloop
  endfacet
  facet normal 0 0 1
    outer loop
      vertex 240.123 -14.7821 12
      vertex 237.061 -7.39104 12
      vertex 238.944 -15.2169 12
    endloop
  endfacet
  facet normal -0 0 1
    outer loop
      vertex 236.472 -7.60845 12
      vertex 238.944 -15.2169 12
      vertex 237.061 -7.39104 12
    endloop
  endfacet
  facet normal 0 0 1
    outer loop
      vertex 238.944 -15.2169 12
      vertex 236.472 -7.60845 12
      vertex 237.735 -15.5579 12
    endloop
  endfacet
  facet normal -0 0 1
    outer loop
      vertex 235.868 -7.77896 12
      vertex 237.735 -15.5579 12
      vertex 236.472 -7.60845 12
    endloop
  endfacet
  facet normal 0 0 1
    outer loop
      vertex 237.735 -15.5579 12
      vertex 235.868 -7.77896 12
      vertex 236.503 -15.803 12
    endloop
  endfacet
  facet normal -0 0 1
    outer loop
      vertex 235.251 -7.90151 12
      vertex 236.503 -15.803 12
      vertex 235.868 -7.77896 12
    endloop
  endfacet
  facet normal 0 0 1
    outer loop
      vertex 236.503 -15.803 12
      vertex 235.251 -7.90151 12
      vertex 235.255 -15.9507 12
    endloop
  endfacet
  facet normal -0 0 1
    outer loop
      vertex 234.628 -7.97534 12
      vertex 235.255 -15.9507 12
      vertex 235.251 -7.90151 12
    endloop
  endfacet
  facet normal -0 0 1
    outer loop
      vertex 234 -8 12
      vertex 235.255 -15.9507 12
      vertex 234.628 -7.97534 12
    endloop
  endfacet
  facet normal 0 0 1
    outer loop
      vertex 234 -8 12
      vertex 234 -16 12
      vertex 235.255 -15.9507 12
    endloop
  endfacet
  facet normal 0 0 1
    outer loop
      vertex 233.372 -7.97534 12
      vertex 234 -16 12
      vertex 234 -8 12
    endloop
  endfacet
  facet normal 0 0 1
    outer loop
      vertex 232.745 -15.9507 12
      vertex 233.372 -7.97534 12
      vertex 232.749 -7.90151 12
    endloop
  endfacet
  facet normal 0 0 1
    outer loop
      vertex 233.372 -7.97534 12
      vertex 232.745 -15.9507 12
      vertex 234 -16 12
    endloop
  endfacet
  facet normal 0 0 1
    outer loop
      vertex 231.497 -15.803 12
      vertex 232.749 -7.90151 12
      vertex 232.132 -7.77896 12
    endloop
  endfacet
  facet normal 0 0 1
    outer loop
      vertex 230.265 -15.5579 12
      vertex 232.132 -7.77896 12
      vertex 231.528 -7.60845 12
    endloop
  endfacet
  facet normal 0 0 1
    outer loop
      vertex 232.749 -7.90151 12
      vertex 231.497 -15.803 12
      vertex 232.745 -15.9507 12
    endloop
  endfacet
  facet normal 0 0 1
    outer loop
      vertex 229.056 -15.2169 12
      vertex 231.528 -7.60845 12
      vertex 230.939 -7.39104 12
    endloop
  endfacet
  facet normal 0 0 1
    outer loop
      vertex 227.877 -14.7821 12
      vertex 230.939 -7.39104 12
      vertex 230.368 -7.12805 12
    endloop
  endfacet
  facet normal 0 0 1
    outer loop
      vertex 232.132 -7.77896 12
      vertex 230.265 -15.5579 12
      vertex 231.497 -15.803 12
    endloop
  endfacet
  facet normal 0 0 1
    outer loop
      vertex 226.736 -14.2561 12
      vertex 230.368 -7.12805 12
      vertex 229.82 -6.82112 12
    endloop
  endfacet
  facet normal 0 0 1
    outer loop
      vertex 225.64 -13.6422 12
      vertex 229.82 -6.82112 12
      vertex 229.298 -6.47214 12
    endloop
  endfacet
  facet normal 0 0 1
    outer loop
      vertex 231.528 -7.60845 12
      vertex 229.056 -15.2169 12
      vertex 230.265 -15.5579 12
    endloop
  endfacet
  facet normal 0 0 1
    outer loop
      vertex 224.595 -12.9443 12
      vertex 229.298 -6.47214 12
      vertex 228.804 -6.08325 12
    endloop
  endfacet
  facet normal 0 0 1
    outer loop
      vertex 223.609 -12.1665 12
      vertex 228.804 -6.08325 12
      vertex 228.343 -5.65685 12
    endloop
  endfacet
  facet normal 0 0 1
    outer loop
      vertex 222.686 -11.3137 12
      vertex 228.343 -5.65685 12
      vertex 227.917 -5.19558 12
    endloop
  endfacet
  facet normal 0 0 1
    outer loop
      vertex 230.939 -7.39104 12
      vertex 227.877 -14.7821 12
      vertex 229.056 -15.2169 12
    endloop
  endfacet
  facet normal 0 0 1
    outer loop
      vertex 221.525 -10 12
      vertex 227.917 -5.19558 12
      vertex 227.528 -4.70228 12
    endloop
  endfacet
  facet normal 0 0 1
    outer loop
      vertex 221.525 -10 12
      vertex 227.528 -4.70228 12
      vertex 227.179 -4.17999 12
    endloop
  endfacet
  facet normal 0 0 1
    outer loop
      vertex 221.525 -10 12
      vertex 227.179 -4.17999 12
      vertex 226.872 -3.63192 12
    endloop
  endfacet
  facet normal 0 0 1
    outer loop
      vertex 230.368 -7.12805 12
      vertex 226.736 -14.2561 12
      vertex 227.877 -14.7821 12
    endloop
  endfacet
  facet normal 0 0 1
    outer loop
      vertex 221.525 -10 12
      vertex 226.872 -3.63192 12
      vertex 226.609 -3.06147 12
    endloop
  endfacet
  facet normal 0 0 1
    outer loop
      vertex 221.525 -10 12
      vertex 226.609 -3.06147 12
      vertex 226.392 -2.47214 12
    endloop
  endfacet
  facet normal 0 0 1
    outer loop
      vertex 221.525 -10 12
      vertex 226.392 -2.47214 12
      vertex 226.221 -1.86756 12
    endloop
  endfacet
  facet normal 0 0 1
    outer loop
      vertex 221.525 -10 12
      vertex 226.221 -1.86756 12
      vertex 226.098 -1.25148 12
    endloop
  endfacet
  facet normal 0 0 1
    outer loop
      vertex 221.525 -10 12
      vertex 226.098 -1.25148 12
      vertex 226.025 -0.627672 12
    endloop
  endfacet
  facet normal 0 0 1
    outer loop
      vertex 229.82 -6.82112 12
      vertex 225.64 -13.6422 12
      vertex 226.736 -14.2561 12
    endloop
  endfacet
  facet normal 0 0 1
    outer loop
      vertex 221.525 -10 12
      vertex 226.025 -0.627672 12
      vertex 226 0 12
    endloop
  endfacet
  facet normal 0 0 1
    outer loop
      vertex 226.609 3.06147 12
      vertex 221.525 10 12
      vertex 226.392 2.47214 12
    endloop
  endfacet
  facet normal 0 0 1
    outer loop
      vertex 226.392 2.47214 12
      vertex 221.525 10 12
      vertex 226.221 1.86756 12
    endloop
  endfacet
  facet normal 0 0 1
    outer loop
      vertex 229.298 -6.47214 12
      vertex 224.595 -12.9443 12
      vertex 225.64 -13.6422 12
    endloop
  endfacet
  facet normal 0 0 1
    outer loop
      vertex 226.221 1.86756 12
      vertex 221.525 10 12
      vertex 226.098 1.25148 12
    endloop
  endfacet
  facet normal 0 0 1
    outer loop
      vertex 228.804 -6.08325 12
      vertex 223.609 -12.1665 12
      vertex 224.595 -12.9443 12
    endloop
  endfacet
  facet normal 0 0 1
    outer loop
      vertex 226.098 1.25148 12
      vertex 221.525 10 12
      vertex 226.025 0.627672 12
    endloop
  endfacet
  facet normal 0 0 1
    outer loop
      vertex 228.343 -5.65685 12
      vertex 222.686 -11.3137 12
      vertex 223.609 -12.1665 12
    endloop
  endfacet
  facet normal 0 0 1
    outer loop
      vertex 226.025 0.627672 12
      vertex 221.525 10 12
      vertex 226 0 12
    endloop
  endfacet
  facet normal 0 0 1
    outer loop
      vertex 221.525 -10 12
      vertex 226 0 12
      vertex 221.525 10 12
    endloop
  endfacet
  facet normal 0 0 1
    outer loop
      vertex 227.917 -5.19558 12
      vertex 221.525 -10 12
      vertex 221.833 -10.3912 12
    endloop
  endfacet
  facet normal 0 0 1
    outer loop
      vertex 227.917 -5.19558 12
      vertex 221.833 -10.3912 12
      vertex 222.686 -11.3137 12
    endloop
  endfacet
  facet normal -0 0 1
    outer loop
      vertex 194 10 12
      vertex 221.525 -10 12
      vertex 221.525 10 12
    endloop
  endfacet
  facet normal 0 0 1
    outer loop
      vertex 221.525 -10 12
      vertex 194 10 12
      vertex 194 -10 12
    endloop
  endfacet
  facet normal 0.117558 -0.993066 0
    outer loop
      vertex 34.7846 -41.9692 0
      vertex 35.5643 -41.8769 12
      vertex 34.7846 -41.9692 12
    endloop
  endfacet
  facet normal 0.117558 -0.993066 0
    outer loop
      vertex 35.5643 -41.8769 12
      vertex 34.7846 -41.9692 0
      vertex 35.5643 -41.8769 0
    endloop
  endfacet
  facet normal 0.195112 -0.980781 0
    outer loop
      vertex 35.5643 -41.8769 0
      vertex 36.3344 -41.7237 12
      vertex 35.5643 -41.8769 12
    endloop
  endfacet
  facet normal 0.195112 -0.980781 0
    outer loop
      vertex 36.3344 -41.7237 12
      vertex 35.5643 -41.8769 0
      vertex 36.3344 -41.7237 0
    endloop
  endfacet
  facet normal 0.271372 -0.962474 0
    outer loop
      vertex 36.3344 -41.7237 0
      vertex 37.0902 -41.5106 12
      vertex 36.3344 -41.7237 12
    endloop
  endfacet
  facet normal 0.271372 -0.962474 0
    outer loop
      vertex 37.0902 -41.5106 12
      vertex 36.3344 -41.7237 0
      vertex 37.0902 -41.5106 0
    endloop
  endfacet
  facet normal 0.346177 -0.938169 0
    outer loop
      vertex 37.0902 -41.5106 0
      vertex 37.8268 -41.2388 12
      vertex 37.0902 -41.5106 12
    endloop
  endfacet
  facet normal 0.346177 -0.938169 0
    outer loop
      vertex 37.8268 -41.2388 12
      vertex 37.0902 -41.5106 0
      vertex 37.8268 -41.2388 0
    endloop
  endfacet
  facet normal 0.418614 -0.908164 0
    outer loop
      vertex 37.8268 -41.2388 0
      vertex 38.5399 -40.9101 12
      vertex 37.8268 -41.2388 12
    endloop
  endfacet
  facet normal 0.418614 -0.908164 0
    outer loop
      vertex 38.5399 -40.9101 12
      vertex 37.8268 -41.2388 0
      vertex 38.5399 -40.9101 0
    endloop
  endfacet
  facet normal 0.488646 -0.872482 0
    outer loop
      vertex 38.5399 -40.9101 0
      vertex 39.225 -40.5264 12
      vertex 38.5399 -40.9101 12
    endloop
  endfacet
  facet normal 0.488646 -0.872482 0
    outer loop
      vertex 39.225 -40.5264 12
      vertex 38.5399 -40.9101 0
      vertex 39.225 -40.5264 0
    endloop
  endfacet
  facet normal 0.555582 -0.831462 0
    outer loop
      vertex 39.225 -40.5264 0
      vertex 39.8778 -40.0902 12
      vertex 39.225 -40.5264 12
    endloop
  endfacet
  facet normal 0.555582 -0.831462 0
    outer loop
      vertex 39.8778 -40.0902 12
      vertex 39.225 -40.5264 0
      vertex 39.8778 -40.0902 0
    endloop
  endfacet
  facet normal 0.61912 -0.785297 0
    outer loop
      vertex 39.8778 -40.0902 0
      vertex 40.4945 -39.604 12
      vertex 39.8778 -40.0902 12
    endloop
  endfacet
  facet normal 0.61912 -0.785297 0
    outer loop
      vertex 40.4945 -39.604 12
      vertex 39.8778 -40.0902 0
      vertex 40.4945 -39.604 0
    endloop
  endfacet
  facet normal 0.67873 -0.734388 0
    outer loop
      vertex 40.4945 -39.604 0
      vertex 41.0711 -39.0711 12
      vertex 40.4945 -39.604 12
    endloop
  endfacet
  facet normal 0.67873 -0.734388 0
    outer loop
      vertex 41.0711 -39.0711 12
      vertex 40.4945 -39.604 0
      vertex 41.0711 -39.0711 0
    endloop
  endfacet
  facet normal 0.734388 -0.67873 0
    outer loop
      vertex 41.0711 -39.0711 12
      vertex 41.604 -38.4945 0
      vertex 41.604 -38.4945 12
    endloop
  endfacet
  facet normal 0.734388 -0.67873 0
    outer loop
      vertex 41.604 -38.4945 0
      vertex 41.0711 -39.0711 12
      vertex 41.0711 -39.0711 0
    endloop
  endfacet
  facet normal 0.785297 -0.61912 0
    outer loop
      vertex 41.604 -38.4945 12
      vertex 42.0902 -37.8778 0
      vertex 42.0902 -37.8778 12
    endloop
  endfacet
  facet normal 0.785297 -0.61912 0
    outer loop
      vertex 42.0902 -37.8778 0
      vertex 41.604 -38.4945 12
      vertex 41.604 -38.4945 0
    endloop
  endfacet
  facet normal 0.831462 -0.555582 0
    outer loop
      vertex 42.0902 -37.8778 12
      vertex 42.5264 -37.225 0
      vertex 42.5264 -37.225 12
    endloop
  endfacet
  facet normal 0.831462 -0.555582 0
    outer loop
      vertex 42.5264 -37.225 0
      vertex 42.0902 -37.8778 12
      vertex 42.0902 -37.8778 0
    endloop
  endfacet
  facet normal 0.872482 -0.488646 0
    outer loop
      vertex 42.5264 -37.225 12
      vertex 42.9101 -36.5399 0
      vertex 42.9101 -36.5399 12
    endloop
  endfacet
  facet normal 0.872482 -0.488646 0
    outer loop
      vertex 42.9101 -36.5399 0
      vertex 42.5264 -37.225 12
      vertex 42.5264 -37.225 0
    endloop
  endfacet
  facet normal 0.908164 -0.418614 0
    outer loop
      vertex 42.9101 -36.5399 12
      vertex 43.2388 -35.8268 0
      vertex 43.2388 -35.8268 12
    endloop
  endfacet
  facet normal 0.908164 -0.418614 0
    outer loop
      vertex 43.2388 -35.8268 0
      vertex 42.9101 -36.5399 12
      vertex 42.9101 -36.5399 0
    endloop
  endfacet
  facet normal 0.938169 -0.346177 0
    outer loop
      vertex 43.2388 -35.8268 12
      vertex 43.5106 -35.0902 0
      vertex 43.5106 -35.0902 12
    endloop
  endfacet
  facet normal 0.938169 -0.346177 0
    outer loop
      vertex 43.5106 -35.0902 0
      vertex 43.2388 -35.8268 12
      vertex 43.2388 -35.8268 0
    endloop
  endfacet
  facet normal 0.962474 -0.271372 0
    outer loop
      vertex 43.5106 -35.0902 12
      vertex 43.7237 -34.3344 0
      vertex 43.7237 -34.3344 12
    endloop
  endfacet
  facet normal 0.962474 -0.271372 0
    outer loop
      vertex 43.7237 -34.3344 0
      vertex 43.5106 -35.0902 12
      vertex 43.5106 -35.0902 0
    endloop
  endfacet
  facet normal 0.980781 -0.195112 0
    outer loop
      vertex 43.7237 -34.3344 12
      vertex 43.8769 -33.5643 0
      vertex 43.8769 -33.5643 12
    endloop
  endfacet
  facet normal 0.980781 -0.195112 0
    outer loop
      vertex 43.8769 -33.5643 0
      vertex 43.7237 -34.3344 12
      vertex 43.7237 -34.3344 0
    endloop
  endfacet
  facet normal 0.993066 -0.117558 0
    outer loop
      vertex 43.8769 -33.5643 12
      vertex 43.9692 -32.7846 0
      vertex 43.9692 -32.7846 12
    endloop
  endfacet
  facet normal 0.993066 -0.117558 0
    outer loop
      vertex 43.9692 -32.7846 0
      vertex 43.8769 -33.5643 12
      vertex 43.8769 -33.5643 0
    endloop
  endfacet
  facet normal 0.99923 -0.0392255 0
    outer loop
      vertex 43.9692 -32.7846 12
      vertex 44 -32 0
      vertex 44 -32 12
    endloop
  endfacet
  facet normal 0.99923 -0.0392255 0
    outer loop
      vertex 44 -32 0
      vertex 43.9692 -32.7846 12
      vertex 43.9692 -32.7846 0
    endloop
  endfacet
  facet normal 1 0 0
    outer loop
      vertex 44 -24 10
      vertex 44 -32 12
      vertex 44 -24 2
    endloop
  endfacet
  facet normal 1 -0 0
    outer loop
      vertex 44 -32 12
      vertex 44 -24 10
      vertex 44 -22 12
    endloop
  endfacet
  facet normal 1 0 0
    outer loop
      vertex 44 -24 2
      vertex 44 -32 0
      vertex 44 -22 0
    endloop
  endfacet
  facet normal 1 0 0
    outer loop
      vertex 44 -32 0
      vertex 44 -24 2
      vertex 44 -32 12
    endloop
  endfacet
  facet normal 1 0 0
    outer loop
      vertex 44 32 12
      vertex 44 24 10
      vertex 44 32 0
    endloop
  endfacet
  facet normal 1 0 -0
    outer loop
      vertex 44 24 10
      vertex 44 32 12
      vertex 44 22 12
    endloop
  endfacet
  facet normal 1 -0 0
    outer loop
      vertex 44 24 2
      vertex 44 32 0
      vertex 44 24 10
    endloop
  endfacet
  facet normal 1 0 0
    outer loop
      vertex 44 32 0
      vertex 44 24 2
      vertex 44 22 0
    endloop
  endfacet
  facet normal 0.99923 0.0392255 0
    outer loop
      vertex 44 32 12
      vertex 43.9692 32.7846 0
      vertex 43.9692 32.7846 12
    endloop
  endfacet
  facet normal 0.99923 0.0392255 0
    outer loop
      vertex 43.9692 32.7846 0
      vertex 44 32 12
      vertex 44 32 0
    endloop
  endfacet
  facet normal 0.993066 0.117558 0
    outer loop
      vertex 43.9692 32.7846 12
      vertex 43.8769 33.5643 0
      vertex 43.8769 33.5643 12
    endloop
  endfacet
  facet normal 0.993066 0.117558 0
    outer loop
      vertex 43.8769 33.5643 0
      vertex 43.9692 32.7846 12
      vertex 43.9692 32.7846 0
    endloop
  endfacet
  facet normal 0.980781 0.195112 0
    outer loop
      vertex 43.8769 33.5643 12
      vertex 43.7237 34.3344 0
      vertex 43.7237 34.3344 12
    endloop
  endfacet
  facet normal 0.980781 0.195112 0
    outer loop
      vertex 43.7237 34.3344 0
      vertex 43.8769 33.5643 12
      vertex 43.8769 33.5643 0
    endloop
  endfacet
  facet normal 0.962474 0.271372 0
    outer loop
      vertex 43.7237 34.3344 12
      vertex 43.5106 35.0902 0
      vertex 43.5106 35.0902 12
    endloop
  endfacet
  facet normal 0.962474 0.271372 0
    outer loop
      vertex 43.5106 35.0902 0
      vertex 43.7237 34.3344 12
      vertex 43.7237 34.3344 0
    endloop
  endfacet
  facet normal 0.938169 0.346177 0
    outer loop
      vertex 43.5106 35.0902 12
      vertex 43.2388 35.8268 0
      vertex 43.2388 35.8268 12
    endloop
  endfacet
  facet normal 0.938169 0.346177 0
    outer loop
      vertex 43.2388 35.8268 0
      vertex 43.5106 35.0902 12
      vertex 43.5106 35.0902 0
    endloop
  endfacet
  facet normal 0.908164 0.418614 0
    outer loop
      vertex 43.2388 35.8268 12
      vertex 42.9101 36.5399 0
      vertex 42.9101 36.5399 12
    endloop
  endfacet
  facet normal 0.908164 0.418614 0
    outer loop
      vertex 42.9101 36.5399 0
      vertex 43.2388 35.8268 12
      vertex 43.2388 35.8268 0
    endloop
  endfacet
  facet normal 0.872482 0.488646 0
    outer loop
      vertex 42.9101 36.5399 12
      vertex 42.5264 37.225 0
      vertex 42.5264 37.225 12
    endloop
  endfacet
  facet normal 0.872482 0.488646 0
    outer loop
      vertex 42.5264 37.225 0
      vertex 42.9101 36.5399 12
      vertex 42.9101 36.5399 0
    endloop
  endfacet
  facet normal 0.831462 0.555582 0
    outer loop
      vertex 42.5264 37.225 12
      vertex 42.0902 37.8778 0
      vertex 42.0902 37.8778 12
    endloop
  endfacet
  facet normal 0.831462 0.555582 0
    outer loop
      vertex 42.0902 37.8778 0
      vertex 42.5264 37.225 12
      vertex 42.5264 37.225 0
    endloop
  endfacet
  facet normal 0.785297 0.61912 0
    outer loop
      vertex 42.0902 37.8778 12
      vertex 41.604 38.4945 0
      vertex 41.604 38.4945 12
    endloop
  endfacet
  facet normal 0.785297 0.61912 0
    outer loop
      vertex 41.604 38.4945 0
      vertex 42.0902 37.8778 12
      vertex 42.0902 37.8778 0
    endloop
  endfacet
  facet normal 0.734388 0.67873 0
    outer loop
      vertex 41.604 38.4945 12
      vertex 41.0711 39.0711 0
      vertex 41.0711 39.0711 12
    endloop
  endfacet
  facet normal 0.734388 0.67873 0
    outer loop
      vertex 41.0711 39.0711 0
      vertex 41.604 38.4945 12
      vertex 41.604 38.4945 0
    endloop
  endfacet
  facet normal 0.67873 0.734388 -0
    outer loop
      vertex 41.0711 39.0711 0
      vertex 40.4945 39.604 12
      vertex 41.0711 39.0711 12
    endloop
  endfacet
  facet normal 0.67873 0.734388 0
    outer loop
      vertex 40.4945 39.604 12
      vertex 41.0711 39.0711 0
      vertex 40.4945 39.604 0
    endloop
  endfacet
  facet normal 0.61912 0.785297 -0
    outer loop
      vertex 40.4945 39.604 0
      vertex 39.8778 40.0902 12
      vertex 40.4945 39.604 12
    endloop
  endfacet
  facet normal 0.61912 0.785297 0
    outer loop
      vertex 39.8778 40.0902 12
      vertex 40.4945 39.604 0
      vertex 39.8778 40.0902 0
    endloop
  endfacet
  facet normal 0.555582 0.831462 -0
    outer loop
      vertex 39.8778 40.0902 0
      vertex 39.225 40.5264 12
      vertex 39.8778 40.0902 12
    endloop
  endfacet
  facet normal 0.555582 0.831462 0
    outer loop
      vertex 39.225 40.5264 12
      vertex 39.8778 40.0902 0
      vertex 39.225 40.5264 0
    endloop
  endfacet
  facet normal 0.488646 0.872482 -0
    outer loop
      vertex 39.225 40.5264 0
      vertex 38.5399 40.9101 12
      vertex 39.225 40.5264 12
    endloop
  endfacet
  facet normal 0.488646 0.872482 0
    outer loop
      vertex 38.5399 40.9101 12
      vertex 39.225 40.5264 0
      vertex 38.5399 40.9101 0
    endloop
  endfacet
  facet normal 0.418614 0.908164 -0
    outer loop
      vertex 38.5399 40.9101 0
      vertex 37.8268 41.2388 12
      vertex 38.5399 40.9101 12
    endloop
  endfacet
  facet normal 0.418614 0.908164 0
    outer loop
      vertex 37.8268 41.2388 12
      vertex 38.5399 40.9101 0
      vertex 37.8268 41.2388 0
    endloop
  endfacet
  facet normal 0.346177 0.938169 -0
    outer loop
      vertex 37.8268 41.2388 0
      vertex 37.0902 41.5106 12
      vertex 37.8268 41.2388 12
    endloop
  endfacet
  facet normal 0.346177 0.938169 0
    outer loop
      vertex 37.0902 41.5106 12
      vertex 37.8268 41.2388 0
      vertex 37.0902 41.5106 0
    endloop
  endfacet
  facet normal 0.271372 0.962474 -0
    outer loop
      vertex 37.0902 41.5106 0
      vertex 36.3344 41.7237 12
      vertex 37.0902 41.5106 12
    endloop
  endfacet
  facet normal 0.271372 0.962474 0
    outer loop
      vertex 36.3344 41.7237 12
      vertex 37.0902 41.5106 0
      vertex 36.3344 41.7237 0
    endloop
  endfacet
  facet normal 0.195112 0.980781 -0
    outer loop
      vertex 36.3344 41.7237 0
      vertex 35.5643 41.8769 12
      vertex 36.3344 41.7237 12
    endloop
  endfacet
  facet normal 0.195112 0.980781 0
    outer loop
      vertex 35.5643 41.8769 12
      vertex 36.3344 41.7237 0
      vertex 35.5643 41.8769 0
    endloop
  endfacet
  facet normal 0.117558 0.993066 -0
    outer loop
      vertex 35.5643 41.8769 0
      vertex 34.7846 41.9692 12
      vertex 35.5643 41.8769 12
    endloop
  endfacet
  facet normal 0.117558 0.993066 0
    outer loop
      vertex 34.7846 41.9692 12
      vertex 35.5643 41.8769 0
      vertex 34.7846 41.9692 0
    endloop
  endfacet
  facet normal 0.0392255 0.99923 -0
    outer loop
      vertex 34.7846 41.9692 0
      vertex 34 42 12
      vertex 34.7846 41.9692 12
    endloop
  endfacet
  facet normal 0.0392255 0.99923 0
    outer loop
      vertex 34 42 12
      vertex 34.7846 41.9692 0
      vertex 34 42 0
    endloop
  endfacet
  facet normal 0 1 -0
    outer loop
      vertex 34 42 0
      vertex 10 42 12
      vertex 34 42 12
    endloop
  endfacet
  facet normal 0 1 0
    outer loop
      vertex 10 42 12
      vertex 34 42 0
      vertex 10 42 0
    endloop
  endfacet
  facet normal -0.0392265 0.99923 0
    outer loop
      vertex 10 42 0
      vertex 9.21542 41.9692 12
      vertex 10 42 12
    endloop
  endfacet
  facet normal -0.0392265 0.99923 0
    outer loop
      vertex 9.21542 41.9692 12
      vertex 10 42 0
      vertex 9.21542 41.9692 0
    endloop
  endfacet
  facet normal -0.117551 0.993067 0
    outer loop
      vertex 9.21542 41.9692 0
      vertex 8.43567 41.8769 12
      vertex 9.21542 41.9692 12
    endloop
  endfacet
  facet normal -0.117551 0.993067 0
    outer loop
      vertex 8.43567 41.8769 12
      vertex 9.21542 41.9692 0
      vertex 8.43567 41.8769 0
    endloop
  endfacet
  facet normal -0.195109 0.980781 0
    outer loop
      vertex 8.43567 41.8769 0
      vertex 7.66556 41.7237 12
      vertex 8.43567 41.8769 12
    endloop
  endfacet
  facet normal -0.195109 0.980781 0
    outer loop
      vertex 7.66556 41.7237 12
      vertex 8.43567 41.8769 0
      vertex 7.66556 41.7237 0
    endloop
  endfacet
  facet normal -0.271399 0.962467 0
    outer loop
      vertex 7.66556 41.7237 0
      vertex 6.90984 41.5106 12
      vertex 7.66556 41.7237 12
    endloop
  endfacet
  facet normal -0.271399 0.962467 0
    outer loop
      vertex 6.90984 41.5106 12
      vertex 7.66556 41.7237 0
      vertex 6.90984 41.5106 0
    endloop
  endfacet
  facet normal -0.346149 0.93818 0
    outer loop
      vertex 6.90984 41.5106 0
      vertex 6.17317 41.2388 12
      vertex 6.90984 41.5106 12
    endloop
  endfacet
  facet normal -0.346149 0.93818 0
    outer loop
      vertex 6.17317 41.2388 12
      vertex 6.90984 41.5106 0
      vertex 6.17317 41.2388 0
    endloop
  endfacet
  facet normal -0.418628 0.908158 0
    outer loop
      vertex 6.17317 41.2388 0
      vertex 5.4601 40.9101 12
      vertex 6.17317 41.2388 12
    endloop
  endfacet
  facet normal -0.418628 0.908158 0
    outer loop
      vertex 5.4601 40.9101 12
      vertex 6.17317 41.2388 0
      vertex 5.4601 40.9101 0
    endloop
  endfacet
  facet normal -0.488657 0.872476 0
    outer loop
      vertex 5.4601 40.9101 0
      vertex 4.77502 40.5264 12
      vertex 5.4601 40.9101 12
    endloop
  endfacet
  facet normal -0.488657 0.872476 0
    outer loop
      vertex 4.77502 40.5264 12
      vertex 5.4601 40.9101 0
      vertex 4.77502 40.5264 0
    endloop
  endfacet
  facet normal -0.555546 0.831486 0
    outer loop
      vertex 4.77502 40.5264 0
      vertex 4.12216 40.0902 12
      vertex 4.77502 40.5264 12
    endloop
  endfacet
  facet normal -0.555546 0.831486 0
    outer loop
      vertex 4.12216 40.0902 12
      vertex 4.77502 40.5264 0
      vertex 4.12216 40.0902 0
    endloop
  endfacet
  facet normal -0.619157 0.785267 0
    outer loop
      vertex 4.12216 40.0902 0
      vertex 3.50552 39.604 12
      vertex 4.12216 40.0902 12
    endloop
  endfacet
  facet normal -0.619157 0.785267 0
    outer loop
      vertex 3.50552 39.604 12
      vertex 4.12216 40.0902 0
      vertex 3.50552 39.604 0
    endloop
  endfacet
  facet normal -0.678742 0.734377 0
    outer loop
      vertex 3.50552 39.604 0
      vertex 2.92894 39.0711 12
      vertex 3.50552 39.604 12
    endloop
  endfacet
  facet normal -0.678742 0.734377 0
    outer loop
      vertex 2.92894 39.0711 12
      vertex 3.50552 39.604 0
      vertex 2.92894 39.0711 0
    endloop
  endfacet
  facet normal -0.734331 0.678791 0
    outer loop
      vertex 2.39595 38.4945 0
      vertex 2.92894 39.0711 12
      vertex 2.92894 39.0711 0
    endloop
  endfacet
  facet normal -0.734331 0.678791 0
    outer loop
      vertex 2.92894 39.0711 12
      vertex 2.39595 38.4945 0
      vertex 2.39595 38.4945 12
    endloop
  endfacet
  facet normal -0.785352 0.619049 0
    outer loop
      vertex 1.90984 37.8778 0
      vertex 2.39595 38.4945 12
      vertex 2.39595 38.4945 0
    endloop
  endfacet
  facet normal -0.785352 0.619049 0
    outer loop
      vertex 2.39595 38.4945 12
      vertex 1.90984 37.8778 0
      vertex 1.90984 37.8778 12
    endloop
  endfacet
  facet normal -0.831438 0.555617 0
    outer loop
      vertex 1.4736 37.225 0
      vertex 1.90984 37.8778 12
      vertex 1.90984 37.8778 0
    endloop
  endfacet
  facet normal -0.831438 0.555617 0
    outer loop
      vertex 1.90984 37.8778 12
      vertex 1.4736 37.225 0
      vertex 1.4736 37.225 12
    endloop
  endfacet
  facet normal -0.872504 0.488607 0
    outer loop
      vertex 1.08994 36.5399 0
      vertex 1.4736 37.225 12
      vertex 1.4736 37.225 0
    endloop
  endfacet
  facet normal -0.872504 0.488607 0
    outer loop
      vertex 1.4736 37.225 12
      vertex 1.08994 36.5399 0
      vertex 1.08994 36.5399 12
    endloop
  endfacet
  facet normal -0.908152 0.41864 0
    outer loop
      vertex 0.761215 35.8268 0
      vertex 1.08994 36.5399 12
      vertex 1.08994 36.5399 0
    endloop
  endfacet
  facet normal -0.908152 0.41864 0
    outer loop
      vertex 1.08994 36.5399 12
      vertex 0.761215 35.8268 0
      vertex 0.761215 35.8268 12
    endloop
  endfacet
  facet normal -0.93818 0.346148 0
    outer loop
      vertex 0.489441 35.0902 0
      vertex 0.761215 35.8268 12
      vertex 0.761215 35.8268 0
    endloop
  endfacet
  facet normal -0.93818 0.346148 0
    outer loop
      vertex 0.761215 35.8268 12
      vertex 0.489441 35.0902 0
      vertex 0.489441 35.0902 12
    endloop
  endfacet
  facet normal -0.962463 0.271414 0
    outer loop
      vertex 0.276306 34.3344 0
      vertex 0.489441 35.0902 12
      vertex 0.489441 35.0902 0
    endloop
  endfacet
  facet normal -0.962463 0.271414 0
    outer loop
      vertex 0.489441 35.0902 12
      vertex 0.276306 34.3344 0
      vertex 0.276306 34.3344 12
    endloop
  endfacet
  facet normal -0.980785 0.195091 0
    outer loop
      vertex 0.123123 33.5643 0
      vertex 0.276306 34.3344 12
      vertex 0.276306 34.3344 0
    endloop
  endfacet
  facet normal -0.980785 0.195091 0
    outer loop
      vertex 0.276306 34.3344 12
      vertex 0.123123 33.5643 0
      vertex 0.123123 33.5643 12
    endloop
  endfacet
  facet normal -0.993068 0.117539 0
    outer loop
      vertex 0.030838 32.7846 0
      vertex 0.123123 33.5643 12
      vertex 0.123123 33.5643 0
    endloop
  endfacet
  facet normal -0.993068 0.117539 0
    outer loop
      vertex 0.123123 33.5643 12
      vertex 0.030838 32.7846 0
      vertex 0.030838 32.7846 12
    endloop
  endfacet
  facet normal -0.999228 0.0392738 0
    outer loop
      vertex 0 32 0
      vertex 0.030838 32.7846 12
      vertex 0.030838 32.7846 0
    endloop
  endfacet
  facet normal -0.999228 0.0392738 0
    outer loop
      vertex 0.030838 32.7846 12
      vertex 0 32 0
      vertex 0 32 12
    endloop
  endfacet
  facet normal -1 0 0
    outer loop
      vertex 0 -32 0
      vertex 0 32 12
      vertex 0 32 0
    endloop
  endfacet
  facet normal -1 -0 0
    outer loop
      vertex 0 32 12
      vertex 0 -32 0
      vertex 0 -32 12
    endloop
  endfacet
  facet normal -0.999228 -0.0392738 0
    outer loop
      vertex 0.030838 -32.7846 0
      vertex 0 -32 12
      vertex 0 -32 0
    endloop
  endfacet
  facet normal -0.999228 -0.0392738 0
    outer loop
      vertex 0 -32 12
      vertex 0.030838 -32.7846 0
      vertex 0.030838 -32.7846 12
    endloop
  endfacet
  facet normal -0.993068 -0.117539 0
    outer loop
      vertex 0.123123 -33.5643 0
      vertex 0.030838 -32.7846 12
      vertex 0.030838 -32.7846 0
    endloop
  endfacet
  facet normal -0.993068 -0.117539 0
    outer loop
      vertex 0.030838 -32.7846 12
      vertex 0.123123 -33.5643 0
      vertex 0.123123 -33.5643 12
    endloop
  endfacet
  facet normal -0.980785 -0.195091 0
    outer loop
      vertex 0.276306 -34.3344 0
      vertex 0.123123 -33.5643 12
      vertex 0.123123 -33.5643 0
    endloop
  endfacet
  facet normal -0.980785 -0.195091 0
    outer loop
      vertex 0.123123 -33.5643 12
      vertex 0.276306 -34.3344 0
      vertex 0.276306 -34.3344 12
    endloop
  endfacet
  facet normal -0.962463 -0.271414 0
    outer loop
      vertex 0.489441 -35.0902 0
      vertex 0.276306 -34.3344 12
      vertex 0.276306 -34.3344 0
    endloop
  endfacet
  facet normal -0.962463 -0.271414 0
    outer loop
      vertex 0.276306 -34.3344 12
      vertex 0.489441 -35.0902 0
      vertex 0.489441 -35.0902 12
    endloop
  endfacet
  facet normal -0.93818 -0.346148 0
    outer loop
      vertex 0.761215 -35.8268 0
      vertex 0.489441 -35.0902 12
      vertex 0.489441 -35.0902 0
    endloop
  endfacet
  facet normal -0.93818 -0.346148 0
    outer loop
      vertex 0.489441 -35.0902 12
      vertex 0.761215 -35.8268 0
      vertex 0.761215 -35.8268 12
    endloop
  endfacet
  facet normal -0.908152 -0.41864 0
    outer loop
      vertex 1.08994 -36.5399 0
      vertex 0.761215 -35.8268 12
      vertex 0.761215 -35.8268 0
    endloop
  endfacet
  facet normal -0.908152 -0.41864 0
    outer loop
      vertex 0.761215 -35.8268 12
      vertex 1.08994 -36.5399 0
      vertex 1.08994 -36.5399 12
    endloop
  endfacet
  facet normal -0.872504 -0.488607 0
    outer loop
      vertex 1.4736 -37.225 0
      vertex 1.08994 -36.5399 12
      vertex 1.08994 -36.5399 0
    endloop
  endfacet
  facet normal -0.872504 -0.488607 0
    outer loop
      vertex 1.08994 -36.5399 12
      vertex 1.4736 -37.225 0
      vertex 1.4736 -37.225 12
    endloop
  endfacet
  facet normal -0.831438 -0.555617 0
    outer loop
      vertex 1.90984 -37.8778 0
      vertex 1.4736 -37.225 12
      vertex 1.4736 -37.225 0
    endloop
  endfacet
  facet normal -0.831438 -0.555617 0
    outer loop
      vertex 1.4736 -37.225 12
      vertex 1.90984 -37.8778 0
      vertex 1.90984 -37.8778 12
    endloop
  endfacet
  facet normal -0.785352 -0.619049 0
    outer loop
      vertex 2.39595 -38.4945 0
      vertex 1.90984 -37.8778 12
      vertex 1.90984 -37.8778 0
    endloop
  endfacet
  facet normal -0.785352 -0.619049 0
    outer loop
      vertex 1.90984 -37.8778 12
      vertex 2.39595 -38.4945 0
      vertex 2.39595 -38.4945 12
    endloop
  endfacet
  facet normal -0.734331 -0.678791 0
    outer loop
      vertex 2.92894 -39.0711 0
      vertex 2.39595 -38.4945 12
      vertex 2.39595 -38.4945 0
    endloop
  endfacet
  facet normal -0.734331 -0.678791 0
    outer loop
      vertex 2.39595 -38.4945 12
      vertex 2.92894 -39.0711 0
      vertex 2.92894 -39.0711 12
    endloop
  endfacet
  facet normal -0.678742 -0.734377 0
    outer loop
      vertex 2.92894 -39.0711 0
      vertex 3.50552 -39.604 12
      vertex 2.92894 -39.0711 12
    endloop
  endfacet
  facet normal -0.678742 -0.734377 -0
    outer loop
      vertex 3.50552 -39.604 12
      vertex 2.92894 -39.0711 0
      vertex 3.50552 -39.604 0
    endloop
  endfacet
  facet normal -0.619157 -0.785267 0
    outer loop
      vertex 3.50552 -39.604 0
      vertex 4.12216 -40.0902 12
      vertex 3.50552 -39.604 12
    endloop
  endfacet
  facet normal -0.619157 -0.785267 -0
    outer loop
      vertex 4.12216 -40.0902 12
      vertex 3.50552 -39.604 0
      vertex 4.12216 -40.0902 0
    endloop
  endfacet
  facet normal -0.555546 -0.831486 0
    outer loop
      vertex 4.12216 -40.0902 0
      vertex 4.77502 -40.5264 12
      vertex 4.12216 -40.0902 12
    endloop
  endfacet
  facet normal -0.555546 -0.831486 -0
    outer loop
      vertex 4.77502 -40.5264 12
      vertex 4.12216 -40.0902 0
      vertex 4.77502 -40.5264 0
    endloop
  endfacet
  facet normal -0.488657 -0.872476 0
    outer loop
      vertex 4.77502 -40.5264 0
      vertex 5.4601 -40.9101 12
      vertex 4.77502 -40.5264 12
    endloop
  endfacet
  facet normal -0.488657 -0.872476 -0
    outer loop
      vertex 5.4601 -40.9101 12
      vertex 4.77502 -40.5264 0
      vertex 5.4601 -40.9101 0
    endloop
  endfacet
  facet normal -0.418628 -0.908158 0
    outer loop
      vertex 5.4601 -40.9101 0
      vertex 6.17317 -41.2388 12
      vertex 5.4601 -40.9101 12
    endloop
  endfacet
  facet normal -0.418628 -0.908158 -0
    outer loop
      vertex 6.17317 -41.2388 12
      vertex 5.4601 -40.9101 0
      vertex 6.17317 -41.2388 0
    endloop
  endfacet
  facet normal -0.346149 -0.93818 0
    outer loop
      vertex 6.17317 -41.2388 0
      vertex 6.90984 -41.5106 12
      vertex 6.17317 -41.2388 12
    endloop
  endfacet
  facet normal -0.346149 -0.93818 -0
    outer loop
      vertex 6.90984 -41.5106 12
      vertex 6.17317 -41.2388 0
      vertex 6.90984 -41.5106 0
    endloop
  endfacet
  facet normal -0.271399 -0.962467 0
    outer loop
      vertex 6.90984 -41.5106 0
      vertex 7.66556 -41.7237 12
      vertex 6.90984 -41.5106 12
    endloop
  endfacet
  facet normal -0.271399 -0.962467 -0
    outer loop
      vertex 7.66556 -41.7237 12
      vertex 6.90984 -41.5106 0
      vertex 7.66556 -41.7237 0
    endloop
  endfacet
  facet normal -0.195109 -0.980781 0
    outer loop
      vertex 7.66556 -41.7237 0
      vertex 8.43567 -41.8769 12
      vertex 7.66556 -41.7237 12
    endloop
  endfacet
  facet normal -0.195109 -0.980781 -0
    outer loop
      vertex 8.43567 -41.8769 12
      vertex 7.66556 -41.7237 0
      vertex 8.43567 -41.8769 0
    endloop
  endfacet
  facet normal -0.117551 -0.993067 0
    outer loop
      vertex 8.43567 -41.8769 0
      vertex 9.21542 -41.9692 12
      vertex 8.43567 -41.8769 12
    endloop
  endfacet
  facet normal -0.117551 -0.993067 -0
    outer loop
      vertex 9.21542 -41.9692 12
      vertex 8.43567 -41.8769 0
      vertex 9.21542 -41.9692 0
    endloop
  endfacet
  facet normal -0.0392265 -0.99923 0
    outer loop
      vertex 9.21542 -41.9692 0
      vertex 10 -42 12
      vertex 9.21542 -41.9692 12
    endloop
  endfacet
  facet normal -0.0392265 -0.99923 -0
    outer loop
      vertex 10 -42 12
      vertex 9.21542 -41.9692 0
      vertex 10 -42 0
    endloop
  endfacet
  facet normal 0 -1 0
    outer loop
      vertex 10 -42 0
      vertex 34 -42 12
      vertex 10 -42 12
    endloop
  endfacet
  facet normal 0 -1 -0
    outer loop
      vertex 34 -42 12
      vertex 10 -42 0
      vertex 34 -42 0
    endloop
  endfacet
  facet normal 0.0392255 -0.99923 0
    outer loop
      vertex 34 -42 0
      vertex 34.7846 -41.9692 12
      vertex 34 -42 12
    endloop
  endfacet
  facet normal 0.0392255 -0.99923 0
    outer loop
      vertex 34.7846 -41.9692 12
      vertex 34 -42 0
      vertex 34.7846 -41.9692 0
    endloop
  endfacet
  facet normal 0.117555 -0.993066 0
    outer loop
      vertex 188.471 -41.9815 0
      vertex 188.939 -41.9261 12
      vertex 188.471 -41.9815 12
    endloop
  endfacet
  facet normal 0.117555 -0.993066 0
    outer loop
      vertex 188.939 -41.9261 12
      vertex 188.471 -41.9815 0
      vertex 188.939 -41.9261 0
    endloop
  endfacet
  facet normal 0.195095 -0.980784 0
    outer loop
      vertex 188.939 -41.9261 0
      vertex 189.401 -41.8342 12
      vertex 188.939 -41.9261 12
    endloop
  endfacet
  facet normal 0.195095 -0.980784 0
    outer loop
      vertex 189.401 -41.8342 12
      vertex 188.939 -41.9261 0
      vertex 189.401 -41.8342 0
    endloop
  endfacet
  facet normal 0.271717 -0.962377 0
    outer loop
      vertex 189.401 -41.8342 0
      vertex 189.854 -41.7063 12
      vertex 189.401 -41.8342 12
    endloop
  endfacet
  facet normal 0.271717 -0.962377 0
    outer loop
      vertex 189.854 -41.7063 12
      vertex 189.401 -41.8342 0
      vertex 189.854 -41.7063 0
    endloop
  endfacet
  facet normal 0.346 -0.938234 0
    outer loop
      vertex 189.854 -41.7063 0
      vertex 190.296 -41.5433 12
      vertex 189.854 -41.7063 12
    endloop
  endfacet
  facet normal 0.346 -0.938234 0
    outer loop
      vertex 190.296 -41.5433 12
      vertex 189.854 -41.7063 0
      vertex 190.296 -41.5433 0
    endloop
  endfacet
  facet normal 0.418641 -0.908152 0
    outer loop
      vertex 190.296 -41.5433 0
      vertex 190.724 -41.346 12
      vertex 190.296 -41.5433 12
    endloop
  endfacet
  facet normal 0.418641 -0.908152 0
    outer loop
      vertex 190.724 -41.346 12
      vertex 190.296 -41.5433 0
      vertex 190.724 -41.346 0
    endloop
  endfacet
  facet normal 0.488668 -0.87247 0
    outer loop
      vertex 190.724 -41.346 0
      vertex 191.135 -41.1158 12
      vertex 190.724 -41.346 12
    endloop
  endfacet
  facet normal 0.488668 -0.87247 0
    outer loop
      vertex 191.135 -41.1158 12
      vertex 190.724 -41.346 0
      vertex 191.135 -41.1158 0
    endloop
  endfacet
  facet normal 0.555239 -0.831691 0
    outer loop
      vertex 191.135 -41.1158 0
      vertex 191.527 -40.8541 12
      vertex 191.135 -41.1158 12
    endloop
  endfacet
  facet normal 0.555239 -0.831691 0
    outer loop
      vertex 191.527 -40.8541 12
      vertex 191.135 -41.1158 0
      vertex 191.527 -40.8541 0
    endloop
  endfacet
  facet normal 0.619114 -0.785301 0
    outer loop
      vertex 191.527 -40.8541 0
      vertex 191.897 -40.5624 12
      vertex 191.527 -40.8541 12
    endloop
  endfacet
  facet normal 0.619114 -0.785301 0
    outer loop
      vertex 191.897 -40.5624 12
      vertex 191.527 -40.8541 0
      vertex 191.897 -40.5624 0
    endloop
  endfacet
  facet normal 0.678756 -0.734364 0
    outer loop
      vertex 191.897 -40.5624 0
      vertex 192.243 -40.2426 12
      vertex 191.897 -40.5624 12
    endloop
  endfacet
  facet normal 0.678756 -0.734364 0
    outer loop
      vertex 192.243 -40.2426 12
      vertex 191.897 -40.5624 0
      vertex 192.243 -40.2426 0
    endloop
  endfacet
  facet normal 0.735113 -0.677945 0
    outer loop
      vertex 192.243 -40.2426 12
      vertex 192.562 -39.8967 0
      vertex 192.562 -39.8967 12
    endloop
  endfacet
  facet normal 0.735113 -0.677945 0
    outer loop
      vertex 192.562 -39.8967 0
      vertex 192.243 -40.2426 12
      vertex 192.243 -40.2426 0
    endloop
  endfacet
  facet normal 0.784991 -0.619507 0
    outer loop
      vertex 192.562 -39.8967 12
      vertex 192.854 -39.5267 0
      vertex 192.854 -39.5267 12
    endloop
  endfacet
  facet normal 0.784991 -0.619507 0
    outer loop
      vertex 192.854 -39.5267 0
      vertex 192.562 -39.8967 12
      vertex 192.562 -39.8967 0
    endloop
  endfacet
  facet normal 0.831201 -0.555973 0
    outer loop
      vertex 192.854 -39.5267 12
      vertex 193.116 -39.135 0
      vertex 193.116 -39.135 12
    endloop
  endfacet
  facet normal 0.831201 -0.555973 0
    outer loop
      vertex 193.116 -39.135 0
      vertex 192.854 -39.5267 12
      vertex 192.854 -39.5267 0
    endloop
  endfacet
  facet normal 0.872701 -0.488254 0
    outer loop
      vertex 193.116 -39.135 12
      vertex 193.346 -38.7239 0
      vertex 193.346 -38.7239 12
    endloop
  endfacet
  facet normal 0.872701 -0.488254 0
    outer loop
      vertex 193.346 -38.7239 0
      vertex 193.116 -39.135 12
      vertex 193.116 -39.135 0
    endloop
  endfacet
  facet normal 0.908319 -0.418277 0
    outer loop
      vertex 193.346 -38.7239 12
      vertex 193.543 -38.2961 0
      vertex 193.543 -38.2961 12
    endloop
  endfacet
  facet normal 0.908319 -0.418277 0
    outer loop
      vertex 193.543 -38.2961 0
      vertex 193.346 -38.7239 12
      vertex 193.346 -38.7239 0
    endloop
  endfacet
  facet normal 0.938234 -0.346 0
    outer loop
      vertex 193.543 -38.2961 12
      vertex 193.706 -37.8541 0
      vertex 193.706 -37.8541 12
    endloop
  endfacet
  facet normal 0.938234 -0.346 0
    outer loop
      vertex 193.706 -37.8541 0
      vertex 193.543 -38.2961 12
      vertex 193.543 -38.2961 0
    endloop
  endfacet
  facet normal 0.962384 -0.271692 0
    outer loop
      vertex 193.706 -37.8541 12
      vertex 193.834 -37.4007 0
      vertex 193.834 -37.4007 12
    endloop
  endfacet
  facet normal 0.962384 -0.271692 0
    outer loop
      vertex 193.834 -37.4007 0
      vertex 193.706 -37.8541 12
      vertex 193.706 -37.8541 0
    endloop
  endfacet
  facet normal 0.980752 -0.195259 0
    outer loop
      vertex 193.834 -37.4007 12
      vertex 193.926 -36.9386 0
      vertex 193.926 -36.9386 12
    endloop
  endfacet
  facet normal 0.980752 -0.195259 0
    outer loop
      vertex 193.926 -36.9386 0
      vertex 193.834 -37.4007 12
      vertex 193.834 -37.4007 0
    endloop
  endfacet
  facet normal 0.993162 -0.116743 0
    outer loop
      vertex 193.926 -36.9386 12
      vertex 193.981 -36.4707 0
      vertex 193.981 -36.4707 12
    endloop
  endfacet
  facet normal 0.993162 -0.116743 0
    outer loop
      vertex 193.981 -36.4707 0
      vertex 193.926 -36.9386 12
      vertex 193.926 -36.9386 0
    endloop
  endfacet
  facet normal 0.999186 -0.0403326 0
    outer loop
      vertex 193.981 -36.4707 12
      vertex 194 -36 0
      vertex 194 -36 12
    endloop
  endfacet
  facet normal 0.999186 -0.0403326 0
    outer loop
      vertex 194 -36 0
      vertex 193.981 -36.4707 12
      vertex 193.981 -36.4707 0
    endloop
  endfacet
  facet normal 1 -0 0
    outer loop
      vertex 194 -36 12
      vertex 194 -10 0
      vertex 194 -10 12
    endloop
  endfacet
  facet normal 1 0 0
    outer loop
      vertex 194 -10 0
      vertex 194 -36 12
      vertex 194 -36 0
    endloop
  endfacet
  facet normal 0 -1 0
    outer loop
      vertex 194 -10 0
      vertex 221.525 -10 12
      vertex 194 -10 12
    endloop
  endfacet
  facet normal 0 -1 -0
    outer loop
      vertex 221.525 -10 12
      vertex 194 -10 0
      vertex 221.525 -10 0
    endloop
  endfacet
  facet normal -0.785705 -0.618602 0
    outer loop
      vertex 221.833 -10.3912 0
      vertex 221.525 -10 12
      vertex 221.525 -10 0
    endloop
  endfacet
  facet normal -0.785705 -0.618602 0
    outer loop
      vertex 221.525 -10 12
      vertex 221.833 -10.3912 0
      vertex 221.833 -10.3912 12
    endloop
  endfacet
  facet normal -0.734223 -0.678908 0
    outer loop
      vertex 222.686 -11.3137 0
      vertex 221.833 -10.3912 12
      vertex 221.833 -10.3912 0
    endloop
  endfacet
  facet normal -0.734223 -0.678908 0
    outer loop
      vertex 221.833 -10.3912 12
      vertex 222.686 -11.3137 0
      vertex 222.686 -11.3137 12
    endloop
  endfacet
  facet normal -0.678624 -0.734486 0
    outer loop
      vertex 222.686 -11.3137 0
      vertex 223.609 -12.1665 12
      vertex 222.686 -11.3137 12
    endloop
  endfacet
  facet normal -0.678624 -0.734486 -0
    outer loop
      vertex 223.609 -12.1665 12
      vertex 222.686 -11.3137 0
      vertex 223.609 -12.1665 0
    endloop
  endfacet
  facet normal -0.61934 -0.785123 0
    outer loop
      vertex 223.609 -12.1665 0
      vertex 224.595 -12.9443 12
      vertex 223.609 -12.1665 12
    endloop
  endfacet
  facet normal -0.61934 -0.785123 -0
    outer loop
      vertex 224.595 -12.9443 12
      vertex 223.609 -12.1665 0
      vertex 224.595 -12.9443 0
    endloop
  endfacet
  facet normal -0.555379 -0.831597 0
    outer loop
      vertex 224.595 -12.9443 0
      vertex 225.64 -13.6422 12
      vertex 224.595 -12.9443 12
    endloop
  endfacet
  facet normal -0.555379 -0.831597 -0
    outer loop
      vertex 225.64 -13.6422 12
      vertex 224.595 -12.9443 0
      vertex 225.64 -13.6422 0
    endloop
  endfacet
  facet normal -0.488688 -0.872459 0
    outer loop
      vertex 225.64 -13.6422 0
      vertex 226.736 -14.2561 12
      vertex 225.64 -13.6422 12
    endloop
  endfacet
  facet normal -0.488688 -0.872459 -0
    outer loop
      vertex 226.736 -14.2561 12
      vertex 225.64 -13.6422 0
      vertex 226.736 -14.2561 0
    endloop
  endfacet
  facet normal -0.418654 -0.908146 0
    outer loop
      vertex 226.736 -14.2561 0
      vertex 227.877 -14.7821 12
      vertex 226.736 -14.2561 12
    endloop
  endfacet
  facet normal -0.418654 -0.908146 -0
    outer loop
      vertex 227.877 -14.7821 12
      vertex 226.736 -14.2561 0
      vertex 227.877 -14.7821 0
    endloop
  endfacet
  facet normal -0.346008 -0.938232 0
    outer loop
      vertex 227.877 -14.7821 0
      vertex 229.056 -15.2169 12
      vertex 227.877 -14.7821 12
    endloop
  endfacet
  facet normal -0.346008 -0.938232 -0
    outer loop
      vertex 229.056 -15.2169 12
      vertex 227.877 -14.7821 0
      vertex 229.056 -15.2169 0
    endloop
  endfacet
  facet normal -0.27146 -0.96245 0
    outer loop
      vertex 229.056 -15.2169 0
      vertex 230.265 -15.5579 12
      vertex 229.056 -15.2169 12
    endloop
  endfacet
  facet normal -0.27146 -0.96245 -0
    outer loop
      vertex 230.265 -15.5579 12
      vertex 229.056 -15.2169 0
      vertex 230.265 -15.5579 0
    endloop
  endfacet
  facet normal -0.195121 -0.980779 0
    outer loop
      vertex 230.265 -15.5579 0
      vertex 231.497 -15.803 12
      vertex 230.265 -15.5579 12
    endloop
  endfacet
  facet normal -0.195121 -0.980779 -0
    outer loop
      vertex 231.497 -15.803 12
      vertex 230.265 -15.5579 0
      vertex 231.497 -15.803 0
    endloop
  endfacet
  facet normal -0.117529 -0.993069 0
    outer loop
      vertex 231.497 -15.803 0
      vertex 232.745 -15.9507 12
      vertex 231.497 -15.803 12
    endloop
  endfacet
  facet normal -0.117529 -0.993069 -0
    outer loop
      vertex 232.745 -15.9507 12
      vertex 231.497 -15.803 0
      vertex 232.745 -15.9507 0
    endloop
  endfacet
  facet normal -0.0392526 -0.999229 0
    outer loop
      vertex 232.745 -15.9507 0
      vertex 234 -16 12
      vertex 232.745 -15.9507 12
    endloop
  endfacet
  facet normal -0.0392526 -0.999229 -0
    outer loop
      vertex 234 -16 12
      vertex 232.745 -15.9507 0
      vertex 234 -16 0
    endloop
  endfacet
  facet normal 0.0392526 -0.999229 0
    outer loop
      vertex 234 -16 0
      vertex 235.255 -15.9507 12
      vertex 234 -16 12
    endloop
  endfacet
  facet normal 0.0392526 -0.999229 0
    outer loop
      vertex 235.255 -15.9507 12
      vertex 234 -16 0
      vertex 235.255 -15.9507 0
    endloop
  endfacet
  facet normal 0.117529 -0.993069 0
    outer loop
      vertex 235.255 -15.9507 0
      vertex 236.503 -15.803 12
      vertex 235.255 -15.9507 12
    endloop
  endfacet
  facet normal 0.117529 -0.993069 0
    outer loop
      vertex 236.503 -15.803 12
      vertex 235.255 -15.9507 0
      vertex 236.503 -15.803 0
    endloop
  endfacet
  facet normal 0.195121 -0.980779 0
    outer loop
      vertex 236.503 -15.803 0
      vertex 237.735 -15.5579 12
      vertex 236.503 -15.803 12
    endloop
  endfacet
  facet normal 0.195121 -0.980779 0
    outer loop
      vertex 237.735 -15.5579 12
      vertex 236.503 -15.803 0
      vertex 237.735 -15.5579 0
    endloop
  endfacet
  facet normal 0.27146 -0.96245 0
    outer loop
      vertex 237.735 -15.5579 0
      vertex 238.944 -15.2169 12
      vertex 237.735 -15.5579 12
    endloop
  endfacet
  facet normal 0.27146 -0.96245 0
    outer loop
      vertex 238.944 -15.2169 12
      vertex 237.735 -15.5579 0
      vertex 238.944 -15.2169 0
    endloop
  endfacet
  facet normal 0.346008 -0.938232 0
    outer loop
      vertex 238.944 -15.2169 0
      vertex 240.123 -14.7821 12
      vertex 238.944 -15.2169 12
    endloop
  endfacet
  facet normal 0.346008 -0.938232 0
    outer loop
      vertex 240.123 -14.7821 12
      vertex 238.944 -15.2169 0
      vertex 240.123 -14.7821 0
    endloop
  endfacet
  facet normal 0.418654 -0.908146 0
    outer loop
      vertex 240.123 -14.7821 0
      vertex 241.264 -14.2561 12
      vertex 240.123 -14.7821 12
    endloop
  endfacet
  facet normal 0.418654 -0.908146 0
    outer loop
      vertex 241.264 -14.2561 12
      vertex 240.123 -14.7821 0
      vertex 241.264 -14.2561 0
    endloop
  endfacet
  facet normal 0.488688 -0.872459 0
    outer loop
      vertex 241.264 -14.2561 0
      vertex 242.36 -13.6422 12
      vertex 241.264 -14.2561 12
    endloop
  endfacet
  facet normal 0.488688 -0.872459 0
    outer loop
      vertex 242.36 -13.6422 12
      vertex 241.264 -14.2561 0
      vertex 242.36 -13.6422 0
    endloop
  endfacet
  facet normal 0.555379 -0.831597 0
    outer loop
      vertex 242.36 -13.6422 0
      vertex 243.405 -12.9443 12
      vertex 242.36 -13.6422 12
    endloop
  endfacet
  facet normal 0.555379 -0.831597 0
    outer loop
      vertex 243.405 -12.9443 12
      vertex 242.36 -13.6422 0
      vertex 243.405 -12.9443 0
    endloop
  endfacet
  facet normal 0.61934 -0.785123 0
    outer loop
      vertex 243.405 -12.9443 0
      vertex 244.391 -12.1665 12
      vertex 243.405 -12.9443 12
    endloop
  endfacet
  facet normal 0.61934 -0.785123 0
    outer loop
      vertex 244.391 -12.1665 12
      vertex 243.405 -12.9443 0
      vertex 244.391 -12.1665 0
    endloop
  endfacet
  facet normal 0.678624 -0.734486 0
    outer loop
      vertex 244.391 -12.1665 0
      vertex 245.314 -11.3137 12
      vertex 244.391 -12.1665 12
    endloop
  endfacet
  facet normal 0.678624 -0.734486 0
    outer loop
      vertex 245.314 -11.3137 12
      vertex 244.391 -12.1665 0
      vertex 245.314 -11.3137 0
    endloop
  endfacet
  facet normal 0.73462 -0.678479 0
    outer loop
      vertex 245.314 -11.3137 12
      vertex 246.166 -10.3912 0
      vertex 246.166 -10.3912 12
    endloop
  endfacet
  facet normal 0.73462 -0.678479 0
    outer loop
      vertex 246.166 -10.3912 0
      vertex 245.314 -11.3137 12
      vertex 245.314 -11.3137 0
    endloop
  endfacet
  facet normal 0.785241 -0.61919 0
    outer loop
      vertex 246.166 -10.3912 12
      vertex 246.944 -9.40456 0
      vertex 246.944 -9.40456 12
    endloop
  endfacet
  facet normal 0.785241 -0.61919 0
    outer loop
      vertex 246.944 -9.40456 0
      vertex 246.166 -10.3912 12
      vertex 246.166 -10.3912 0
    endloop
  endfacet
  facet normal 0.83146 -0.555585 0
    outer loop
      vertex 246.944 -9.40456 12
      vertex 247.642 -8.35997 0
      vertex 247.642 -8.35997 12
    endloop
  endfacet
  facet normal 0.83146 -0.555585 0
    outer loop
      vertex 247.642 -8.35997 0
      vertex 246.944 -9.40456 12
      vertex 246.944 -9.40456 0
    endloop
  endfacet
  facet normal 0.872449 -0.488705 0
    outer loop
      vertex 247.642 -8.35997 12
      vertex 248.256 -7.26384 0
      vertex 248.256 -7.26384 12
    endloop
  endfacet
  facet normal 0.872449 -0.488705 0
    outer loop
      vertex 248.256 -7.26384 0
      vertex 247.642 -8.35997 12
      vertex 247.642 -8.35997 0
    endloop
  endfacet
  facet normal 0.908134 -0.418679 0
    outer loop
      vertex 248.256 -7.26384 12
      vertex 248.782 -6.12292 0
      vertex 248.782 -6.12292 12
    endloop
  endfacet
  facet normal 0.908134 -0.418679 0
    outer loop
      vertex 248.782 -6.12292 0
      vertex 248.256 -7.26384 12
      vertex 248.256 -7.26384 0
    endloop
  endfacet
  facet normal 0.938148 -0.346236 0
    outer loop
      vertex 248.782 -6.12292 12
      vertex 249.217 -4.94426 0
      vertex 249.217 -4.94426 12
    endloop
  endfacet
  facet normal 0.938148 -0.346236 0
    outer loop
      vertex 249.217 -4.94426 0
      vertex 248.782 -6.12292 12
      vertex 248.782 -6.12292 0
    endloop
  endfacet
  facet normal 0.962458 -0.271431 0
    outer loop
      vertex 249.217 -4.94426 12
      vertex 249.558 -3.73512 0
      vertex 249.558 -3.73512 12
    endloop
  endfacet
  facet normal 0.962458 -0.271431 0
    outer loop
      vertex 249.558 -3.73512 0
      vertex 249.217 -4.94426 12
      vertex 249.217 -4.94426 0
    endloop
  endfacet
  facet normal 0.9808 -0.195017 0
    outer loop
      vertex 249.558 -3.73512 12
      vertex 249.803 -2.50294 0
      vertex 249.803 -2.50294 12
    endloop
  endfacet
  facet normal 0.9808 -0.195017 0
    outer loop
      vertex 249.803 -2.50294 0
      vertex 249.558 -3.73512 12
      vertex 249.558 -3.73512 0
    endloop
  endfacet
  facet normal 0.993037 -0.117802 0
    outer loop
      vertex 249.803 -2.50294 12
      vertex 249.951 -1.25534 0
      vertex 249.951 -1.25534 12
    endloop
  endfacet
  facet normal 0.993037 -0.117802 0
    outer loop
      vertex 249.951 -1.25534 0
      vertex 249.803 -2.50294 12
      vertex 249.803 -2.50294 0
    endloop
  endfacet
  facet normal 0.999239 -0.0390035 0
    outer loop
      vertex 249.951 -1.25534 12
      vertex 250 0 0
      vertex 250 0 12
    endloop
  endfacet
  facet normal 0.999239 -0.0390035 0
    outer loop
      vertex 250 0 0
      vertex 249.951 -1.25534 12
      vertex 249.951 -1.25534 0
    endloop
  endfacet
  facet normal 0.999239 0.0390035 0
    outer loop
      vertex 250 0 12
      vertex 249.951 1.25534 0
      vertex 249.951 1.25534 12
    endloop
  endfacet
  facet normal 0.999239 0.0390035 0
    outer loop
      vertex 249.951 1.25534 0
      vertex 250 0 12
      vertex 250 0 0
    endloop
  endfacet
  facet normal 0.993037 0.117802 0
    outer loop
      vertex 249.951 1.25534 12
      vertex 249.803 2.50294 0
      vertex 249.803 2.50294 12
    endloop
  endfacet
  facet normal 0.993037 0.117802 0
    outer loop
      vertex 249.803 2.50294 0
      vertex 249.951 1.25534 12
      vertex 249.951 1.25534 0
    endloop
  endfacet
  facet normal 0.9808 0.195017 0
    outer loop
      vertex 249.803 2.50294 12
      vertex 249.558 3.73512 0
      vertex 249.558 3.73512 12
    endloop
  endfacet
  facet normal 0.9808 0.195017 0
    outer loop
      vertex 249.558 3.73512 0
      vertex 249.803 2.50294 12
      vertex 249.803 2.50294 0
    endloop
  endfacet
  facet normal 0.962458 0.271431 0
    outer loop
      vertex 249.558 3.73512 12
      vertex 249.217 4.94426 0
      vertex 249.217 4.94426 12
    endloop
  endfacet
  facet normal 0.962458 0.271431 0
    outer loop
      vertex 249.217 4.94426 0
      vertex 249.558 3.73512 12
      vertex 249.558 3.73512 0
    endloop
  endfacet
  facet normal 0.938148 0.346236 0
    outer loop
      vertex 249.217 4.94426 12
      vertex 248.782 6.12292 0
      vertex 248.782 6.12292 12
    endloop
  endfacet
  facet normal 0.938148 0.346236 0
    outer loop
      vertex 248.782 6.12292 0
      vertex 249.217 4.94426 12
      vertex 249.217 4.94426 0
    endloop
  endfacet
  facet normal 0.908134 0.418679 0
    outer loop
      vertex 248.782 6.12292 12
      vertex 248.256 7.26384 0
      vertex 248.256 7.26384 12
    endloop
  endfacet
  facet normal 0.908134 0.418679 0
    outer loop
      vertex 248.256 7.26384 0
      vertex 248.782 6.12292 12
      vertex 248.782 6.12292 0
    endloop
  endfacet
  facet normal 0.872449 0.488705 0
    outer loop
      vertex 248.256 7.26384 12
      vertex 247.642 8.35997 0
      vertex 247.642 8.35997 12
    endloop
  endfacet
  facet normal 0.872449 0.488705 0
    outer loop
      vertex 247.642 8.35997 0
      vertex 248.256 7.26384 12
      vertex 248.256 7.26384 0
    endloop
  endfacet
  facet normal 0.83146 0.555585 0
    outer loop
      vertex 247.642 8.35997 12
      vertex 246.944 9.40456 0
      vertex 246.944 9.40456 12
    endloop
  endfacet
  facet normal 0.83146 0.555585 0
    outer loop
      vertex 246.944 9.40456 0
      vertex 247.642 8.35997 12
      vertex 247.642 8.35997 0
    endloop
  endfacet
  facet normal 0.785241 0.61919 0
    outer loop
      vertex 246.944 9.40456 12
      vertex 246.166 10.3912 0
      vertex 246.166 10.3912 12
    endloop
  endfacet
  facet normal 0.785241 0.61919 0
    outer loop
      vertex 246.166 10.3912 0
      vertex 246.944 9.40456 12
      vertex 246.944 9.40456 0
    endloop
  endfacet
  facet normal 0.73462 0.678479 0
    outer loop
      vertex 246.166 10.3912 12
      vertex 245.314 11.3137 0
      vertex 245.314 11.3137 12
    endloop
  endfacet
  facet normal 0.73462 0.678479 0
    outer loop
      vertex 245.314 11.3137 0
      vertex 246.166 10.3912 12
      vertex 246.166 10.3912 0
    endloop
  endfacet
  facet normal 0.678624 0.734486 -0
    outer loop
      vertex 245.314 11.3137 0
      vertex 244.391 12.1665 12
      vertex 245.314 11.3137 12
    endloop
  endfacet
  facet normal 0.678624 0.734486 0
    outer loop
      vertex 244.391 12.1665 12
      vertex 245.314 11.3137 0
      vertex 244.391 12.1665 0
    endloop
  endfacet
  facet normal 0.61934 0.785123 -0
    outer loop
      vertex 244.391 12.1665 0
      vertex 243.405 12.9443 12
      vertex 244.391 12.1665 12
    endloop
  endfacet
  facet normal 0.61934 0.785123 0
    outer loop
      vertex 243.405 12.9443 12
      vertex 244.391 12.1665 0
      vertex 243.405 12.9443 0
    endloop
  endfacet
  facet normal 0.555379 0.831597 -0
    outer loop
      vertex 243.405 12.9443 0
      vertex 242.36 13.6422 12
      vertex 243.405 12.9443 12
    endloop
  endfacet
  facet normal 0.555379 0.831597 0
    outer loop
      vertex 242.36 13.6422 12
      vertex 243.405 12.9443 0
      vertex 242.36 13.6422 0
    endloop
  endfacet
  facet normal 0.488688 0.872459 -0
    outer loop
      vertex 242.36 13.6422 0
      vertex 241.264 14.2561 12
      vertex 242.36 13.6422 12
    endloop
  endfacet
  facet normal 0.488688 0.872459 0
    outer loop
      vertex 241.264 14.2561 12
      vertex 242.36 13.6422 0
      vertex 241.264 14.2561 0
    endloop
  endfacet
  facet normal 0.418654 0.908146 -0
    outer loop
      vertex 241.264 14.2561 0
      vertex 240.123 14.7821 12
      vertex 241.264 14.2561 12
    endloop
  endfacet
  facet normal 0.418654 0.908146 0
    outer loop
      vertex 240.123 14.7821 12
      vertex 241.264 14.2561 0
      vertex 240.123 14.7821 0
    endloop
  endfacet
  facet normal 0.346008 0.938232 -0
    outer loop
      vertex 240.123 14.7821 0
      vertex 238.944 15.2169 12
      vertex 240.123 14.7821 12
    endloop
  endfacet
  facet normal 0.346008 0.938232 0
    outer loop
      vertex 238.944 15.2169 12
      vertex 240.123 14.7821 0
      vertex 238.944 15.2169 0
    endloop
  endfacet
  facet normal 0.27146 0.96245 -0
    outer loop
      vertex 238.944 15.2169 0
      vertex 237.735 15.5579 12
      vertex 238.944 15.2169 12
    endloop
  endfacet
  facet normal 0.27146 0.96245 0
    outer loop
      vertex 237.735 15.5579 12
      vertex 238.944 15.2169 0
      vertex 237.735 15.5579 0
    endloop
  endfacet
  facet normal 0.195121 0.980779 -0
    outer loop
      vertex 237.735 15.5579 0
      vertex 236.503 15.803 12
      vertex 237.735 15.5579 12
    endloop
  endfacet
  facet normal 0.195121 0.980779 0
    outer loop
      vertex 236.503 15.803 12
      vertex 237.735 15.5579 0
      vertex 236.503 15.803 0
    endloop
  endfacet
  facet normal 0.117529 0.993069 -0
    outer loop
      vertex 236.503 15.803 0
      vertex 235.255 15.9507 12
      vertex 236.503 15.803 12
    endloop
  endfacet
  facet normal 0.117529 0.993069 0
    outer loop
      vertex 235.255 15.9507 12
      vertex 236.503 15.803 0
      vertex 235.255 15.9507 0
    endloop
  endfacet
  facet normal 0.0392526 0.999229 -0
    outer loop
      vertex 235.255 15.9507 0
      vertex 234 16 12
      vertex 235.255 15.9507 12
    endloop
  endfacet
  facet normal 0.0392526 0.999229 0
    outer loop
      vertex 234 16 12
      vertex 235.255 15.9507 0
      vertex 234 16 0
    endloop
  endfacet
  facet normal -0.0392526 0.999229 0
    outer loop
      vertex 234 16 0
      vertex 232.745 15.9507 12
      vertex 234 16 12
    endloop
  endfacet
  facet normal -0.0392526 0.999229 0
    outer loop
      vertex 232.745 15.9507 12
      vertex 234 16 0
      vertex 232.745 15.9507 0
    endloop
  endfacet
  facet normal -0.117529 0.993069 0
    outer loop
      vertex 232.745 15.9507 0
      vertex 231.497 15.803 12
      vertex 232.745 15.9507 12
    endloop
  endfacet
  facet normal -0.117529 0.993069 0
    outer loop
      vertex 231.497 15.803 12
      vertex 232.745 15.9507 0
      vertex 231.497 15.803 0
    endloop
  endfacet
  facet normal -0.195121 0.980779 0
    outer loop
      vertex 231.497 15.803 0
      vertex 230.265 15.5579 12
      vertex 231.497 15.803 12
    endloop
  endfacet
  facet normal -0.195121 0.980779 0
    outer loop
      vertex 230.265 15.5579 12
      vertex 231.497 15.803 0
      vertex 230.265 15.5579 0
    endloop
  endfacet
  facet normal -0.27146 0.96245 0
    outer loop
      vertex 230.265 15.5579 0
      vertex 229.056 15.2169 12
      vertex 230.265 15.5579 12
    endloop
  endfacet
  facet normal -0.27146 0.96245 0
    outer loop
      vertex 229.056 15.2169 12
      vertex 230.265 15.5579 0
      vertex 229.056 15.2169 0
    endloop
  endfacet
  facet normal -0.346008 0.938232 0
    outer loop
      vertex 229.056 15.2169 0
      vertex 227.877 14.7821 12
      vertex 229.056 15.2169 12
    endloop
  endfacet
  facet normal -0.346008 0.938232 0
    outer loop
      vertex 227.877 14.7821 12
      vertex 229.056 15.2169 0
      vertex 227.877 14.7821 0
    endloop
  endfacet
  facet normal -0.418654 0.908146 0
    outer loop
      vertex 227.877 14.7821 0
      vertex 226.736 14.2561 12
      vertex 227.877 14.7821 12
    endloop
  endfacet
  facet normal -0.418654 0.908146 0
    outer loop
      vertex 226.736 14.2561 12
      vertex 227.877 14.7821 0
      vertex 226.736 14.2561 0
    endloop
  endfacet
  facet normal -0.488688 0.872459 0
    outer loop
      vertex 226.736 14.2561 0
      vertex 225.64 13.6422 12
      vertex 226.736 14.2561 12
    endloop
  endfacet
  facet normal -0.488688 0.872459 0
    outer loop
      vertex 225.64 13.6422 12
      vertex 226.736 14.2561 0
      vertex 225.64 13.6422 0
    endloop
  endfacet
  facet normal -0.555379 0.831597 0
    outer loop
      vertex 225.64 13.6422 0
      vertex 224.595 12.9443 12
      vertex 225.64 13.6422 12
    endloop
  endfacet
  facet normal -0.555379 0.831597 0
    outer loop
      vertex 224.595 12.9443 12
      vertex 225.64 13.6422 0
      vertex 224.595 12.9443 0
    endloop
  endfacet
  facet normal -0.61934 0.785123 0
    outer loop
      vertex 224.595 12.9443 0
      vertex 223.609 12.1665 12
      vertex 224.595 12.9443 12
    endloop
  endfacet
  facet normal -0.61934 0.785123 0
    outer loop
      vertex 223.609 12.1665 12
      vertex 224.595 12.9443 0
      vertex 223.609 12.1665 0
    endloop
  endfacet
  facet normal -0.678624 0.734486 0
    outer loop
      vertex 223.609 12.1665 0
      vertex 222.686 11.3137 12
      vertex 223.609 12.1665 12
    endloop
  endfacet
  facet normal -0.678624 0.734486 0
    outer loop
      vertex 222.686 11.3137 12
      vertex 223.609 12.1665 0
      vertex 222.686 11.3137 0
    endloop
  endfacet
  facet normal -0.734223 0.678908 0
    outer loop
      vertex 221.833 10.3912 0
      vertex 222.686 11.3137 12
      vertex 222.686 11.3137 0
    endloop
  endfacet
  facet normal -0.734223 0.678908 0
    outer loop
      vertex 222.686 11.3137 12
      vertex 221.833 10.3912 0
      vertex 221.833 10.3912 12
    endloop
  endfacet
  facet normal -0.785705 0.618602 0
    outer loop
      vertex 221.525 10 0
      vertex 221.833 10.3912 12
      vertex 221.833 10.3912 0
    endloop
  endfacet
  facet normal -0.785705 0.618602 0
    outer loop
      vertex 221.833 10.3912 12
      vertex 221.525 10 0
      vertex 221.525 10 12
    endloop
  endfacet
  facet normal 0 1 -0
    outer loop
      vertex 221.525 10 0
      vertex 194 10 12
      vertex 221.525 10 12
    endloop
  endfacet
  facet normal 0 1 0
    outer loop
      vertex 194 10 12
      vertex 221.525 10 0
      vertex 194 10 0
    endloop
  endfacet
  facet normal 1 -0 0
    outer loop
      vertex 194 10 12
      vertex 194 36 0
      vertex 194 36 12
    endloop
  endfacet
  facet normal 1 0 0
    outer loop
      vertex 194 36 0
      vertex 194 10 12
      vertex 194 10 0
    endloop
  endfacet
  facet normal 0.999186 0.0403326 0
    outer loop
      vertex 194 36 12
      vertex 193.981 36.4707 0
      vertex 193.981 36.4707 12
    endloop
  endfacet
  facet normal 0.999186 0.0403326 0
    outer loop
      vertex 193.981 36.4707 0
      vertex 194 36 12
      vertex 194 36 0
    endloop
  endfacet
  facet normal 0.993162 0.116743 0
    outer loop
      vertex 193.981 36.4707 12
      vertex 193.926 36.9386 0
      vertex 193.926 36.9386 12
    endloop
  endfacet
  facet normal 0.993162 0.116743 0
    outer loop
      vertex 193.926 36.9386 0
      vertex 193.981 36.4707 12
      vertex 193.981 36.4707 0
    endloop
  endfacet
  facet normal 0.980752 0.195259 0
    outer loop
      vertex 193.926 36.9386 12
      vertex 193.834 37.4007 0
      vertex 193.834 37.4007 12
    endloop
  endfacet
  facet normal 0.980752 0.195259 0
    outer loop
      vertex 193.834 37.4007 0
      vertex 193.926 36.9386 12
      vertex 193.926 36.9386 0
    endloop
  endfacet
  facet normal 0.962384 0.271692 0
    outer loop
      vertex 193.834 37.4007 12
      vertex 193.706 37.8541 0
      vertex 193.706 37.8541 12
    endloop
  endfacet
  facet normal 0.962384 0.271692 0
    outer loop
      vertex 193.706 37.8541 0
      vertex 193.834 37.4007 12
      vertex 193.834 37.4007 0
    endloop
  endfacet
  facet normal 0.938234 0.346 0
    outer loop
      vertex 193.706 37.8541 12
      vertex 193.543 38.2961 0
      vertex 193.543 38.2961 12
    endloop
  endfacet
  facet normal 0.938234 0.346 0
    outer loop
      vertex 193.543 38.2961 0
      vertex 193.706 37.8541 12
      vertex 193.706 37.8541 0
    endloop
  endfacet
  facet normal 0.908319 0.418277 0
    outer loop
      vertex 193.543 38.2961 12
      vertex 193.346 38.7239 0
      vertex 193.346 38.7239 12
    endloop
  endfacet
  facet normal 0.908319 0.418277 0
    outer loop
      vertex 193.346 38.7239 0
      vertex 193.543 38.2961 12
      vertex 193.543 38.2961 0
    endloop
  endfacet
  facet normal 0.872701 0.488254 0
    outer loop
      vertex 193.346 38.7239 12
      vertex 193.116 39.135 0
      vertex 193.116 39.135 12
    endloop
  endfacet
  facet normal 0.872701 0.488254 0
    outer loop
      vertex 193.116 39.135 0
      vertex 193.346 38.7239 12
      vertex 193.346 38.7239 0
    endloop
  endfacet
  facet normal 0.831201 0.555973 0
    outer loop
      vertex 193.116 39.135 12
      vertex 192.854 39.5267 0
      vertex 192.854 39.5267 12
    endloop
  endfacet
  facet normal 0.831201 0.555973 0
    outer loop
      vertex 192.854 39.5267 0
      vertex 193.116 39.135 12
      vertex 193.116 39.135 0
    endloop
  endfacet
  facet normal 0.784991 0.619507 0
    outer loop
      vertex 192.854 39.5267 12
      vertex 192.562 39.8967 0
      vertex 192.562 39.8967 12
    endloop
  endfacet
  facet normal 0.784991 0.619507 0
    outer loop
      vertex 192.562 39.8967 0
      vertex 192.854 39.5267 12
      vertex 192.854 39.5267 0
    endloop
  endfacet
  facet normal 0.735113 0.677945 0
    outer loop
      vertex 192.562 39.8967 12
      vertex 192.243 40.2426 0
      vertex 192.243 40.2426 12
    endloop
  endfacet
  facet normal 0.735113 0.677945 0
    outer loop
      vertex 192.243 40.2426 0
      vertex 192.562 39.8967 12
      vertex 192.562 39.8967 0
    endloop
  endfacet
  facet normal 0.678756 0.734364 -0
    outer loop
      vertex 192.243 40.2426 0
      vertex 191.897 40.5624 12
      vertex 192.243 40.2426 12
    endloop
  endfacet
  facet normal 0.678756 0.734364 0
    outer loop
      vertex 191.897 40.5624 12
      vertex 192.243 40.2426 0
      vertex 191.897 40.5624 0
    endloop
  endfacet
  facet normal 0.619114 0.785301 -0
    outer loop
      vertex 191.897 40.5624 0
      vertex 191.527 40.8541 12
      vertex 191.897 40.5624 12
    endloop
  endfacet
  facet normal 0.619114 0.785301 0
    outer loop
      vertex 191.527 40.8541 12
      vertex 191.897 40.5624 0
      vertex 191.527 40.8541 0
    endloop
  endfacet
  facet normal 0.555239 0.831691 -0
    outer loop
      vertex 191.527 40.8541 0
      vertex 191.135 41.1158 12
      vertex 191.527 40.8541 12
    endloop
  endfacet
  facet normal 0.555239 0.831691 0
    outer loop
      vertex 191.135 41.1158 12
      vertex 191.527 40.8541 0
      vertex 191.135 41.1158 0
    endloop
  endfacet
  facet normal 0.488668 0.87247 -0
    outer loop
      vertex 191.135 41.1158 0
      vertex 190.724 41.346 12
      vertex 191.135 41.1158 12
    endloop
  endfacet
  facet normal 0.488668 0.87247 0
    outer loop
      vertex 190.724 41.346 12
      vertex 191.135 41.1158 0
      vertex 190.724 41.346 0
    endloop
  endfacet
  facet normal 0.418641 0.908152 -0
    outer loop
      vertex 190.724 41.346 0
      vertex 190.296 41.5433 12
      vertex 190.724 41.346 12
    endloop
  endfacet
  facet normal 0.418641 0.908152 0
    outer loop
      vertex 190.296 41.5433 12
      vertex 190.724 41.346 0
      vertex 190.296 41.5433 0
    endloop
  endfacet
  facet normal 0.346 0.938234 -0
    outer loop
      vertex 190.296 41.5433 0
      vertex 189.854 41.7063 12
      vertex 190.296 41.5433 12
    endloop
  endfacet
  facet normal 0.346 0.938234 0
    outer loop
      vertex 189.854 41.7063 12
      vertex 190.296 41.5433 0
      vertex 189.854 41.7063 0
    endloop
  endfacet
  facet normal 0.271717 0.962377 -0
    outer loop
      vertex 189.854 41.7063 0
      vertex 189.401 41.8342 12
      vertex 189.854 41.7063 12
    endloop
  endfacet
  facet normal 0.271717 0.962377 0
    outer loop
      vertex 189.401 41.8342 12
      vertex 189.854 41.7063 0
      vertex 189.401 41.8342 0
    endloop
  endfacet
  facet normal 0.195095 0.980784 -0
    outer loop
      vertex 189.401 41.8342 0
      vertex 188.939 41.9261 12
      vertex 189.401 41.8342 12
    endloop
  endfacet
  facet normal 0.195095 0.980784 0
    outer loop
      vertex 188.939 41.9261 12
      vertex 189.401 41.8342 0
      vertex 188.939 41.9261 0
    endloop
  endfacet
  facet normal 0.117555 0.993066 -0
    outer loop
      vertex 188.939 41.9261 0
      vertex 188.471 41.9815 12
      vertex 188.939 41.9261 12
    endloop
  endfacet
  facet normal 0.117555 0.993066 0
    outer loop
      vertex 188.471 41.9815 12
      vertex 188.939 41.9261 0
      vertex 188.471 41.9815 0
    endloop
  endfacet
  facet normal 0.0392479 0.99923 -0
    outer loop
      vertex 188.471 41.9815 0
      vertex 188 42 12
      vertex 188.471 41.9815 12
    endloop
  endfacet
  facet normal 0.0392479 0.99923 0
    outer loop
      vertex 188 42 12
      vertex 188.471 41.9815 0
      vertex 188 42 0
    endloop
  endfacet
  facet normal 0 1 -0
    outer loop
      vertex 188 42 0
      vertex 186 42 12
      vertex 188 42 12
    endloop
  endfacet
  facet normal 0 1 0
    outer loop
      vertex 186 42 12
      vertex 188 42 0
      vertex 186 42 0
    endloop
  endfacet
  facet normal -0.0392479 0.99923 0
    outer loop
      vertex 186 42 0
      vertex 185.529 41.9815 12
      vertex 186 42 12
    endloop
  endfacet
  facet normal -0.0392479 0.99923 0
    outer loop
      vertex 185.529 41.9815 12
      vertex 186 42 0
      vertex 185.529 41.9815 0
    endloop
  endfacet
  facet normal -0.117555 0.993066 0
    outer loop
      vertex 185.529 41.9815 0
      vertex 185.061 41.9261 12
      vertex 185.529 41.9815 12
    endloop
  endfacet
  facet normal -0.117555 0.993066 0
    outer loop
      vertex 185.061 41.9261 12
      vertex 185.529 41.9815 0
      vertex 185.061 41.9261 0
    endloop
  endfacet
  facet normal -0.195095 0.980784 0
    outer loop
      vertex 185.061 41.9261 0
      vertex 184.599 41.8342 12
      vertex 185.061 41.9261 12
    endloop
  endfacet
  facet normal -0.195095 0.980784 0
    outer loop
      vertex 184.599 41.8342 12
      vertex 185.061 41.9261 0
      vertex 184.599 41.8342 0
    endloop
  endfacet
  facet normal -0.271717 0.962377 0
    outer loop
      vertex 184.599 41.8342 0
      vertex 184.146 41.7063 12
      vertex 184.599 41.8342 12
    endloop
  endfacet
  facet normal -0.271717 0.962377 0
    outer loop
      vertex 184.146 41.7063 12
      vertex 184.599 41.8342 0
      vertex 184.146 41.7063 0
    endloop
  endfacet
  facet normal -0.346 0.938234 0
    outer loop
      vertex 184.146 41.7063 0
      vertex 183.704 41.5433 12
      vertex 184.146 41.7063 12
    endloop
  endfacet
  facet normal -0.346 0.938234 0
    outer loop
      vertex 183.704 41.5433 12
      vertex 184.146 41.7063 0
      vertex 183.704 41.5433 0
    endloop
  endfacet
  facet normal -0.418641 0.908152 0
    outer loop
      vertex 183.704 41.5433 0
      vertex 183.276 41.346 12
      vertex 183.704 41.5433 12
    endloop
  endfacet
  facet normal -0.418641 0.908152 0
    outer loop
      vertex 183.276 41.346 12
      vertex 183.704 41.5433 0
      vertex 183.276 41.346 0
    endloop
  endfacet
  facet normal -0.488668 0.87247 0
    outer loop
      vertex 183.276 41.346 0
      vertex 182.865 41.1158 12
      vertex 183.276 41.346 12
    endloop
  endfacet
  facet normal -0.488668 0.87247 0
    outer loop
      vertex 182.865 41.1158 12
      vertex 183.276 41.346 0
      vertex 182.865 41.1158 0
    endloop
  endfacet
  facet normal -0.555239 0.831691 0
    outer loop
      vertex 182.865 41.1158 0
      vertex 182.473 40.8541 12
      vertex 182.865 41.1158 12
    endloop
  endfacet
  facet normal -0.555239 0.831691 0
    outer loop
      vertex 182.473 40.8541 12
      vertex 182.865 41.1158 0
      vertex 182.473 40.8541 0
    endloop
  endfacet
  facet normal -0.619114 0.785301 0
    outer loop
      vertex 182.473 40.8541 0
      vertex 182.103 40.5624 12
      vertex 182.473 40.8541 12
    endloop
  endfacet
  facet normal -0.619114 0.785301 0
    outer loop
      vertex 182.103 40.5624 12
      vertex 182.473 40.8541 0
      vertex 182.103 40.5624 0
    endloop
  endfacet
  facet normal -0.678756 0.734364 0
    outer loop
      vertex 182.103 40.5624 0
      vertex 181.757 40.2426 12
      vertex 182.103 40.5624 12
    endloop
  endfacet
  facet normal -0.678756 0.734364 0
    outer loop
      vertex 181.757 40.2426 12
      vertex 182.103 40.5624 0
      vertex 181.757 40.2426 0
    endloop
  endfacet
  facet normal -0.735113 0.677945 0
    outer loop
      vertex 181.438 39.8967 0
      vertex 181.757 40.2426 12
      vertex 181.757 40.2426 0
    endloop
  endfacet
  facet normal -0.735113 0.677945 0
    outer loop
      vertex 181.757 40.2426 12
      vertex 181.438 39.8967 0
      vertex 181.438 39.8967 12
    endloop
  endfacet
  facet normal -0.784991 0.619507 0
    outer loop
      vertex 181.146 39.5267 0
      vertex 181.438 39.8967 12
      vertex 181.438 39.8967 0
    endloop
  endfacet
  facet normal -0.784991 0.619507 0
    outer loop
      vertex 181.438 39.8967 12
      vertex 181.146 39.5267 0
      vertex 181.146 39.5267 12
    endloop
  endfacet
  facet normal -0.831201 0.555973 0
    outer loop
      vertex 180.884 39.135 0
      vertex 181.146 39.5267 12
      vertex 181.146 39.5267 0
    endloop
  endfacet
  facet normal -0.831201 0.555973 0
    outer loop
      vertex 181.146 39.5267 12
      vertex 180.884 39.135 0
      vertex 180.884 39.135 12
    endloop
  endfacet
  facet normal -0.872701 0.488254 0
    outer loop
      vertex 180.654 38.7239 0
      vertex 180.884 39.135 12
      vertex 180.884 39.135 0
    endloop
  endfacet
  facet normal -0.872701 0.488254 0
    outer loop
      vertex 180.884 39.135 12
      vertex 180.654 38.7239 0
      vertex 180.654 38.7239 12
    endloop
  endfacet
  facet normal -0.908319 0.418277 0
    outer loop
      vertex 180.457 38.2961 0
      vertex 180.654 38.7239 12
      vertex 180.654 38.7239 0
    endloop
  endfacet
  facet normal -0.908319 0.418277 0
    outer loop
      vertex 180.654 38.7239 12
      vertex 180.457 38.2961 0
      vertex 180.457 38.2961 12
    endloop
  endfacet
  facet normal -0.938234 0.346 0
    outer loop
      vertex 180.294 37.8541 0
      vertex 180.457 38.2961 12
      vertex 180.457 38.2961 0
    endloop
  endfacet
  facet normal -0.938234 0.346 0
    outer loop
      vertex 180.457 38.2961 12
      vertex 180.294 37.8541 0
      vertex 180.294 37.8541 12
    endloop
  endfacet
  facet normal -0.962384 0.271692 0
    outer loop
      vertex 180.166 37.4007 0
      vertex 180.294 37.8541 12
      vertex 180.294 37.8541 0
    endloop
  endfacet
  facet normal -0.962384 0.271692 0
    outer loop
      vertex 180.294 37.8541 12
      vertex 180.166 37.4007 0
      vertex 180.166 37.4007 12
    endloop
  endfacet
  facet normal -0.980752 0.195259 0
    outer loop
      vertex 180.074 36.9386 0
      vertex 180.166 37.4007 12
      vertex 180.166 37.4007 0
    endloop
  endfacet
  facet normal -0.980752 0.195259 0
    outer loop
      vertex 180.166 37.4007 12
      vertex 180.074 36.9386 0
      vertex 180.074 36.9386 12
    endloop
  endfacet
  facet normal -0.993162 0.116743 0
    outer loop
      vertex 180.019 36.4707 0
      vertex 180.074 36.9386 12
      vertex 180.074 36.9386 0
    endloop
  endfacet
  facet normal -0.993162 0.116743 0
    outer loop
      vertex 180.074 36.9386 12
      vertex 180.019 36.4707 0
      vertex 180.019 36.4707 12
    endloop
  endfacet
  facet normal -0.999186 0.0403326 0
    outer loop
      vertex 180 36 0
      vertex 180.019 36.4707 12
      vertex 180.019 36.4707 0
    endloop
  endfacet
  facet normal -0.999186 0.0403326 0
    outer loop
      vertex 180.019 36.4707 12
      vertex 180 36 0
      vertex 180 36 12
    endloop
  endfacet
  facet normal -1 -0 0
    outer loop
      vertex 180 -24 2
      vertex 180 -36 0
      vertex 180 -24 10
    endloop
  endfacet
  facet normal -1 0 0
    outer loop
      vertex 180 -36 0
      vertex 180 -24 2
      vertex 180 -22 0
    endloop
  endfacet
  facet normal -1 0 0
    outer loop
      vertex 180 -36 12
      vertex 180 -24 10
      vertex 180 -36 0
    endloop
  endfacet
  facet normal -1 0 0
    outer loop
      vertex 180 -24 10
      vertex 180 -36 12
      vertex 180 -22 12
    endloop
  endfacet
  facet normal -1 0 0
    outer loop
      vertex 180 36 0
      vertex 180 24 2
      vertex 180 36 12
    endloop
  endfacet
  facet normal -1 0 -0
    outer loop
      vertex 180 24 2
      vertex 180 36 0
      vertex 180 22 0
    endloop
  endfacet
  facet normal -1 0 0
    outer loop
      vertex 180 24 10
      vertex 180 36 12
      vertex 180 24 2
    endloop
  endfacet
  facet normal -1 -0 0
    outer loop
      vertex 180 36 12
      vertex 180 24 10
      vertex 180 22 12
    endloop
  endfacet
  facet normal -0.999186 -0.0403326 0
    outer loop
      vertex 180.019 -36.4707 0
      vertex 180 -36 12
      vertex 180 -36 0
    endloop
  endfacet
  facet normal -0.999186 -0.0403326 0
    outer loop
      vertex 180 -36 12
      vertex 180.019 -36.4707 0
      vertex 180.019 -36.4707 12
    endloop
  endfacet
  facet normal -0.993162 -0.116743 0
    outer loop
      vertex 180.074 -36.9386 0
      vertex 180.019 -36.4707 12
      vertex 180.019 -36.4707 0
    endloop
  endfacet
  facet normal -0.993162 -0.116743 0
    outer loop
      vertex 180.019 -36.4707 12
      vertex 180.074 -36.9386 0
      vertex 180.074 -36.9386 12
    endloop
  endfacet
  facet normal -0.980752 -0.195259 0
    outer loop
      vertex 180.166 -37.4007 0
      vertex 180.074 -36.9386 12
      vertex 180.074 -36.9386 0
    endloop
  endfacet
  facet normal -0.980752 -0.195259 0
    outer loop
      vertex 180.074 -36.9386 12
      vertex 180.166 -37.4007 0
      vertex 180.166 -37.4007 12
    endloop
  endfacet
  facet normal -0.962384 -0.271692 0
    outer loop
      vertex 180.294 -37.8541 0
      vertex 180.166 -37.4007 12
      vertex 180.166 -37.4007 0
    endloop
  endfacet
  facet normal -0.962384 -0.271692 0
    outer loop
      vertex 180.166 -37.4007 12
      vertex 180.294 -37.8541 0
      vertex 180.294 -37.8541 12
    endloop
  endfacet
  facet normal -0.938234 -0.346 0
    outer loop
      vertex 180.457 -38.2961 0
      vertex 180.294 -37.8541 12
      vertex 180.294 -37.8541 0
    endloop
  endfacet
  facet normal -0.938234 -0.346 0
    outer loop
      vertex 180.294 -37.8541 12
      vertex 180.457 -38.2961 0
      vertex 180.457 -38.2961 12
    endloop
  endfacet
  facet normal -0.908319 -0.418277 0
    outer loop
      vertex 180.654 -38.7239 0
      vertex 180.457 -38.2961 12
      vertex 180.457 -38.2961 0
    endloop
  endfacet
  facet normal -0.908319 -0.418277 0
    outer loop
      vertex 180.457 -38.2961 12
      vertex 180.654 -38.7239 0
      vertex 180.654 -38.7239 12
    endloop
  endfacet
  facet normal -0.872701 -0.488254 0
    outer loop
      vertex 180.884 -39.135 0
      vertex 180.654 -38.7239 12
      vertex 180.654 -38.7239 0
    endloop
  endfacet
  facet normal -0.872701 -0.488254 0
    outer loop
      vertex 180.654 -38.7239 12
      vertex 180.884 -39.135 0
      vertex 180.884 -39.135 12
    endloop
  endfacet
  facet normal -0.831201 -0.555973 0
    outer loop
      vertex 181.146 -39.5267 0
      vertex 180.884 -39.135 12
      vertex 180.884 -39.135 0
    endloop
  endfacet
  facet normal -0.831201 -0.555973 0
    outer loop
      vertex 180.884 -39.135 12
      vertex 181.146 -39.5267 0
      vertex 181.146 -39.5267 12
    endloop
  endfacet
  facet normal -0.784991 -0.619507 0
    outer loop
      vertex 181.438 -39.8967 0
      vertex 181.146 -39.5267 12
      vertex 181.146 -39.5267 0
    endloop
  endfacet
  facet normal -0.784991 -0.619507 0
    outer loop
      vertex 181.146 -39.5267 12
      vertex 181.438 -39.8967 0
      vertex 181.438 -39.8967 12
    endloop
  endfacet
  facet normal -0.735113 -0.677945 0
    outer loop
      vertex 181.757 -40.2426 0
      vertex 181.438 -39.8967 12
      vertex 181.438 -39.8967 0
    endloop
  endfacet
  facet normal -0.735113 -0.677945 0
    outer loop
      vertex 181.438 -39.8967 12
      vertex 181.757 -40.2426 0
      vertex 181.757 -40.2426 12
    endloop
  endfacet
  facet normal -0.678756 -0.734364 0
    outer loop
      vertex 181.757 -40.2426 0
      vertex 182.103 -40.5624 12
      vertex 181.757 -40.2426 12
    endloop
  endfacet
  facet normal -0.678756 -0.734364 -0
    outer loop
      vertex 182.103 -40.5624 12
      vertex 181.757 -40.2426 0
      vertex 182.103 -40.5624 0
    endloop
  endfacet
  facet normal -0.619114 -0.785301 0
    outer loop
      vertex 182.103 -40.5624 0
      vertex 182.473 -40.8541 12
      vertex 182.103 -40.5624 12
    endloop
  endfacet
  facet normal -0.619114 -0.785301 -0
    outer loop
      vertex 182.473 -40.8541 12
      vertex 182.103 -40.5624 0
      vertex 182.473 -40.8541 0
    endloop
  endfacet
  facet normal -0.555239 -0.831691 0
    outer loop
      vertex 182.473 -40.8541 0
      vertex 182.865 -41.1158 12
      vertex 182.473 -40.8541 12
    endloop
  endfacet
  facet normal -0.555239 -0.831691 -0
    outer loop
      vertex 182.865 -41.1158 12
      vertex 182.473 -40.8541 0
      vertex 182.865 -41.1158 0
    endloop
  endfacet
  facet normal -0.488668 -0.87247 0
    outer loop
      vertex 182.865 -41.1158 0
      vertex 183.276 -41.346 12
      vertex 182.865 -41.1158 12
    endloop
  endfacet
  facet normal -0.488668 -0.87247 -0
    outer loop
      vertex 183.276 -41.346 12
      vertex 182.865 -41.1158 0
      vertex 183.276 -41.346 0
    endloop
  endfacet
  facet normal -0.418641 -0.908152 0
    outer loop
      vertex 183.276 -41.346 0
      vertex 183.704 -41.5433 12
      vertex 183.276 -41.346 12
    endloop
  endfacet
  facet normal -0.418641 -0.908152 -0
    outer loop
      vertex 183.704 -41.5433 12
      vertex 183.276 -41.346 0
      vertex 183.704 -41.5433 0
    endloop
  endfacet
  facet normal -0.346 -0.938234 0
    outer loop
      vertex 183.704 -41.5433 0
      vertex 184.146 -41.7063 12
      vertex 183.704 -41.5433 12
    endloop
  endfacet
  facet normal -0.346 -0.938234 -0
    outer loop
      vertex 184.146 -41.7063 12
      vertex 183.704 -41.5433 0
      vertex 184.146 -41.7063 0
    endloop
  endfacet
  facet normal -0.271717 -0.962377 0
    outer loop
      vertex 184.146 -41.7063 0
      vertex 184.599 -41.8342 12
      vertex 184.146 -41.7063 12
    endloop
  endfacet
  facet normal -0.271717 -0.962377 -0
    outer loop
      vertex 184.599 -41.8342 12
      vertex 184.146 -41.7063 0
      vertex 184.599 -41.8342 0
    endloop
  endfacet
  facet normal -0.195095 -0.980784 0
    outer loop
      vertex 184.599 -41.8342 0
      vertex 185.061 -41.9261 12
      vertex 184.599 -41.8342 12
    endloop
  endfacet
  facet normal -0.195095 -0.980784 -0
    outer loop
      vertex 185.061 -41.9261 12
      vertex 184.599 -41.8342 0
      vertex 185.061 -41.9261 0
    endloop
  endfacet
  facet normal -0.117555 -0.993066 0
    outer loop
      vertex 185.061 -41.9261 0
      vertex 185.529 -41.9815 12
      vertex 185.061 -41.9261 12
    endloop
  endfacet
  facet normal -0.117555 -0.993066 -0
    outer loop
      vertex 185.529 -41.9815 12
      vertex 185.061 -41.9261 0
      vertex 185.529 -41.9815 0
    endloop
  endfacet
  facet normal -0.0392479 -0.99923 0
    outer loop
      vertex 185.529 -41.9815 0
      vertex 186 -42 12
      vertex 185.529 -41.9815 12
    endloop
  endfacet
  facet normal -0.0392479 -0.99923 -0
    outer loop
      vertex 186 -42 12
      vertex 185.529 -41.9815 0
      vertex 186 -42 0
    endloop
  endfacet
  facet normal 0 -1 0
    outer loop
      vertex 186 -42 0
      vertex 188 -42 12
      vertex 186 -42 12
    endloop
  endfacet
  facet normal 0 -1 -0
    outer loop
      vertex 188 -42 12
      vertex 186 -42 0
      vertex 188 -42 0
    endloop
  endfacet
  facet normal 0.0392479 -0.99923 0
    outer loop
      vertex 188 -42 0
      vertex 188.471 -41.9815 12
      vertex 188 -42 12
    endloop
  endfacet
  facet normal 0.0392479 -0.99923 0
    outer loop
      vertex 188.471 -41.9815 12
      vertex 188 -42 0
      vertex 188.471 -41.9815 0
    endloop
  endfacet
  facet normal 0 0.707107 0.707107
    outer loop
      vertex 180 24 10
      vertex 44 22 12
      vertex 180 22 12
    endloop
  endfacet
  facet normal 0 0.707107 0.707107
    outer loop
      vertex 44 22 12
      vertex 180 24 10
      vertex 44 24 10
    endloop
  endfacet
  facet normal 0 -0.707107 -0.707107
    outer loop
      vertex 44 -22 0
      vertex 180 -24 2
      vertex 44 -24 2
    endloop
  endfacet
  facet normal 0 -0.707107 -0.707107
    outer loop
      vertex 180 -24 2
      vertex 44 -22 0
      vertex 180 -22 0
    endloop
  endfacet
  facet normal 0 1 -0
    outer loop
      vertex 180 24 2
      vertex 44 24 10
      vertex 180 24 10
    endloop
  endfacet
  facet normal 0 1 0
    outer loop
      vertex 44 24 10
      vertex 180 24 2
      vertex 44 24 2
    endloop
  endfacet
  facet normal 0 -0.707107 0.707107
    outer loop
      vertex 44 -24 10
      vertex 180 -22 12
      vertex 44 -22 12
    endloop
  endfacet
  facet normal 0 -0.707107 0.707107
    outer loop
      vertex 180 -22 12
      vertex 44 -24 10
      vertex 180 -24 10
    endloop
  endfacet
  facet normal 0 -1 0
    outer loop
      vertex 44 -24 2
      vertex 180 -24 10
      vertex 44 -24 10
    endloop
  endfacet
  facet normal 0 -1 -0
    outer loop
      vertex 180 -24 10
      vertex 44 -24 2
      vertex 180 -24 2
    endloop
  endfacet
  facet normal 0 0.707107 -0.707107
    outer loop
      vertex 180 22 0
      vertex 44 24 2
      vertex 180 24 2
    endloop
  endfacet
  facet normal 0 0.707107 -0.707107
    outer loop
      vertex 44 24 2
      vertex 180 22 0
      vertex 44 22 0
    endloop
  endfacet
  facet normal -0.993068 -0.117543 0
    outer loop
      vertex 9.69476 0.13338 0
      vertex 9.67907 0.265938 12
      vertex 9.67907 0.265938 0
    endloop
  endfacet
  facet normal -0.993068 -0.117543 0
    outer loop
      vertex 9.67907 0.265938 12
      vertex 9.69476 0.13338 0
      vertex 9.69476 0.13338 12
    endloop
  endfacet
  facet normal 0.734318 -0.678806 0
    outer loop
      vertex 6.70731 1.10406 12
      vertex 6.79792 1.20208 0
      vertex 6.79792 1.20208 12
    endloop
  endfacet
  facet normal 0.734318 -0.678806 0
    outer loop
      vertex 6.79792 1.20208 0
      vertex 6.70731 1.10406 12
      vertex 6.70731 1.10406 0
    endloop
  endfacet
  facet normal 0.962461 -0.271419 0
    outer loop
      vertex 6.34697 0.396856 12
      vertex 6.3832 0.525329 0
      vertex 6.3832 0.525329 12
    endloop
  endfacet
  facet normal 0.962461 -0.271419 0
    outer loop
      vertex 6.3832 0.525329 0
      vertex 6.34697 0.396856 12
      vertex 6.34697 0.396856 0
    endloop
  endfacet
  facet normal -0.734318 -0.678806 0
    outer loop
      vertex 9.29269 1.10406 0
      vertex 9.20208 1.20208 12
      vertex 9.20208 1.20208 0
    endloop
  endfacet
  facet normal -0.734318 -0.678806 0
    outer loop
      vertex 9.20208 1.20208 12
      vertex 9.29269 1.10406 0
      vertex 9.29269 1.10406 12
    endloop
  endfacet
  facet normal -0.619088 -0.785322 0
    outer loop
      vertex 8.99923 1.37533 0
      vertex 9.10406 1.29269 12
      vertex 8.99923 1.37533 12
    endloop
  endfacet
  facet normal -0.619088 -0.785322 -0
    outer loop
      vertex 9.10406 1.29269 12
      vertex 8.99923 1.37533 0
      vertex 9.10406 1.29269 0
    endloop
  endfacet
  facet normal 0.039256 -0.999229 0
    outer loop
      vertex 7.86662 1.69476 0
      vertex 8 1.7 12
      vertex 7.86662 1.69476 12
    endloop
  endfacet
  facet normal 0.039256 -0.999229 0
    outer loop
      vertex 8 1.7 12
      vertex 7.86662 1.69476 0
      vertex 8 1.7 0
    endloop
  endfacet
  facet normal 0.678806 0.734318 -0
    outer loop
      vertex 6.89594 -1.29269 0
      vertex 6.79792 -1.20208 12
      vertex 6.89594 -1.29269 12
    endloop
  endfacet
  facet normal 0.678806 0.734318 0
    outer loop
      vertex 6.79792 -1.20208 12
      vertex 6.89594 -1.29269 0
      vertex 6.79792 -1.20208 0
    endloop
  endfacet
  facet normal 0.619124 -0.785293 0
    outer loop
      vertex 6.89594 1.29269 0
      vertex 7.00076 1.37533 12
      vertex 6.89594 1.29269 12
    endloop
  endfacet
  facet normal 0.619124 -0.785293 0
    outer loop
      vertex 7.00076 1.37533 12
      vertex 6.89594 1.29269 0
      vertex 7.00076 1.37533 0
    endloop
  endfacet
  facet normal -0.831467 0.555575 0
    outer loop
      vertex 9.37533 -0.999234 0
      vertex 9.44949 -0.888247 12
      vertex 9.44949 -0.888247 0
    endloop
  endfacet
  facet normal -0.831467 0.555575 0
    outer loop
      vertex 9.44949 -0.888247 12
      vertex 9.37533 -0.999234 0
      vertex 9.37533 -0.999234 12
    endloop
  endfacet
  facet normal -0.999229 0.039256 0
    outer loop
      vertex 9.69476 -0.13338 0
      vertex 9.7 0 12
      vertex 9.7 0 0
    endloop
  endfacet
  facet normal -0.999229 0.039256 0
    outer loop
      vertex 9.7 0 12
      vertex 9.69476 -0.13338 0
      vertex 9.69476 -0.13338 12
    endloop
  endfacet
  facet normal 0.999229 0.039256 0
    outer loop
      vertex 6.30524 -0.13338 12
      vertex 6.3 0 0
      vertex 6.3 0 12
    endloop
  endfacet
  facet normal 0.999229 0.039256 0
    outer loop
      vertex 6.3 0 0
      vertex 6.30524 -0.13338 12
      vertex 6.30524 -0.13338 0
    endloop
  endfacet
  facet normal -0.993068 0.117543 0
    outer loop
      vertex 9.67907 -0.265938 0
      vertex 9.69476 -0.13338 12
      vertex 9.69476 -0.13338 0
    endloop
  endfacet
  facet normal -0.993068 0.117543 0
    outer loop
      vertex 9.69476 -0.13338 12
      vertex 9.67907 -0.265938 0
      vertex 9.67907 -0.265938 12
    endloop
  endfacet
  facet normal -0.908156 -0.418632 0
    outer loop
      vertex 9.57059 0.650561 0
      vertex 9.51471 0.771784 12
      vertex 9.51471 0.771784 0
    endloop
  endfacet
  facet normal -0.908156 -0.418632 0
    outer loop
      vertex 9.51471 0.771784 12
      vertex 9.57059 0.650561 0
      vertex 9.57059 0.650561 12
    endloop
  endfacet
  facet normal 0.999229 -0.039256 0
    outer loop
      vertex 6.3 0 12
      vertex 6.30524 0.13338 0
      vertex 6.30524 0.13338 12
    endloop
  endfacet
  facet normal 0.999229 -0.039256 0
    outer loop
      vertex 6.30524 0.13338 0
      vertex 6.3 0 12
      vertex 6.3 0 0
    endloop
  endfacet
  facet normal 0.938193 0.346114 0
    outer loop
      vertex 6.4294 -0.650561 12
      vertex 6.3832 -0.525329 0
      vertex 6.3832 -0.525329 12
    endloop
  endfacet
  facet normal 0.938193 0.346114 0
    outer loop
      vertex 6.3832 -0.525329 0
      vertex 6.4294 -0.650561 12
      vertex 6.4294 -0.650561 0
    endloop
  endfacet
  facet normal 0.117541 -0.993068 0
    outer loop
      vertex 7.73406 1.67907 0
      vertex 7.86662 1.69476 12
      vertex 7.73406 1.67907 12
    endloop
  endfacet
  facet normal 0.117541 -0.993068 0
    outer loop
      vertex 7.86662 1.69476 12
      vertex 7.73406 1.67907 0
      vertex 7.86662 1.69476 0
    endloop
  endfacet
  facet normal -0.117541 0.993068 0
    outer loop
      vertex 8.26594 -1.67907 0
      vertex 8.13338 -1.69476 12
      vertex 8.26594 -1.67907 12
    endloop
  endfacet
  facet normal -0.117541 0.993068 0
    outer loop
      vertex 8.13338 -1.69476 12
      vertex 8.26594 -1.67907 0
      vertex 8.13338 -1.69476 0
    endloop
  endfacet
  facet normal -0.999229 -0.039256 0
    outer loop
      vertex 9.7 0 0
      vertex 9.69476 0.13338 12
      vertex 9.69476 0.13338 0
    endloop
  endfacet
  facet normal -0.999229 -0.039256 0
    outer loop
      vertex 9.69476 0.13338 12
      vertex 9.7 0 0
      vertex 9.7 0 12
    endloop
  endfacet
  facet normal -0.346184 -0.938166 0
    outer loop
      vertex 8.52533 1.6168 0
      vertex 8.65056 1.57059 12
      vertex 8.52533 1.6168 12
    endloop
  endfacet
  facet normal -0.346184 -0.938166 -0
    outer loop
      vertex 8.65056 1.57059 12
      vertex 8.52533 1.6168 0
      vertex 8.65056 1.57059 0
    endloop
  endfacet
  facet normal -0.980787 -0.195082 0
    outer loop
      vertex 9.67907 0.265938 0
      vertex 9.65303 0.396856 12
      vertex 9.65303 0.396856 0
    endloop
  endfacet
  facet normal -0.980787 -0.195082 0
    outer loop
      vertex 9.65303 0.396856 12
      vertex 9.67907 0.265938 0
      vertex 9.67907 0.265938 12
    endloop
  endfacet
  facet normal -0.039256 -0.999229 0
    outer loop
      vertex 8 1.7 0
      vertex 8.13338 1.69476 12
      vertex 8 1.7 12
    endloop
  endfacet
  facet normal -0.039256 -0.999229 -0
    outer loop
      vertex 8.13338 1.69476 12
      vertex 8 1.7 0
      vertex 8.13338 1.69476 0
    endloop
  endfacet
  facet normal 0.195079 0.980788 -0
    outer loop
      vertex 7.73406 -1.67907 0
      vertex 7.60314 -1.65303 12
      vertex 7.73406 -1.67907 12
    endloop
  endfacet
  facet normal 0.195079 0.980788 0
    outer loop
      vertex 7.60314 -1.65303 12
      vertex 7.73406 -1.67907 0
      vertex 7.60314 -1.65303 0
    endloop
  endfacet
  facet normal 0.271425 0.96246 -0
    outer loop
      vertex 7.60314 -1.65303 0
      vertex 7.47467 -1.6168 12
      vertex 7.60314 -1.65303 12
    endloop
  endfacet
  facet normal 0.271425 0.96246 0
    outer loop
      vertex 7.47467 -1.6168 12
      vertex 7.60314 -1.65303 0
      vertex 7.47467 -1.6168 0
    endloop
  endfacet
  facet normal -0.962461 0.271419 0
    outer loop
      vertex 9.6168 -0.525329 0
      vertex 9.65303 -0.396856 12
      vertex 9.65303 -0.396856 0
    endloop
  endfacet
  facet normal -0.962461 0.271419 0
    outer loop
      vertex 9.65303 -0.396856 12
      vertex 9.6168 -0.525329 0
      vertex 9.6168 -0.525329 12
    endloop
  endfacet
  facet normal -0.962461 -0.271419 0
    outer loop
      vertex 9.65303 0.396856 0
      vertex 9.6168 0.525329 12
      vertex 9.6168 0.525329 0
    endloop
  endfacet
  facet normal -0.962461 -0.271419 0
    outer loop
      vertex 9.6168 0.525329 12
      vertex 9.65303 0.396856 0
      vertex 9.65303 0.396856 12
    endloop
  endfacet
  facet normal -0.831467 -0.555575 0
    outer loop
      vertex 9.44949 0.888247 0
      vertex 9.37533 0.999234 12
      vertex 9.37533 0.999234 0
    endloop
  endfacet
  facet normal -0.831467 -0.555575 0
    outer loop
      vertex 9.37533 0.999234 12
      vertex 9.44949 0.888247 0
      vertex 9.44949 0.888247 12
    endloop
  endfacet
  facet normal 0.346184 -0.938166 0
    outer loop
      vertex 7.34944 1.57059 0
      vertex 7.47467 1.6168 12
      vertex 7.34944 1.57059 12
    endloop
  endfacet
  facet normal 0.346184 -0.938166 0
    outer loop
      vertex 7.47467 1.6168 12
      vertex 7.34944 1.57059 0
      vertex 7.47467 1.6168 0
    endloop
  endfacet
  facet normal -0.555599 0.83145 0
    outer loop
      vertex 8.99923 -1.37533 0
      vertex 8.88825 -1.44949 12
      vertex 8.99923 -1.37533 12
    endloop
  endfacet
  facet normal -0.555599 0.83145 0
    outer loop
      vertex 8.88825 -1.44949 12
      vertex 8.99923 -1.37533 0
      vertex 8.88825 -1.44949 0
    endloop
  endfacet
  facet normal 0.678806 -0.734318 0
    outer loop
      vertex 6.79792 1.20208 0
      vertex 6.89594 1.29269 12
      vertex 6.79792 1.20208 12
    endloop
  endfacet
  facet normal 0.678806 -0.734318 0
    outer loop
      vertex 6.89594 1.29269 12
      vertex 6.79792 1.20208 0
      vertex 6.89594 1.29269 0
    endloop
  endfacet
  facet normal -0.117541 -0.993068 0
    outer loop
      vertex 8.13338 1.69476 0
      vertex 8.26594 1.67907 12
      vertex 8.13338 1.69476 12
    endloop
  endfacet
  facet normal -0.117541 -0.993068 -0
    outer loop
      vertex 8.26594 1.67907 12
      vertex 8.13338 1.69476 0
      vertex 8.26594 1.67907 0
    endloop
  endfacet
  facet normal 0.346184 0.938166 -0
    outer loop
      vertex 7.47467 -1.6168 0
      vertex 7.34944 -1.57059 12
      vertex 7.47467 -1.6168 12
    endloop
  endfacet
  facet normal 0.346184 0.938166 0
    outer loop
      vertex 7.34944 -1.57059 12
      vertex 7.47467 -1.6168 0
      vertex 7.34944 -1.57059 0
    endloop
  endfacet
  facet normal -0.41864 0.908152 0
    outer loop
      vertex 8.77178 -1.51471 0
      vertex 8.65056 -1.57059 12
      vertex 8.77178 -1.51471 12
    endloop
  endfacet
  facet normal -0.41864 0.908152 0
    outer loop
      vertex 8.65056 -1.57059 12
      vertex 8.77178 -1.51471 0
      vertex 8.65056 -1.57059 0
    endloop
  endfacet
  facet normal 0.271425 -0.96246 0
    outer loop
      vertex 7.47467 1.6168 0
      vertex 7.60314 1.65303 12
      vertex 7.47467 1.6168 12
    endloop
  endfacet
  facet normal 0.271425 -0.96246 0
    outer loop
      vertex 7.60314 1.65303 12
      vertex 7.47467 1.6168 0
      vertex 7.60314 1.65303 0
    endloop
  endfacet
  facet normal 0.938193 -0.346114 0
    outer loop
      vertex 6.3832 0.525329 12
      vertex 6.4294 0.650561 0
      vertex 6.4294 0.650561 12
    endloop
  endfacet
  facet normal 0.938193 -0.346114 0
    outer loop
      vertex 6.4294 0.650561 0
      vertex 6.3832 0.525329 12
      vertex 6.3832 0.525329 0
    endloop
  endfacet
  facet normal -0.872504 0.488607 0
    outer loop
      vertex 9.44949 -0.888247 0
      vertex 9.51471 -0.771784 12
      vertex 9.51471 -0.771784 0
    endloop
  endfacet
  facet normal -0.872504 0.488607 0
    outer loop
      vertex 9.51471 -0.771784 12
      vertex 9.44949 -0.888247 0
      vertex 9.44949 -0.888247 12
    endloop
  endfacet
  facet normal 0.488585 -0.872516 0
    outer loop
      vertex 7.11175 1.44949 0
      vertex 7.22822 1.51471 12
      vertex 7.11175 1.44949 12
    endloop
  endfacet
  facet normal 0.488585 -0.872516 0
    outer loop
      vertex 7.22822 1.51471 12
      vertex 7.11175 1.44949 0
      vertex 7.22822 1.51471 0
    endloop
  endfacet
  facet normal -0.938168 0.34618 0
    outer loop
      vertex 9.57059 -0.650561 0
      vertex 9.6168 -0.525329 12
      vertex 9.6168 -0.525329 0
    endloop
  endfacet
  facet normal -0.938168 0.34618 0
    outer loop
      vertex 9.6168 -0.525329 12
      vertex 9.57059 -0.650561 0
      vertex 9.57059 -0.650561 12
    endloop
  endfacet
  facet normal 0.980787 0.195082 0
    outer loop
      vertex 6.34697 -0.396856 12
      vertex 6.32093 -0.265938 0
      vertex 6.32093 -0.265938 12
    endloop
  endfacet
  facet normal 0.980787 0.195082 0
    outer loop
      vertex 6.32093 -0.265938 0
      vertex 6.34697 -0.396856 12
      vertex 6.34697 -0.396856 0
    endloop
  endfacet
  facet normal -0.78531 0.619102 0
    outer loop
      vertex 9.29269 -1.10406 0
      vertex 9.37533 -0.999234 12
      vertex 9.37533 -0.999234 0
    endloop
  endfacet
  facet normal -0.78531 0.619102 0
    outer loop
      vertex 9.37533 -0.999234 12
      vertex 9.29269 -1.10406 0
      vertex 9.29269 -1.10406 12
    endloop
  endfacet
  facet normal -0.872504 -0.488607 0
    outer loop
      vertex 9.51471 0.771784 0
      vertex 9.44949 0.888247 12
      vertex 9.44949 0.888247 0
    endloop
  endfacet
  facet normal -0.872504 -0.488607 0
    outer loop
      vertex 9.44949 0.888247 12
      vertex 9.51471 0.771784 0
      vertex 9.51471 0.771784 12
    endloop
  endfacet
  facet normal 0.555564 -0.831474 0
    outer loop
      vertex 7.00076 1.37533 0
      vertex 7.11175 1.44949 12
      vertex 7.00076 1.37533 12
    endloop
  endfacet
  facet normal 0.555564 -0.831474 0
    outer loop
      vertex 7.11175 1.44949 12
      vertex 7.00076 1.37533 0
      vertex 7.11175 1.44949 0
    endloop
  endfacet
  facet normal -0.938168 -0.34618 0
    outer loop
      vertex 9.6168 0.525329 0
      vertex 9.57059 0.650561 12
      vertex 9.57059 0.650561 0
    endloop
  endfacet
  facet normal -0.938168 -0.34618 0
    outer loop
      vertex 9.57059 0.650561 12
      vertex 9.6168 0.525329 0
      vertex 9.6168 0.525329 12
    endloop
  endfacet
  facet normal -0.488585 0.872516 0
    outer loop
      vertex 8.88825 -1.44949 0
      vertex 8.77178 -1.51471 12
      vertex 8.88825 -1.44949 12
    endloop
  endfacet
  facet normal -0.488585 0.872516 0
    outer loop
      vertex 8.77178 -1.51471 12
      vertex 8.88825 -1.44949 0
      vertex 8.77178 -1.51471 0
    endloop
  endfacet
  facet normal -0.555599 -0.83145 0
    outer loop
      vertex 8.88825 1.44949 0
      vertex 8.99923 1.37533 12
      vertex 8.88825 1.44949 12
    endloop
  endfacet
  facet normal -0.555599 -0.83145 -0
    outer loop
      vertex 8.99923 1.37533 12
      vertex 8.88825 1.44949 0
      vertex 8.99923 1.37533 0
    endloop
  endfacet
  facet normal -0.78531 -0.619102 0
    outer loop
      vertex 9.37533 0.999234 0
      vertex 9.29269 1.10406 12
      vertex 9.29269 1.10406 0
    endloop
  endfacet
  facet normal -0.78531 -0.619102 0
    outer loop
      vertex 9.29269 1.10406 12
      vertex 9.37533 0.999234 0
      vertex 9.37533 0.999234 12
    endloop
  endfacet
  facet normal 0.78531 -0.619102 0
    outer loop
      vertex 6.62467 0.999234 12
      vertex 6.70731 1.10406 0
      vertex 6.70731 1.10406 12
    endloop
  endfacet
  facet normal 0.78531 -0.619102 0
    outer loop
      vertex 6.70731 1.10406 0
      vertex 6.62467 0.999234 12
      vertex 6.62467 0.999234 0
    endloop
  endfacet
  facet normal -0.039256 0.999229 0
    outer loop
      vertex 8.13338 -1.69476 0
      vertex 8 -1.7 12
      vertex 8.13338 -1.69476 12
    endloop
  endfacet
  facet normal -0.039256 0.999229 0
    outer loop
      vertex 8 -1.7 12
      vertex 8.13338 -1.69476 0
      vertex 8 -1.7 0
    endloop
  endfacet
  facet normal 0.993068 0.117543 0
    outer loop
      vertex 6.32093 -0.265938 12
      vertex 6.30524 -0.13338 0
      vertex 6.30524 -0.13338 12
    endloop
  endfacet
  facet normal 0.993068 0.117543 0
    outer loop
      vertex 6.30524 -0.13338 0
      vertex 6.32093 -0.265938 12
      vertex 6.32093 -0.265938 0
    endloop
  endfacet
  facet normal -0.908156 0.418632 0
    outer loop
      vertex 9.51471 -0.771784 0
      vertex 9.57059 -0.650561 12
      vertex 9.57059 -0.650561 0
    endloop
  endfacet
  facet normal -0.908156 0.418632 0
    outer loop
      vertex 9.57059 -0.650561 12
      vertex 9.51471 -0.771784 0
      vertex 9.51471 -0.771784 12
    endloop
  endfacet
  facet normal -0.346184 0.938166 0
    outer loop
      vertex 8.65056 -1.57059 0
      vertex 8.52533 -1.6168 12
      vertex 8.65056 -1.57059 12
    endloop
  endfacet
  facet normal -0.346184 0.938166 0
    outer loop
      vertex 8.52533 -1.6168 12
      vertex 8.65056 -1.57059 0
      vertex 8.52533 -1.6168 0
    endloop
  endfacet
  facet normal -0.195079 0.980788 0
    outer loop
      vertex 8.39686 -1.65303 0
      vertex 8.26594 -1.67907 12
      vertex 8.39686 -1.65303 12
    endloop
  endfacet
  facet normal -0.195079 0.980788 0
    outer loop
      vertex 8.26594 -1.67907 12
      vertex 8.39686 -1.65303 0
      vertex 8.26594 -1.67907 0
    endloop
  endfacet
  facet normal 0.41864 -0.908152 0
    outer loop
      vertex 7.22822 1.51471 0
      vertex 7.34944 1.57059 12
      vertex 7.22822 1.51471 12
    endloop
  endfacet
  facet normal 0.41864 -0.908152 0
    outer loop
      vertex 7.34944 1.57059 12
      vertex 7.22822 1.51471 0
      vertex 7.34944 1.57059 0
    endloop
  endfacet
  facet normal 0.117541 0.993068 -0
    outer loop
      vertex 7.86662 -1.69476 0
      vertex 7.73406 -1.67907 12
      vertex 7.86662 -1.69476 12
    endloop
  endfacet
  facet normal 0.117541 0.993068 0
    outer loop
      vertex 7.73406 -1.67907 12
      vertex 7.86662 -1.69476 0
      vertex 7.73406 -1.67907 0
    endloop
  endfacet
  facet normal -0.678806 0.734318 0
    outer loop
      vertex 9.20208 -1.20208 0
      vertex 9.10406 -1.29269 12
      vertex 9.20208 -1.20208 12
    endloop
  endfacet
  facet normal -0.678806 0.734318 0
    outer loop
      vertex 9.10406 -1.29269 12
      vertex 9.20208 -1.20208 0
      vertex 9.10406 -1.29269 0
    endloop
  endfacet
  facet normal -0.678806 -0.734318 0
    outer loop
      vertex 9.10406 1.29269 0
      vertex 9.20208 1.20208 12
      vertex 9.10406 1.29269 12
    endloop
  endfacet
  facet normal -0.678806 -0.734318 -0
    outer loop
      vertex 9.20208 1.20208 12
      vertex 9.10406 1.29269 0
      vertex 9.20208 1.20208 0
    endloop
  endfacet
  facet normal 0.872504 -0.488607 0
    outer loop
      vertex 6.48529 0.771784 12
      vertex 6.55051 0.888247 0
      vertex 6.55051 0.888247 12
    endloop
  endfacet
  facet normal 0.872504 -0.488607 0
    outer loop
      vertex 6.55051 0.888247 0
      vertex 6.48529 0.771784 12
      vertex 6.48529 0.771784 0
    endloop
  endfacet
  facet normal 0.78531 0.619102 0
    outer loop
      vertex 6.70731 -1.10406 12
      vertex 6.62467 -0.999234 0
      vertex 6.62467 -0.999234 12
    endloop
  endfacet
  facet normal 0.78531 0.619102 0
    outer loop
      vertex 6.62467 -0.999234 0
      vertex 6.70731 -1.10406 12
      vertex 6.70731 -1.10406 0
    endloop
  endfacet
  facet normal 0.619124 0.785293 -0
    outer loop
      vertex 7.00076 -1.37533 0
      vertex 6.89594 -1.29269 12
      vertex 7.00076 -1.37533 12
    endloop
  endfacet
  facet normal 0.619124 0.785293 0
    outer loop
      vertex 6.89594 -1.29269 12
      vertex 7.00076 -1.37533 0
      vertex 6.89594 -1.29269 0
    endloop
  endfacet
  facet normal 0.908128 0.418693 0
    outer loop
      vertex 6.48529 -0.771784 12
      vertex 6.4294 -0.650561 0
      vertex 6.4294 -0.650561 12
    endloop
  endfacet
  facet normal 0.908128 0.418693 0
    outer loop
      vertex 6.4294 -0.650561 0
      vertex 6.48529 -0.771784 12
      vertex 6.48529 -0.771784 0
    endloop
  endfacet
  facet normal 0.980787 -0.195082 0
    outer loop
      vertex 6.32093 0.265938 12
      vertex 6.34697 0.396856 0
      vertex 6.34697 0.396856 12
    endloop
  endfacet
  facet normal 0.980787 -0.195082 0
    outer loop
      vertex 6.34697 0.396856 0
      vertex 6.32093 0.265938 12
      vertex 6.32093 0.265938 0
    endloop
  endfacet
  facet normal -0.488585 -0.872516 0
    outer loop
      vertex 8.77178 1.51471 0
      vertex 8.88825 1.44949 12
      vertex 8.77178 1.51471 12
    endloop
  endfacet
  facet normal -0.488585 -0.872516 -0
    outer loop
      vertex 8.88825 1.44949 12
      vertex 8.77178 1.51471 0
      vertex 8.88825 1.44949 0
    endloop
  endfacet
  facet normal 0.993068 -0.117543 0
    outer loop
      vertex 6.30524 0.13338 12
      vertex 6.32093 0.265938 0
      vertex 6.32093 0.265938 12
    endloop
  endfacet
  facet normal 0.993068 -0.117543 0
    outer loop
      vertex 6.32093 0.265938 0
      vertex 6.30524 0.13338 12
      vertex 6.30524 0.13338 0
    endloop
  endfacet
  facet normal 0.831467 -0.555575 0
    outer loop
      vertex 6.55051 0.888247 12
      vertex 6.62467 0.999234 0
      vertex 6.62467 0.999234 12
    endloop
  endfacet
  facet normal 0.831467 -0.555575 0
    outer loop
      vertex 6.62467 0.999234 0
      vertex 6.55051 0.888247 12
      vertex 6.55051 0.888247 0
    endloop
  endfacet
  facet normal 0.831467 0.555575 0
    outer loop
      vertex 6.62467 -0.999234 12
      vertex 6.55051 -0.888247 0
      vertex 6.55051 -0.888247 12
    endloop
  endfacet
  facet normal 0.831467 0.555575 0
    outer loop
      vertex 6.55051 -0.888247 0
      vertex 6.62467 -0.999234 12
      vertex 6.62467 -0.999234 0
    endloop
  endfacet
  facet normal 0.039256 0.999229 -0
    outer loop
      vertex 8 -1.7 0
      vertex 7.86662 -1.69476 12
      vertex 8 -1.7 12
    endloop
  endfacet
  facet normal 0.039256 0.999229 0
    outer loop
      vertex 7.86662 -1.69476 12
      vertex 8 -1.7 0
      vertex 7.86662 -1.69476 0
    endloop
  endfacet
  facet normal 0.195079 -0.980788 0
    outer loop
      vertex 7.60314 1.65303 0
      vertex 7.73406 1.67907 12
      vertex 7.60314 1.65303 12
    endloop
  endfacet
  facet normal 0.195079 -0.980788 0
    outer loop
      vertex 7.73406 1.67907 12
      vertex 7.60314 1.65303 0
      vertex 7.73406 1.67907 0
    endloop
  endfacet
  facet normal -0.41864 -0.908152 0
    outer loop
      vertex 8.65056 1.57059 0
      vertex 8.77178 1.51471 12
      vertex 8.65056 1.57059 12
    endloop
  endfacet
  facet normal -0.41864 -0.908152 -0
    outer loop
      vertex 8.77178 1.51471 12
      vertex 8.65056 1.57059 0
      vertex 8.77178 1.51471 0
    endloop
  endfacet
  facet normal -0.271425 0.96246 0
    outer loop
      vertex 8.52533 -1.6168 0
      vertex 8.39686 -1.65303 12
      vertex 8.52533 -1.6168 12
    endloop
  endfacet
  facet normal -0.271425 0.96246 0
    outer loop
      vertex 8.39686 -1.65303 12
      vertex 8.52533 -1.6168 0
      vertex 8.39686 -1.65303 0
    endloop
  endfacet
  facet normal -0.271425 -0.96246 0
    outer loop
      vertex 8.39686 1.65303 0
      vertex 8.52533 1.6168 12
      vertex 8.39686 1.65303 12
    endloop
  endfacet
  facet normal -0.271425 -0.96246 -0
    outer loop
      vertex 8.52533 1.6168 12
      vertex 8.39686 1.65303 0
      vertex 8.52533 1.6168 0
    endloop
  endfacet
  facet normal 0.555564 0.831474 -0
    outer loop
      vertex 7.11175 -1.44949 0
      vertex 7.00076 -1.37533 12
      vertex 7.11175 -1.44949 12
    endloop
  endfacet
  facet normal 0.555564 0.831474 0
    outer loop
      vertex 7.00076 -1.37533 12
      vertex 7.11175 -1.44949 0
      vertex 7.00076 -1.37533 0
    endloop
  endfacet
  facet normal -0.619088 0.785322 0
    outer loop
      vertex 9.10406 -1.29269 0
      vertex 8.99923 -1.37533 12
      vertex 9.10406 -1.29269 12
    endloop
  endfacet
  facet normal -0.619088 0.785322 0
    outer loop
      vertex 8.99923 -1.37533 12
      vertex 9.10406 -1.29269 0
      vertex 8.99923 -1.37533 0
    endloop
  endfacet
  facet normal -0.980787 0.195082 0
    outer loop
      vertex 9.65303 -0.396856 0
      vertex 9.67907 -0.265938 12
      vertex 9.67907 -0.265938 0
    endloop
  endfacet
  facet normal -0.980787 0.195082 0
    outer loop
      vertex 9.67907 -0.265938 12
      vertex 9.65303 -0.396856 0
      vertex 9.65303 -0.396856 12
    endloop
  endfacet
  facet normal -0.734318 0.678806 0
    outer loop
      vertex 9.20208 -1.20208 0
      vertex 9.29269 -1.10406 12
      vertex 9.29269 -1.10406 0
    endloop
  endfacet
  facet normal -0.734318 0.678806 0
    outer loop
      vertex 9.29269 -1.10406 12
      vertex 9.20208 -1.20208 0
      vertex 9.20208 -1.20208 12
    endloop
  endfacet
  facet normal 0.962461 0.271419 0
    outer loop
      vertex 6.3832 -0.525329 12
      vertex 6.34697 -0.396856 0
      vertex 6.34697 -0.396856 12
    endloop
  endfacet
  facet normal 0.962461 0.271419 0
    outer loop
      vertex 6.34697 -0.396856 0
      vertex 6.3832 -0.525329 12
      vertex 6.3832 -0.525329 0
    endloop
  endfacet
  facet normal -0.195079 -0.980788 0
    outer loop
      vertex 8.26594 1.67907 0
      vertex 8.39686 1.65303 12
      vertex 8.26594 1.67907 12
    endloop
  endfacet
  facet normal -0.195079 -0.980788 -0
    outer loop
      vertex 8.39686 1.65303 12
      vertex 8.26594 1.67907 0
      vertex 8.39686 1.65303 0
    endloop
  endfacet
  facet normal 0.872504 0.488607 0
    outer loop
      vertex 6.55051 -0.888247 12
      vertex 6.48529 -0.771784 0
      vertex 6.48529 -0.771784 12
    endloop
  endfacet
  facet normal 0.872504 0.488607 0
    outer loop
      vertex 6.48529 -0.771784 0
      vertex 6.55051 -0.888247 12
      vertex 6.55051 -0.888247 0
    endloop
  endfacet
  facet normal 0.734318 0.678806 0
    outer loop
      vertex 6.79792 -1.20208 12
      vertex 6.70731 -1.10406 0
      vertex 6.70731 -1.10406 12
    endloop
  endfacet
  facet normal 0.734318 0.678806 0
    outer loop
      vertex 6.70731 -1.10406 0
      vertex 6.79792 -1.20208 12
      vertex 6.79792 -1.20208 0
    endloop
  endfacet
  facet normal 0.41864 0.908152 -0
    outer loop
      vertex 7.34944 -1.57059 0
      vertex 7.22822 -1.51471 12
      vertex 7.34944 -1.57059 12
    endloop
  endfacet
  facet normal 0.41864 0.908152 0
    outer loop
      vertex 7.22822 -1.51471 12
      vertex 7.34944 -1.57059 0
      vertex 7.22822 -1.51471 0
    endloop
  endfacet
  facet normal 0.908128 -0.418693 0
    outer loop
      vertex 6.4294 0.650561 12
      vertex 6.48529 0.771784 0
      vertex 6.48529 0.771784 12
    endloop
  endfacet
  facet normal 0.908128 -0.418693 0
    outer loop
      vertex 6.48529 0.771784 0
      vertex 6.4294 0.650561 12
      vertex 6.4294 0.650561 0
    endloop
  endfacet
  facet normal 0.488585 0.872516 -0
    outer loop
      vertex 7.22822 -1.51471 0
      vertex 7.11175 -1.44949 12
      vertex 7.22822 -1.51471 12
    endloop
  endfacet
  facet normal 0.488585 0.872516 0
    outer loop
      vertex 7.11175 -1.44949 12
      vertex 7.22822 -1.51471 0
      vertex 7.11175 -1.44949 0
    endloop
  endfacet
  facet normal -0.993059 -0.117617 0
    outer loop
      vertex 37.6948 0.13338 0
      vertex 37.6791 0.265938 12
      vertex 37.6791 0.265938 0
    endloop
  endfacet
  facet normal -0.993059 -0.117617 0
    outer loop
      vertex 37.6791 0.265938 12
      vertex 37.6948 0.13338 0
      vertex 37.6948 0.13338 12
    endloop
  endfacet
  facet normal -0.999241 -0.0389568 0
    outer loop
      vertex 37.7 0 0
      vertex 37.6948 0.13338 12
      vertex 37.6948 0.13338 0
    endloop
  endfacet
  facet normal -0.999241 -0.0389568 0
    outer loop
      vertex 37.6948 0.13338 12
      vertex 37.7 0 0
      vertex 37.7 0 12
    endloop
  endfacet
  facet normal -0.980701 -0.195514 0
    outer loop
      vertex 37.6791 0.265938 0
      vertex 37.653 0.396856 12
      vertex 37.653 0.396856 0
    endloop
  endfacet
  facet normal -0.980701 -0.195514 0
    outer loop
      vertex 37.653 0.396856 12
      vertex 37.6791 0.265938 0
      vertex 37.6791 0.265938 12
    endloop
  endfacet
  facet normal -0.96252 -0.27121 0
    outer loop
      vertex 37.653 0.396856 0
      vertex 37.6168 0.525329 12
      vertex 37.6168 0.525329 0
    endloop
  endfacet
  facet normal -0.96252 -0.27121 0
    outer loop
      vertex 37.6168 0.525329 12
      vertex 37.653 0.396856 0
      vertex 37.653 0.396856 12
    endloop
  endfacet
  facet normal 0.993059 -0.117617 0
    outer loop
      vertex 34.3052 0.13338 12
      vertex 34.3209 0.265938 0
      vertex 34.3209 0.265938 12
    endloop
  endfacet
  facet normal 0.993059 -0.117617 0
    outer loop
      vertex 34.3209 0.265938 0
      vertex 34.3052 0.13338 12
      vertex 34.3052 0.13338 0
    endloop
  endfacet
  facet normal 0.785456 0.618918 0
    outer loop
      vertex 34.7073 -1.10406 12
      vertex 34.6247 -0.999234 0
      vertex 34.6247 -0.999234 12
    endloop
  endfacet
  facet normal 0.785456 0.618918 0
    outer loop
      vertex 34.6247 -0.999234 0
      vertex 34.7073 -1.10406 12
      vertex 34.7073 -1.10406 0
    endloop
  endfacet
  facet normal -0.55553 -0.831497 0
    outer loop
      vertex 36.8882 1.44949 0
      vertex 36.9992 1.37533 12
      vertex 36.8882 1.44949 12
    endloop
  endfacet
  facet normal -0.55553 -0.831497 -0
    outer loop
      vertex 36.9992 1.37533 12
      vertex 36.8882 1.44949 0
      vertex 36.9992 1.37533 0
    endloop
  endfacet
  facet normal -0.999241 0.0389568 0
    outer loop
      vertex 37.6948 -0.13338 0
      vertex 37.7 0 12
      vertex 37.7 0 0
    endloop
  endfacet
  facet normal -0.999241 0.0389568 0
    outer loop
      vertex 37.7 0 12
      vertex 37.6948 -0.13338 0
      vertex 37.6948 -0.13338 12
    endloop
  endfacet
  facet normal -0.346014 -0.938229 0
    outer loop
      vertex 36.5253 1.6168 0
      vertex 36.6506 1.57059 12
      vertex 36.5253 1.6168 12
    endloop
  endfacet
  facet normal -0.346014 -0.938229 -0
    outer loop
      vertex 36.6506 1.57059 12
      vertex 36.5253 1.6168 0
      vertex 36.6506 1.57059 0
    endloop
  endfacet
  facet normal 0.980701 -0.195514 0
    outer loop
      vertex 34.3209 0.265938 12
      vertex 34.347 0.396856 0
      vertex 34.347 0.396856 12
    endloop
  endfacet
  facet normal 0.980701 -0.195514 0
    outer loop
      vertex 34.347 0.396856 0
      vertex 34.3209 0.265938 12
      vertex 34.3209 0.265938 0
    endloop
  endfacet
  facet normal -0.0392501 -0.999229 0
    outer loop
      vertex 36 1.7 0
      vertex 36.1334 1.69476 12
      vertex 36 1.7 12
    endloop
  endfacet
  facet normal -0.0392501 -0.999229 -0
    outer loop
      vertex 36.1334 1.69476 12
      vertex 36 1.7 0
      vertex 36.1334 1.69476 0
    endloop
  endfacet
  facet normal -0.418697 0.908126 0
    outer loop
      vertex 36.7718 -1.51471 0
      vertex 36.6506 -1.57059 12
      vertex 36.7718 -1.51471 12
    endloop
  endfacet
  facet normal -0.418697 0.908126 0
    outer loop
      vertex 36.6506 -1.57059 12
      vertex 36.7718 -1.51471 0
      vertex 36.6506 -1.57059 0
    endloop
  endfacet
  facet normal 0.831328 0.555782 0
    outer loop
      vertex 34.6247 -0.999234 12
      vertex 34.5505 -0.888247 0
      vertex 34.5505 -0.888247 12
    endloop
  endfacet
  facet normal 0.831328 0.555782 0
    outer loop
      vertex 34.5505 -0.888247 0
      vertex 34.6247 -0.999234 12
      vertex 34.6247 -0.999234 0
    endloop
  endfacet
  facet normal 0.271562 -0.962421 0
    outer loop
      vertex 35.4747 1.6168 0
      vertex 35.6031 1.65303 12
      vertex 35.4747 1.6168 12
    endloop
  endfacet
  facet normal 0.271562 -0.962421 0
    outer loop
      vertex 35.6031 1.65303 12
      vertex 35.4747 1.6168 0
      vertex 35.6031 1.65303 0
    endloop
  endfacet
  facet normal -0.96252 0.27121 0
    outer loop
      vertex 37.6168 -0.525329 0
      vertex 37.653 -0.396856 12
      vertex 37.653 -0.396856 0
    endloop
  endfacet
  facet normal -0.96252 0.27121 0
    outer loop
      vertex 37.653 -0.396856 12
      vertex 37.6168 -0.525329 0
      vertex 37.6168 -0.525329 12
    endloop
  endfacet
  facet normal -0.831328 -0.555782 0
    outer loop
      vertex 37.4495 0.888247 0
      vertex 37.3753 0.999234 12
      vertex 37.3753 0.999234 0
    endloop
  endfacet
  facet normal -0.831328 -0.555782 0
    outer loop
      vertex 37.3753 0.999234 12
      vertex 37.4495 0.888247 0
      vertex 37.4495 0.888247 12
    endloop
  endfacet
  facet normal -0.271562 0.962421 0
    outer loop
      vertex 36.5253 -1.6168 0
      vertex 36.3969 -1.65303 12
      vertex 36.5253 -1.6168 12
    endloop
  endfacet
  facet normal -0.271562 0.962421 0
    outer loop
      vertex 36.3969 -1.65303 12
      vertex 36.5253 -1.6168 0
      vertex 36.3969 -1.65303 0
    endloop
  endfacet
  facet normal 0.993059 0.117617 0
    outer loop
      vertex 34.3209 -0.265938 12
      vertex 34.3052 -0.13338 0
      vertex 34.3052 -0.13338 12
    endloop
  endfacet
  facet normal 0.993059 0.117617 0
    outer loop
      vertex 34.3052 -0.13338 0
      vertex 34.3209 -0.265938 12
      vertex 34.3209 -0.265938 0
    endloop
  endfacet
  facet normal -0.618833 -0.785523 0
    outer loop
      vertex 36.9992 1.37533 0
      vertex 37.1041 1.29269 12
      vertex 36.9992 1.37533 12
    endloop
  endfacet
  facet normal -0.618833 -0.785523 -0
    outer loop
      vertex 37.1041 1.29269 12
      vertex 36.9992 1.37533 0
      vertex 37.1041 1.29269 0
    endloop
  endfacet
  facet normal 0.117594 0.993062 -0
    outer loop
      vertex 35.8666 -1.69476 0
      vertex 35.7341 -1.67907 12
      vertex 35.8666 -1.69476 12
    endloop
  endfacet
  facet normal 0.117594 0.993062 0
    outer loop
      vertex 35.7341 -1.67907 12
      vertex 35.8666 -1.69476 0
      vertex 35.7341 -1.67907 0
    endloop
  endfacet
  facet normal -0.908099 -0.418755 0
    outer loop
      vertex 37.5706 0.650561 0
      vertex 37.5147 0.771784 12
      vertex 37.5147 0.771784 0
    endloop
  endfacet
  facet normal -0.908099 -0.418755 0
    outer loop
      vertex 37.5147 0.771784 12
      vertex 37.5706 0.650561 0
      vertex 37.5706 0.650561 12
    endloop
  endfacet
  facet normal 0.488809 -0.872391 0
    outer loop
      vertex 35.1118 1.44949 0
      vertex 35.2282 1.51471 12
      vertex 35.1118 1.44949 12
    endloop
  endfacet
  facet normal 0.488809 -0.872391 0
    outer loop
      vertex 35.2282 1.51471 12
      vertex 35.1118 1.44949 0
      vertex 35.2282 1.51471 0
    endloop
  endfacet
  facet normal 0.908099 0.418755 0
    outer loop
      vertex 34.4853 -0.771784 12
      vertex 34.4294 -0.650561 0
      vertex 34.4294 -0.650561 12
    endloop
  endfacet
  facet normal 0.908099 0.418755 0
    outer loop
      vertex 34.4294 -0.650561 0
      vertex 34.4853 -0.771784 12
      vertex 34.4853 -0.771784 0
    endloop
  endfacet
  facet normal 0.980701 0.195514 0
    outer loop
      vertex 34.347 -0.396856 12
      vertex 34.3209 -0.265938 0
      vertex 34.3209 -0.265938 12
    endloop
  endfacet
  facet normal 0.980701 0.195514 0
    outer loop
      vertex 34.3209 -0.265938 0
      vertex 34.347 -0.396856 12
      vertex 34.347 -0.396856 0
    endloop
  endfacet
  facet normal 0.117594 -0.993062 0
    outer loop
      vertex 35.7341 1.67907 0
      vertex 35.8666 1.69476 12
      vertex 35.7341 1.67907 12
    endloop
  endfacet
  facet normal 0.117594 -0.993062 0
    outer loop
      vertex 35.8666 1.69476 12
      vertex 35.7341 1.67907 0
      vertex 35.8666 1.69476 0
    endloop
  endfacet
  facet normal 0.67888 -0.734249 0
    outer loop
      vertex 34.7979 1.20208 0
      vertex 34.8959 1.29269 12
      vertex 34.7979 1.20208 12
    endloop
  endfacet
  facet normal 0.67888 -0.734249 0
    outer loop
      vertex 34.8959 1.29269 12
      vertex 34.7979 1.20208 0
      vertex 34.8959 1.29269 0
    endloop
  endfacet
  facet normal -0.67888 -0.734249 0
    outer loop
      vertex 37.1041 1.29269 0
      vertex 37.2021 1.20208 12
      vertex 37.1041 1.29269 12
    endloop
  endfacet
  facet normal -0.67888 -0.734249 -0
    outer loop
      vertex 37.2021 1.20208 12
      vertex 37.1041 1.29269 0
      vertex 37.2021 1.20208 0
    endloop
  endfacet
  facet normal -0.980701 0.195514 0
    outer loop
      vertex 37.653 -0.396856 0
      vertex 37.6791 -0.265938 12
      vertex 37.6791 -0.265938 0
    endloop
  endfacet
  facet normal -0.980701 0.195514 0
    outer loop
      vertex 37.6791 -0.265938 12
      vertex 37.653 -0.396856 0
      vertex 37.653 -0.396856 12
    endloop
  endfacet
  facet normal -0.55553 0.831497 0
    outer loop
      vertex 36.9992 -1.37533 0
      vertex 36.8882 -1.44949 12
      vertex 36.9992 -1.37533 12
    endloop
  endfacet
  facet normal -0.55553 0.831497 0
    outer loop
      vertex 36.8882 -1.44949 12
      vertex 36.9992 -1.37533 0
      vertex 36.8882 -1.44949 0
    endloop
  endfacet
  facet normal 0.938193 0.346114 0
    outer loop
      vertex 34.4294 -0.650561 12
      vertex 34.3832 -0.525329 0
      vertex 34.3832 -0.525329 12
    endloop
  endfacet
  facet normal 0.938193 0.346114 0
    outer loop
      vertex 34.3832 -0.525329 0
      vertex 34.4294 -0.650561 12
      vertex 34.4294 -0.650561 0
    endloop
  endfacet
  facet normal -0.993059 0.117617 0
    outer loop
      vertex 37.6791 -0.265938 0
      vertex 37.6948 -0.13338 12
      vertex 37.6948 -0.13338 0
    endloop
  endfacet
  facet normal -0.993059 0.117617 0
    outer loop
      vertex 37.6948 -0.13338 12
      vertex 37.6791 -0.265938 0
      vertex 37.6791 -0.265938 12
    endloop
  endfacet
  facet normal 0.938193 -0.346114 0
    outer loop
      vertex 34.3832 0.525329 12
      vertex 34.4294 0.650561 0
      vertex 34.4294 0.650561 12
    endloop
  endfacet
  facet normal 0.938193 -0.346114 0
    outer loop
      vertex 34.4294 0.650561 0
      vertex 34.3832 0.525329 12
      vertex 34.3832 0.525329 0
    endloop
  endfacet
  facet normal -0.872568 -0.488493 0
    outer loop
      vertex 37.5147 0.771784 0
      vertex 37.4495 0.888247 12
      vertex 37.4495 0.888247 0
    endloop
  endfacet
  facet normal -0.872568 -0.488493 0
    outer loop
      vertex 37.4495 0.888247 12
      vertex 37.5147 0.771784 0
      vertex 37.5147 0.771784 12
    endloop
  endfacet
  facet normal -0.271562 -0.962421 0
    outer loop
      vertex 36.3969 1.65303 0
      vertex 36.5253 1.6168 12
      vertex 36.3969 1.65303 12
    endloop
  endfacet
  facet normal -0.271562 -0.962421 -0
    outer loop
      vertex 36.5253 1.6168 12
      vertex 36.3969 1.65303 0
      vertex 36.5253 1.6168 0
    endloop
  endfacet
  facet normal -0.785456 -0.618918 0
    outer loop
      vertex 37.3753 0.999234 0
      vertex 37.2927 1.10406 12
      vertex 37.2927 1.10406 0
    endloop
  endfacet
  facet normal -0.785456 -0.618918 0
    outer loop
      vertex 37.2927 1.10406 12
      vertex 37.3753 0.999234 0
      vertex 37.3753 0.999234 12
    endloop
  endfacet
  facet normal 0.271562 0.962421 -0
    outer loop
      vertex 35.6031 -1.65303 0
      vertex 35.4747 -1.6168 12
      vertex 35.6031 -1.65303 12
    endloop
  endfacet
  facet normal 0.271562 0.962421 0
    outer loop
      vertex 35.4747 -1.6168 12
      vertex 35.6031 -1.65303 0
      vertex 35.4747 -1.6168 0
    endloop
  endfacet
  facet normal -0.488809 0.872391 0
    outer loop
      vertex 36.8882 -1.44949 0
      vertex 36.7718 -1.51471 12
      vertex 36.8882 -1.44949 12
    endloop
  endfacet
  facet normal -0.488809 0.872391 0
    outer loop
      vertex 36.7718 -1.51471 12
      vertex 36.8882 -1.44949 0
      vertex 36.7718 -1.51471 0
    endloop
  endfacet
  facet normal 0.618833 0.785523 -0
    outer loop
      vertex 35.0008 -1.37533 0
      vertex 34.8959 -1.29269 12
      vertex 35.0008 -1.37533 12
    endloop
  endfacet
  facet normal 0.618833 0.785523 0
    outer loop
      vertex 34.8959 -1.29269 12
      vertex 35.0008 -1.37533 0
      vertex 34.8959 -1.29269 0
    endloop
  endfacet
  facet normal -0.938193 -0.346114 0
    outer loop
      vertex 37.6168 0.525329 0
      vertex 37.5706 0.650561 12
      vertex 37.5706 0.650561 0
    endloop
  endfacet
  facet normal -0.938193 -0.346114 0
    outer loop
      vertex 37.5706 0.650561 12
      vertex 37.6168 0.525329 0
      vertex 37.6168 0.525329 12
    endloop
  endfacet
  facet normal 0.346014 -0.938229 0
    outer loop
      vertex 35.3494 1.57059 0
      vertex 35.4747 1.6168 12
      vertex 35.3494 1.57059 12
    endloop
  endfacet
  facet normal 0.346014 -0.938229 0
    outer loop
      vertex 35.4747 1.6168 12
      vertex 35.3494 1.57059 0
      vertex 35.4747 1.6168 0
    endloop
  endfacet
  facet normal 0.418697 -0.908126 0
    outer loop
      vertex 35.2282 1.51471 0
      vertex 35.3494 1.57059 12
      vertex 35.2282 1.51471 12
    endloop
  endfacet
  facet normal 0.418697 -0.908126 0
    outer loop
      vertex 35.3494 1.57059 12
      vertex 35.2282 1.51471 0
      vertex 35.3494 1.57059 0
    endloop
  endfacet
  facet normal 0.872568 0.488493 0
    outer loop
      vertex 34.5505 -0.888247 12
      vertex 34.4853 -0.771784 0
      vertex 34.4853 -0.771784 12
    endloop
  endfacet
  facet normal 0.872568 0.488493 0
    outer loop
      vertex 34.4853 -0.771784 0
      vertex 34.5505 -0.888247 12
      vertex 34.5505 -0.888247 0
    endloop
  endfacet
  facet normal -0.785456 0.618918 0
    outer loop
      vertex 37.2927 -1.10406 0
      vertex 37.3753 -0.999234 12
      vertex 37.3753 -0.999234 0
    endloop
  endfacet
  facet normal -0.785456 0.618918 0
    outer loop
      vertex 37.3753 -0.999234 12
      vertex 37.2927 -1.10406 0
      vertex 37.2927 -1.10406 12
    endloop
  endfacet
  facet normal -0.734355 0.678765 0
    outer loop
      vertex 37.2021 -1.20208 0
      vertex 37.2927 -1.10406 12
      vertex 37.2927 -1.10406 0
    endloop
  endfacet
  facet normal -0.734355 0.678765 0
    outer loop
      vertex 37.2927 -1.10406 12
      vertex 37.2021 -1.20208 0
      vertex 37.2021 -1.20208 12
    endloop
  endfacet
  facet normal -0.938193 0.346114 0
    outer loop
      vertex 37.5706 -0.650561 0
      vertex 37.6168 -0.525329 12
      vertex 37.6168 -0.525329 0
    endloop
  endfacet
  facet normal -0.938193 0.346114 0
    outer loop
      vertex 37.6168 -0.525329 12
      vertex 37.5706 -0.650561 0
      vertex 37.5706 -0.650561 12
    endloop
  endfacet
  facet normal 0.0392501 0.999229 -0
    outer loop
      vertex 36 -1.7 0
      vertex 35.8666 -1.69476 12
      vertex 36 -1.7 12
    endloop
  endfacet
  facet normal 0.0392501 0.999229 0
    outer loop
      vertex 35.8666 -1.69476 12
      vertex 36 -1.7 0
      vertex 35.8666 -1.69476 0
    endloop
  endfacet
  facet normal 0.618833 -0.785523 0
    outer loop
      vertex 34.8959 1.29269 0
      vertex 35.0008 1.37533 12
      vertex 34.8959 1.29269 12
    endloop
  endfacet
  facet normal 0.618833 -0.785523 0
    outer loop
      vertex 35.0008 1.37533 12
      vertex 34.8959 1.29269 0
      vertex 35.0008 1.37533 0
    endloop
  endfacet
  facet normal 0.999241 -0.0389568 0
    outer loop
      vertex 34.3 0 12
      vertex 34.3052 0.13338 0
      vertex 34.3052 0.13338 12
    endloop
  endfacet
  facet normal 0.999241 -0.0389568 0
    outer loop
      vertex 34.3052 0.13338 0
      vertex 34.3 0 12
      vertex 34.3 0 0
    endloop
  endfacet
  facet normal -0.831328 0.555782 0
    outer loop
      vertex 37.3753 -0.999234 0
      vertex 37.4495 -0.888247 12
      vertex 37.4495 -0.888247 0
    endloop
  endfacet
  facet normal -0.831328 0.555782 0
    outer loop
      vertex 37.4495 -0.888247 12
      vertex 37.3753 -0.999234 0
      vertex 37.3753 -0.999234 12
    endloop
  endfacet
  facet normal 0.194964 0.98081 -0
    outer loop
      vertex 35.7341 -1.67907 0
      vertex 35.6031 -1.65303 12
      vertex 35.7341 -1.67907 12
    endloop
  endfacet
  facet normal 0.194964 0.98081 0
    outer loop
      vertex 35.6031 -1.65303 12
      vertex 35.7341 -1.67907 0
      vertex 35.6031 -1.65303 0
    endloop
  endfacet
  facet normal 0.734355 0.678765 0
    outer loop
      vertex 34.7979 -1.20208 12
      vertex 34.7073 -1.10406 0
      vertex 34.7073 -1.10406 12
    endloop
  endfacet
  facet normal 0.734355 0.678765 0
    outer loop
      vertex 34.7073 -1.10406 0
      vertex 34.7979 -1.20208 12
      vertex 34.7979 -1.20208 0
    endloop
  endfacet
  facet normal -0.734355 -0.678765 0
    outer loop
      vertex 37.2927 1.10406 0
      vertex 37.2021 1.20208 12
      vertex 37.2021 1.20208 0
    endloop
  endfacet
  facet normal -0.734355 -0.678765 0
    outer loop
      vertex 37.2021 1.20208 12
      vertex 37.2927 1.10406 0
      vertex 37.2927 1.10406 12
    endloop
  endfacet
  facet normal 0.734355 -0.678765 0
    outer loop
      vertex 34.7073 1.10406 12
      vertex 34.7979 1.20208 0
      vertex 34.7979 1.20208 12
    endloop
  endfacet
  facet normal 0.734355 -0.678765 0
    outer loop
      vertex 34.7979 1.20208 0
      vertex 34.7073 1.10406 12
      vertex 34.7073 1.10406 0
    endloop
  endfacet
  facet normal -0.872568 0.488493 0
    outer loop
      vertex 37.4495 -0.888247 0
      vertex 37.5147 -0.771784 12
      vertex 37.5147 -0.771784 0
    endloop
  endfacet
  facet normal -0.872568 0.488493 0
    outer loop
      vertex 37.5147 -0.771784 12
      vertex 37.4495 -0.888247 0
      vertex 37.4495 -0.888247 12
    endloop
  endfacet
  facet normal 0.831328 -0.555782 0
    outer loop
      vertex 34.5505 0.888247 12
      vertex 34.6247 0.999234 0
      vertex 34.6247 0.999234 12
    endloop
  endfacet
  facet normal 0.831328 -0.555782 0
    outer loop
      vertex 34.6247 0.999234 0
      vertex 34.5505 0.888247 12
      vertex 34.5505 0.888247 0
    endloop
  endfacet
  facet normal -0.0392501 0.999229 0
    outer loop
      vertex 36.1334 -1.69476 0
      vertex 36 -1.7 12
      vertex 36.1334 -1.69476 12
    endloop
  endfacet
  facet normal -0.0392501 0.999229 0
    outer loop
      vertex 36 -1.7 12
      vertex 36.1334 -1.69476 0
      vertex 36 -1.7 0
    endloop
  endfacet
  facet normal -0.67888 0.734249 0
    outer loop
      vertex 37.2021 -1.20208 0
      vertex 37.1041 -1.29269 12
      vertex 37.2021 -1.20208 12
    endloop
  endfacet
  facet normal -0.67888 0.734249 0
    outer loop
      vertex 37.1041 -1.29269 12
      vertex 37.2021 -1.20208 0
      vertex 37.1041 -1.29269 0
    endloop
  endfacet
  facet normal 0.346014 0.938229 -0
    outer loop
      vertex 35.4747 -1.6168 0
      vertex 35.3494 -1.57059 12
      vertex 35.4747 -1.6168 12
    endloop
  endfacet
  facet normal 0.346014 0.938229 0
    outer loop
      vertex 35.3494 -1.57059 12
      vertex 35.4747 -1.6168 0
      vertex 35.3494 -1.57059 0
    endloop
  endfacet
  facet normal -0.117594 0.993062 0
    outer loop
      vertex 36.2659 -1.67907 0
      vertex 36.1334 -1.69476 12
      vertex 36.2659 -1.67907 12
    endloop
  endfacet
  facet normal -0.117594 0.993062 0
    outer loop
      vertex 36.1334 -1.69476 12
      vertex 36.2659 -1.67907 0
      vertex 36.1334 -1.69476 0
    endloop
  endfacet
  facet normal 0.96252 -0.27121 0
    outer loop
      vertex 34.347 0.396856 12
      vertex 34.3832 0.525329 0
      vertex 34.3832 0.525329 12
    endloop
  endfacet
  facet normal 0.96252 -0.27121 0
    outer loop
      vertex 34.3832 0.525329 0
      vertex 34.347 0.396856 12
      vertex 34.347 0.396856 0
    endloop
  endfacet
  facet normal 0.0392501 -0.999229 0
    outer loop
      vertex 35.8666 1.69476 0
      vertex 36 1.7 12
      vertex 35.8666 1.69476 12
    endloop
  endfacet
  facet normal 0.0392501 -0.999229 0
    outer loop
      vertex 36 1.7 12
      vertex 35.8666 1.69476 0
      vertex 36 1.7 0
    endloop
  endfacet
  facet normal -0.908099 0.418755 0
    outer loop
      vertex 37.5147 -0.771784 0
      vertex 37.5706 -0.650561 12
      vertex 37.5706 -0.650561 0
    endloop
  endfacet
  facet normal -0.908099 0.418755 0
    outer loop
      vertex 37.5706 -0.650561 12
      vertex 37.5147 -0.771784 0
      vertex 37.5147 -0.771784 12
    endloop
  endfacet
  facet normal -0.488809 -0.872391 0
    outer loop
      vertex 36.7718 1.51471 0
      vertex 36.8882 1.44949 12
      vertex 36.7718 1.51471 12
    endloop
  endfacet
  facet normal -0.488809 -0.872391 -0
    outer loop
      vertex 36.8882 1.44949 12
      vertex 36.7718 1.51471 0
      vertex 36.8882 1.44949 0
    endloop
  endfacet
  facet normal -0.194964 0.98081 0
    outer loop
      vertex 36.3969 -1.65303 0
      vertex 36.2659 -1.67907 12
      vertex 36.3969 -1.65303 12
    endloop
  endfacet
  facet normal -0.194964 0.98081 0
    outer loop
      vertex 36.2659 -1.67907 12
      vertex 36.3969 -1.65303 0
      vertex 36.2659 -1.67907 0
    endloop
  endfacet
  facet normal 0.96252 0.27121 0
    outer loop
      vertex 34.3832 -0.525329 12
      vertex 34.347 -0.396856 0
      vertex 34.347 -0.396856 12
    endloop
  endfacet
  facet normal 0.96252 0.27121 0
    outer loop
      vertex 34.347 -0.396856 0
      vertex 34.3832 -0.525329 12
      vertex 34.3832 -0.525329 0
    endloop
  endfacet
  facet normal -0.346014 0.938229 0
    outer loop
      vertex 36.6506 -1.57059 0
      vertex 36.5253 -1.6168 12
      vertex 36.6506 -1.57059 12
    endloop
  endfacet
  facet normal -0.346014 0.938229 0
    outer loop
      vertex 36.5253 -1.6168 12
      vertex 36.6506 -1.57059 0
      vertex 36.5253 -1.6168 0
    endloop
  endfacet
  facet normal 0.872568 -0.488493 0
    outer loop
      vertex 34.4853 0.771784 12
      vertex 34.5505 0.888247 0
      vertex 34.5505 0.888247 12
    endloop
  endfacet
  facet normal 0.872568 -0.488493 0
    outer loop
      vertex 34.5505 0.888247 0
      vertex 34.4853 0.771784 12
      vertex 34.4853 0.771784 0
    endloop
  endfacet
  facet normal 0.194964 -0.98081 0
    outer loop
      vertex 35.6031 1.65303 0
      vertex 35.7341 1.67907 12
      vertex 35.6031 1.65303 12
    endloop
  endfacet
  facet normal 0.194964 -0.98081 0
    outer loop
      vertex 35.7341 1.67907 12
      vertex 35.6031 1.65303 0
      vertex 35.7341 1.67907 0
    endloop
  endfacet
  facet normal 0.908099 -0.418755 0
    outer loop
      vertex 34.4294 0.650561 12
      vertex 34.4853 0.771784 0
      vertex 34.4853 0.771784 12
    endloop
  endfacet
  facet normal 0.908099 -0.418755 0
    outer loop
      vertex 34.4853 0.771784 0
      vertex 34.4294 0.650561 12
      vertex 34.4294 0.650561 0
    endloop
  endfacet
  facet normal 0.55553 0.831497 -0
    outer loop
      vertex 35.1118 -1.44949 0
      vertex 35.0008 -1.37533 12
      vertex 35.1118 -1.44949 12
    endloop
  endfacet
  facet normal 0.55553 0.831497 0
    outer loop
      vertex 35.0008 -1.37533 12
      vertex 35.1118 -1.44949 0
      vertex 35.0008 -1.37533 0
    endloop
  endfacet
  facet normal 0.67888 0.734249 -0
    outer loop
      vertex 34.8959 -1.29269 0
      vertex 34.7979 -1.20208 12
      vertex 34.8959 -1.29269 12
    endloop
  endfacet
  facet normal 0.67888 0.734249 0
    outer loop
      vertex 34.7979 -1.20208 12
      vertex 34.8959 -1.29269 0
      vertex 34.7979 -1.20208 0
    endloop
  endfacet
  facet normal 0.785456 -0.618918 0
    outer loop
      vertex 34.6247 0.999234 12
      vertex 34.7073 1.10406 0
      vertex 34.7073 1.10406 12
    endloop
  endfacet
  facet normal 0.785456 -0.618918 0
    outer loop
      vertex 34.7073 1.10406 0
      vertex 34.6247 0.999234 12
      vertex 34.6247 0.999234 0
    endloop
  endfacet
  facet normal -0.618833 0.785523 0
    outer loop
      vertex 37.1041 -1.29269 0
      vertex 36.9992 -1.37533 12
      vertex 37.1041 -1.29269 12
    endloop
  endfacet
  facet normal -0.618833 0.785523 0
    outer loop
      vertex 36.9992 -1.37533 12
      vertex 37.1041 -1.29269 0
      vertex 36.9992 -1.37533 0
    endloop
  endfacet
  facet normal -0.117594 -0.993062 0
    outer loop
      vertex 36.1334 1.69476 0
      vertex 36.2659 1.67907 12
      vertex 36.1334 1.69476 12
    endloop
  endfacet
  facet normal -0.117594 -0.993062 -0
    outer loop
      vertex 36.2659 1.67907 12
      vertex 36.1334 1.69476 0
      vertex 36.2659 1.67907 0
    endloop
  endfacet
  facet normal -0.194964 -0.98081 0
    outer loop
      vertex 36.2659 1.67907 0
      vertex 36.3969 1.65303 12
      vertex 36.2659 1.67907 12
    endloop
  endfacet
  facet normal -0.194964 -0.98081 -0
    outer loop
      vertex 36.3969 1.65303 12
      vertex 36.2659 1.67907 0
      vertex 36.3969 1.65303 0
    endloop
  endfacet
  facet normal -0.418697 -0.908126 0
    outer loop
      vertex 36.6506 1.57059 0
      vertex 36.7718 1.51471 12
      vertex 36.6506 1.57059 12
    endloop
  endfacet
  facet normal -0.418697 -0.908126 -0
    outer loop
      vertex 36.7718 1.51471 12
      vertex 36.6506 1.57059 0
      vertex 36.7718 1.51471 0
    endloop
  endfacet
  facet normal 0.55553 -0.831497 0
    outer loop
      vertex 35.0008 1.37533 0
      vertex 35.1118 1.44949 12
      vertex 35.0008 1.37533 12
    endloop
  endfacet
  facet normal 0.55553 -0.831497 0
    outer loop
      vertex 35.1118 1.44949 12
      vertex 35.0008 1.37533 0
      vertex 35.1118 1.44949 0
    endloop
  endfacet
  facet normal 0.999241 0.0389568 0
    outer loop
      vertex 34.3052 -0.13338 12
      vertex 34.3 0 0
      vertex 34.3 0 12
    endloop
  endfacet
  facet normal 0.999241 0.0389568 0
    outer loop
      vertex 34.3 0 0
      vertex 34.3052 -0.13338 12
      vertex 34.3052 -0.13338 0
    endloop
  endfacet
  facet normal 0.488809 0.872391 -0
    outer loop
      vertex 35.2282 -1.51471 0
      vertex 35.1118 -1.44949 12
      vertex 35.2282 -1.51471 12
    endloop
  endfacet
  facet normal 0.488809 0.872391 0
    outer loop
      vertex 35.1118 -1.44949 12
      vertex 35.2282 -1.51471 0
      vertex 35.1118 -1.44949 0
    endloop
  endfacet
  facet normal 0.418697 0.908126 -0
    outer loop
      vertex 35.3494 -1.57059 0
      vertex 35.2282 -1.51471 12
      vertex 35.3494 -1.57059 12
    endloop
  endfacet
  facet normal 0.418697 0.908126 0
    outer loop
      vertex 35.2282 -1.51471 12
      vertex 35.3494 -1.57059 0
      vertex 35.2282 -1.51471 0
    endloop
  endfacet
  facet normal -0.993222 -0.11623 0
    outer loop
      vertex 241.975 0.627672 0
      vertex 241.902 1.25148 12
      vertex 241.902 1.25148 0
    endloop
  endfacet
  facet normal -0.993222 -0.11623 0
    outer loop
      vertex 241.902 1.25148 12
      vertex 241.975 0.627672 0
      vertex 241.975 0.627672 12
    endloop
  endfacet
  facet normal -0.999208 -0.0397982 0
    outer loop
      vertex 242 0 0
      vertex 241.975 0.627672 12
      vertex 241.975 0.627672 0
    endloop
  endfacet
  facet normal -0.999208 -0.0397982 0
    outer loop
      vertex 241.975 0.627672 12
      vertex 242 0 0
      vertex 242 0 12
    endloop
  endfacet
  facet normal -0.980647 -0.195786 0
    outer loop
      vertex 241.902 1.25148 0
      vertex 241.779 1.86756 12
      vertex 241.779 1.86756 0
    endloop
  endfacet
  facet normal -0.980647 -0.195786 0
    outer loop
      vertex 241.779 1.86756 12
      vertex 241.902 1.25148 0
      vertex 241.902 1.25148 12
    endloop
  endfacet
  facet normal -0.872451 -0.488701 0
    outer loop
      vertex 241.128 3.63192 0
      vertex 240.821 4.17999 12
      vertex 240.821 4.17999 0
    endloop
  endfacet
  facet normal -0.872451 -0.488701 0
    outer loop
      vertex 240.821 4.17999 12
      vertex 241.128 3.63192 0
      vertex 241.128 3.63192 12
    endloop
  endfacet
  facet normal -0.418339 0.908291 0
    outer loop
      vertex 237.632 -7.12805 0
      vertex 237.061 -7.39104 12
      vertex 237.632 -7.12805 12
    endloop
  endfacet
  facet normal -0.418339 0.908291 0
    outer loop
      vertex 237.061 -7.39104 12
      vertex 237.632 -7.12805 0
      vertex 237.061 -7.39104 0
    endloop
  endfacet
  facet normal -0.785229 0.619205 0
    outer loop
      vertex 240.083 -5.19558 0
      vertex 240.472 -4.70228 12
      vertex 240.472 -4.70228 0
    endloop
  endfacet
  facet normal -0.785229 0.619205 0
    outer loop
      vertex 240.472 -4.70228 12
      vertex 240.083 -5.19558 0
      vertex 240.083 -5.19558 12
    endloop
  endfacet
  facet normal 0.938406 -0.345535 0
    outer loop
      vertex 226.392 2.47214 12
      vertex 226.609 3.06147 0
      vertex 226.609 3.06147 12
    endloop
  endfacet
  facet normal 0.938406 -0.345535 0
    outer loop
      vertex 226.609 3.06147 0
      vertex 226.392 2.47214 12
      vertex 226.392 2.47214 0
    endloop
  endfacet
  facet normal -0.999208 0.0397982 0
    outer loop
      vertex 241.975 -0.627672 0
      vertex 242 0 12
      vertex 242 0 0
    endloop
  endfacet
  facet normal -0.999208 0.0397982 0
    outer loop
      vertex 242 0 12
      vertex 241.975 -0.627672 0
      vertex 241.975 -0.627672 12
    endloop
  endfacet
  facet normal 0.194817 -0.98084 0
    outer loop
      vertex 232.132 7.77896 0
      vertex 232.749 7.90151 12
      vertex 232.132 7.77896 12
    endloop
  endfacet
  facet normal 0.194817 -0.98084 0
    outer loop
      vertex 232.749 7.90151 12
      vertex 232.132 7.77896 0
      vertex 232.749 7.90151 0
    endloop
  endfacet
  facet normal -0.55578 -0.831329 0
    outer loop
      vertex 238.18 6.82112 0
      vertex 238.702 6.47214 12
      vertex 238.18 6.82112 12
    endloop
  endfacet
  facet normal -0.55578 -0.831329 -0
    outer loop
      vertex 238.702 6.47214 12
      vertex 238.18 6.82112 0
      vertex 238.702 6.47214 0
    endloop
  endfacet
  facet normal -0.938406 -0.345535 0
    outer loop
      vertex 241.608 2.47214 0
      vertex 241.391 3.06147 12
      vertex 241.391 3.06147 0
    endloop
  endfacet
  facet normal -0.938406 -0.345535 0
    outer loop
      vertex 241.391 3.06147 12
      vertex 241.608 2.47214 0
      vertex 241.608 2.47214 12
    endloop
  endfacet
  facet normal 0.993222 -0.11623 0
    outer loop
      vertex 226.025 0.627672 12
      vertex 226.098 1.25148 0
      vertex 226.098 1.25148 12
    endloop
  endfacet
  facet normal 0.993222 -0.11623 0
    outer loop
      vertex 226.098 1.25148 0
      vertex 226.025 0.627672 12
      vertex 226.025 0.627672 0
    endloop
  endfacet
  facet normal -0.618556 -0.785741 0
    outer loop
      vertex 238.702 6.47214 0
      vertex 239.196 6.08325 12
      vertex 238.702 6.47214 12
    endloop
  endfacet
  facet normal -0.618556 -0.785741 -0
    outer loop
      vertex 239.196 6.08325 12
      vertex 238.702 6.47214 0
      vertex 239.196 6.08325 0
    endloop
  endfacet
  facet normal 0.831457 -0.555589 0
    outer loop
      vertex 227.179 4.17999 12
      vertex 227.528 4.70228 0
      vertex 227.528 4.70228 12
    endloop
  endfacet
  facet normal 0.831457 -0.555589 0
    outer loop
      vertex 227.528 4.70228 0
      vertex 227.179 4.17999 12
      vertex 227.179 4.17999 0
    endloop
  endfacet
  facet normal 0.785229 0.619205 0
    outer loop
      vertex 227.917 -5.19558 12
      vertex 227.528 -4.70228 0
      vertex 227.528 -4.70228 12
    endloop
  endfacet
  facet normal 0.785229 0.619205 0
    outer loop
      vertex 227.528 -4.70228 0
      vertex 227.917 -5.19558 12
      vertex 227.917 -5.19558 0
    endloop
  endfacet
  facet normal 0.55578 0.831329 -0
    outer loop
      vertex 229.82 -6.82112 0
      vertex 229.298 -6.47214 12
      vertex 229.82 -6.82112 12
    endloop
  endfacet
  facet normal 0.55578 0.831329 0
    outer loop
      vertex 229.298 -6.47214 12
      vertex 229.82 -6.82112 0
      vertex 229.298 -6.47214 0
    endloop
  endfacet
  facet normal -0.831457 -0.555589 0
    outer loop
      vertex 240.821 4.17999 0
      vertex 240.472 4.70228 12
      vertex 240.472 4.70228 0
    endloop
  endfacet
  facet normal -0.831457 -0.555589 0
    outer loop
      vertex 240.472 4.70228 12
      vertex 240.821 4.17999 0
      vertex 240.821 4.17999 12
    endloop
  endfacet
  facet normal 0.34628 0.938131 -0
    outer loop
      vertex 231.528 -7.60845 0
      vertex 230.939 -7.39104 12
      vertex 231.528 -7.60845 12
    endloop
  endfacet
  facet normal 0.34628 0.938131 0
    outer loop
      vertex 230.939 -7.39104 12
      vertex 231.528 -7.60845 0
      vertex 230.939 -7.39104 0
    endloop
  endfacet
  facet normal 0.271683 0.962387 -0
    outer loop
      vertex 232.132 -7.77896 0
      vertex 231.528 -7.60845 12
      vertex 232.132 -7.77896 12
    endloop
  endfacet
  facet normal 0.271683 0.962387 0
    outer loop
      vertex 231.528 -7.60845 12
      vertex 232.132 -7.77896 0
      vertex 231.528 -7.60845 0
    endloop
  endfacet
  facet normal -0.34628 -0.938131 0
    outer loop
      vertex 236.472 7.60845 0
      vertex 237.061 7.39104 12
      vertex 236.472 7.60845 12
    endloop
  endfacet
  facet normal -0.34628 -0.938131 -0
    outer loop
      vertex 237.061 7.39104 12
      vertex 236.472 7.60845 0
      vertex 237.061 7.39104 0
    endloop
  endfacet
  facet normal -0.488664 -0.872472 0
    outer loop
      vertex 237.632 7.12805 0
      vertex 238.18 6.82112 12
      vertex 237.632 7.12805 12
    endloop
  endfacet
  facet normal -0.488664 -0.872472 -0
    outer loop
      vertex 238.18 6.82112 12
      vertex 237.632 7.12805 0
      vertex 238.18 6.82112 0
    endloop
  endfacet
  facet normal -0.271683 0.962387 0
    outer loop
      vertex 236.472 -7.60845 0
      vertex 235.868 -7.77896 12
      vertex 236.472 -7.60845 12
    endloop
  endfacet
  facet normal -0.271683 0.962387 0
    outer loop
      vertex 235.868 -7.77896 12
      vertex 236.472 -7.60845 0
      vertex 235.868 -7.77896 0
    endloop
  endfacet
  facet normal 0.0392373 -0.99923 0
    outer loop
      vertex 233.372 7.97534 0
      vertex 234 8 12
      vertex 233.372 7.97534 12
    endloop
  endfacet
  facet normal 0.0392373 -0.99923 0
    outer loop
      vertex 234 8 12
      vertex 233.372 7.97534 0
      vertex 234 8 0
    endloop
  endfacet
  facet normal 0.618556 -0.785741 0
    outer loop
      vertex 228.804 6.08325 0
      vertex 229.298 6.47214 12
      vertex 228.804 6.08325 12
    endloop
  endfacet
  facet normal 0.618556 -0.785741 0
    outer loop
      vertex 229.298 6.47214 12
      vertex 228.804 6.08325 0
      vertex 229.298 6.47214 0
    endloop
  endfacet
  facet normal 0.271683 -0.962387 0
    outer loop
      vertex 231.528 7.60845 0
      vertex 232.132 7.77896 12
      vertex 231.528 7.60845 12
    endloop
  endfacet
  facet normal 0.271683 -0.962387 0
    outer loop
      vertex 232.132 7.77896 12
      vertex 231.528 7.60845 0
      vertex 232.132 7.77896 0
    endloop
  endfacet
  facet normal 0.734635 -0.678463 0
    outer loop
      vertex 227.917 5.19558 12
      vertex 228.343 5.65685 0
      vertex 228.343 5.65685 12
    endloop
  endfacet
  facet normal 0.734635 -0.678463 0
    outer loop
      vertex 228.343 5.65685 0
      vertex 227.917 5.19558 12
      vertex 227.917 5.19558 0
    endloop
  endfacet
  facet normal 0.785229 -0.619205 0
    outer loop
      vertex 227.528 4.70228 12
      vertex 227.917 5.19558 0
      vertex 227.917 5.19558 12
    endloop
  endfacet
  facet normal 0.785229 -0.619205 0
    outer loop
      vertex 227.917 5.19558 0
      vertex 227.528 4.70228 12
      vertex 227.528 4.70228 0
    endloop
  endfacet
  facet normal -0.908132 -0.418685 0
    outer loop
      vertex 241.391 3.06147 0
      vertex 241.128 3.63192 12
      vertex 241.128 3.63192 0
    endloop
  endfacet
  facet normal -0.908132 -0.418685 0
    outer loop
      vertex 241.128 3.63192 12
      vertex 241.391 3.06147 0
      vertex 241.391 3.06147 12
    endloop
  endfacet
  facet normal -0.117684 0.993051 0
    outer loop
      vertex 235.251 -7.90151 0
      vertex 234.628 -7.97534 12
      vertex 235.251 -7.90151 12
    endloop
  endfacet
  facet normal -0.117684 0.993051 0
    outer loop
      vertex 234.628 -7.97534 12
      vertex 235.251 -7.90151 0
      vertex 234.628 -7.97534 0
    endloop
  endfacet
  facet normal -0.679021 0.734119 0
    outer loop
      vertex 239.657 -5.65685 0
      vertex 239.196 -6.08325 12
      vertex 239.657 -5.65685 12
    endloop
  endfacet
  facet normal -0.679021 0.734119 0
    outer loop
      vertex 239.196 -6.08325 12
      vertex 239.657 -5.65685 0
      vertex 239.196 -6.08325 0
    endloop
  endfacet
  facet normal -0.418339 -0.908291 0
    outer loop
      vertex 237.061 7.39104 0
      vertex 237.632 7.12805 12
      vertex 237.061 7.39104 12
    endloop
  endfacet
  facet normal -0.418339 -0.908291 -0
    outer loop
      vertex 237.632 7.12805 12
      vertex 237.061 7.39104 0
      vertex 237.632 7.12805 0
    endloop
  endfacet
  facet normal -0.488664 0.872472 0
    outer loop
      vertex 238.18 -6.82112 0
      vertex 237.632 -7.12805 12
      vertex 238.18 -6.82112 12
    endloop
  endfacet
  facet normal -0.488664 0.872472 0
    outer loop
      vertex 237.632 -7.12805 12
      vertex 238.18 -6.82112 0
      vertex 237.632 -7.12805 0
    endloop
  endfacet
  facet normal -0.271683 -0.962387 0
    outer loop
      vertex 235.868 7.77896 0
      vertex 236.472 7.60845 12
      vertex 235.868 7.77896 12
    endloop
  endfacet
  facet normal -0.271683 -0.962387 -0
    outer loop
      vertex 236.472 7.60845 12
      vertex 235.868 7.77896 0
      vertex 236.472 7.60845 0
    endloop
  endfacet
  facet normal 0.908132 0.418685 0
    outer loop
      vertex 226.872 -3.63192 12
      vertex 226.609 -3.06147 0
      vertex 226.609 -3.06147 12
    endloop
  endfacet
  facet normal 0.908132 0.418685 0
    outer loop
      vertex 226.609 -3.06147 0
      vertex 226.872 -3.63192 12
      vertex 226.872 -3.63192 0
    endloop
  endfacet
  facet normal 0.679021 0.734119 -0
    outer loop
      vertex 228.804 -6.08325 0
      vertex 228.343 -5.65685 12
      vertex 228.804 -6.08325 12
    endloop
  endfacet
  facet normal 0.679021 0.734119 0
    outer loop
      vertex 228.343 -5.65685 12
      vertex 228.804 -6.08325 0
      vertex 228.343 -5.65685 0
    endloop
  endfacet
  facet normal 0.117684 -0.993051 0
    outer loop
      vertex 232.749 7.90151 0
      vertex 233.372 7.97534 12
      vertex 232.749 7.90151 12
    endloop
  endfacet
  facet normal 0.117684 -0.993051 0
    outer loop
      vertex 233.372 7.97534 12
      vertex 232.749 7.90151 0
      vertex 233.372 7.97534 0
    endloop
  endfacet
  facet normal 0.488664 0.872472 -0
    outer loop
      vertex 230.368 -7.12805 0
      vertex 229.82 -6.82112 12
      vertex 230.368 -7.12805 12
    endloop
  endfacet
  facet normal 0.488664 0.872472 0
    outer loop
      vertex 229.82 -6.82112 12
      vertex 230.368 -7.12805 0
      vertex 229.82 -6.82112 0
    endloop
  endfacet
  facet normal 0.418339 -0.908291 0
    outer loop
      vertex 230.368 7.12805 0
      vertex 230.939 7.39104 12
      vertex 230.368 7.12805 12
    endloop
  endfacet
  facet normal 0.418339 -0.908291 0
    outer loop
      vertex 230.939 7.39104 12
      vertex 230.368 7.12805 0
      vertex 230.939 7.39104 0
    endloop
  endfacet
  facet normal -0.117684 -0.993051 0
    outer loop
      vertex 234.628 7.97534 0
      vertex 235.251 7.90151 12
      vertex 234.628 7.97534 12
    endloop
  endfacet
  facet normal -0.117684 -0.993051 -0
    outer loop
      vertex 235.251 7.90151 12
      vertex 234.628 7.97534 0
      vertex 235.251 7.90151 0
    endloop
  endfacet
  facet normal -0.785229 -0.619205 0
    outer loop
      vertex 240.472 4.70228 0
      vertex 240.083 5.19558 12
      vertex 240.083 5.19558 0
    endloop
  endfacet
  facet normal -0.785229 -0.619205 0
    outer loop
      vertex 240.083 5.19558 12
      vertex 240.472 4.70228 0
      vertex 240.472 4.70228 12
    endloop
  endfacet
  facet normal -0.0392373 -0.99923 0
    outer loop
      vertex 234 8 0
      vertex 234.628 7.97534 12
      vertex 234 8 12
    endloop
  endfacet
  facet normal -0.0392373 -0.99923 -0
    outer loop
      vertex 234.628 7.97534 12
      vertex 234 8 0
      vertex 234.628 7.97534 0
    endloop
  endfacet
  facet normal 0.980647 0.195786 0
    outer loop
      vertex 226.221 -1.86756 12
      vertex 226.098 -1.25148 0
      vertex 226.098 -1.25148 12
    endloop
  endfacet
  facet normal 0.980647 0.195786 0
    outer loop
      vertex 226.098 -1.25148 0
      vertex 226.221 -1.86756 12
      vertex 226.221 -1.86756 0
    endloop
  endfacet
  facet normal -0.962251 0.272164 0
    outer loop
      vertex 241.608 -2.47214 0
      vertex 241.779 -1.86756 12
      vertex 241.779 -1.86756 0
    endloop
  endfacet
  facet normal -0.962251 0.272164 0
    outer loop
      vertex 241.779 -1.86756 12
      vertex 241.608 -2.47214 0
      vertex 241.608 -2.47214 12
    endloop
  endfacet
  facet normal 0.962251 -0.272164 0
    outer loop
      vertex 226.221 1.86756 12
      vertex 226.392 2.47214 0
      vertex 226.392 2.47214 12
    endloop
  endfacet
  facet normal 0.962251 -0.272164 0
    outer loop
      vertex 226.392 2.47214 0
      vertex 226.221 1.86756 12
      vertex 226.221 1.86756 0
    endloop
  endfacet
  facet normal 0.872451 -0.488701 0
    outer loop
      vertex 226.872 3.63192 12
      vertex 227.179 4.17999 0
      vertex 227.179 4.17999 12
    endloop
  endfacet
  facet normal 0.872451 -0.488701 0
    outer loop
      vertex 227.179 4.17999 0
      vertex 226.872 3.63192 12
      vertex 226.872 3.63192 0
    endloop
  endfacet
  facet normal -0.993222 0.11623 0
    outer loop
      vertex 241.902 -1.25148 0
      vertex 241.975 -0.627672 12
      vertex 241.975 -0.627672 0
    endloop
  endfacet
  facet normal -0.993222 0.11623 0
    outer loop
      vertex 241.975 -0.627672 12
      vertex 241.902 -1.25148 0
      vertex 241.902 -1.25148 12
    endloop
  endfacet
  facet normal -0.938406 0.345535 0
    outer loop
      vertex 241.391 -3.06147 0
      vertex 241.608 -2.47214 12
      vertex 241.608 -2.47214 0
    endloop
  endfacet
  facet normal -0.938406 0.345535 0
    outer loop
      vertex 241.608 -2.47214 12
      vertex 241.391 -3.06147 0
      vertex 241.391 -3.06147 12
    endloop
  endfacet
  facet normal 0.34628 -0.938131 0
    outer loop
      vertex 230.939 7.39104 0
      vertex 231.528 7.60845 12
      vertex 230.939 7.39104 12
    endloop
  endfacet
  facet normal 0.34628 -0.938131 0
    outer loop
      vertex 231.528 7.60845 12
      vertex 230.939 7.39104 0
      vertex 231.528 7.60845 0
    endloop
  endfacet
  facet normal -0.980647 0.195786 0
    outer loop
      vertex 241.779 -1.86756 0
      vertex 241.902 -1.25148 12
      vertex 241.902 -1.25148 0
    endloop
  endfacet
  facet normal -0.980647 0.195786 0
    outer loop
      vertex 241.902 -1.25148 12
      vertex 241.779 -1.86756 0
      vertex 241.779 -1.86756 12
    endloop
  endfacet
  facet normal -0.0392373 0.99923 0
    outer loop
      vertex 234.628 -7.97534 0
      vertex 234 -8 12
      vertex 234.628 -7.97534 12
    endloop
  endfacet
  facet normal -0.0392373 0.99923 0
    outer loop
      vertex 234 -8 12
      vertex 234.628 -7.97534 0
      vertex 234 -8 0
    endloop
  endfacet
  facet normal 0.962251 0.272164 0
    outer loop
      vertex 226.392 -2.47214 12
      vertex 226.221 -1.86756 0
      vertex 226.221 -1.86756 12
    endloop
  endfacet
  facet normal 0.962251 0.272164 0
    outer loop
      vertex 226.221 -1.86756 0
      vertex 226.392 -2.47214 12
      vertex 226.392 -2.47214 0
    endloop
  endfacet
  facet normal 0.993222 0.11623 0
    outer loop
      vertex 226.098 -1.25148 12
      vertex 226.025 -0.627672 0
      vertex 226.025 -0.627672 12
    endloop
  endfacet
  facet normal 0.993222 0.11623 0
    outer loop
      vertex 226.025 -0.627672 0
      vertex 226.098 -1.25148 12
      vertex 226.098 -1.25148 0
    endloop
  endfacet
  facet normal 0.55578 -0.831329 0
    outer loop
      vertex 229.298 6.47214 0
      vertex 229.82 6.82112 12
      vertex 229.298 6.47214 12
    endloop
  endfacet
  facet normal 0.55578 -0.831329 0
    outer loop
      vertex 229.82 6.82112 12
      vertex 229.298 6.47214 0
      vertex 229.82 6.82112 0
    endloop
  endfacet
  facet normal 0.908132 -0.418685 0
    outer loop
      vertex 226.609 3.06147 12
      vertex 226.872 3.63192 0
      vertex 226.872 3.63192 12
    endloop
  endfacet
  facet normal 0.908132 -0.418685 0
    outer loop
      vertex 226.872 3.63192 0
      vertex 226.609 3.06147 12
      vertex 226.609 3.06147 0
    endloop
  endfacet
  facet normal 0.117684 0.993051 -0
    outer loop
      vertex 233.372 -7.97534 0
      vertex 232.749 -7.90151 12
      vertex 233.372 -7.97534 12
    endloop
  endfacet
  facet normal 0.117684 0.993051 0
    outer loop
      vertex 232.749 -7.90151 12
      vertex 233.372 -7.97534 0
      vertex 232.749 -7.90151 0
    endloop
  endfacet
  facet normal -0.194817 0.98084 0
    outer loop
      vertex 235.868 -7.77896 0
      vertex 235.251 -7.90151 12
      vertex 235.868 -7.77896 12
    endloop
  endfacet
  facet normal -0.194817 0.98084 0
    outer loop
      vertex 235.251 -7.90151 12
      vertex 235.868 -7.77896 0
      vertex 235.251 -7.90151 0
    endloop
  endfacet
  facet normal -0.962251 -0.272164 0
    outer loop
      vertex 241.779 1.86756 0
      vertex 241.608 2.47214 12
      vertex 241.608 2.47214 0
    endloop
  endfacet
  facet normal -0.962251 -0.272164 0
    outer loop
      vertex 241.608 2.47214 12
      vertex 241.779 1.86756 0
      vertex 241.779 1.86756 12
    endloop
  endfacet
  facet normal 0.488664 -0.872472 0
    outer loop
      vertex 229.82 6.82112 0
      vertex 230.368 7.12805 12
      vertex 229.82 6.82112 12
    endloop
  endfacet
  facet normal 0.488664 -0.872472 0
    outer loop
      vertex 230.368 7.12805 12
      vertex 229.82 6.82112 0
      vertex 230.368 7.12805 0
    endloop
  endfacet
  facet normal 0.980647 -0.195786 0
    outer loop
      vertex 226.098 1.25148 12
      vertex 226.221 1.86756 0
      vertex 226.221 1.86756 12
    endloop
  endfacet
  facet normal 0.980647 -0.195786 0
    outer loop
      vertex 226.221 1.86756 0
      vertex 226.098 1.25148 12
      vertex 226.098 1.25148 0
    endloop
  endfacet
  facet normal 0.999208 -0.0397982 0
    outer loop
      vertex 226 0 12
      vertex 226.025 0.627672 0
      vertex 226.025 0.627672 12
    endloop
  endfacet
  facet normal 0.999208 -0.0397982 0
    outer loop
      vertex 226.025 0.627672 0
      vertex 226 0 12
      vertex 226 0 0
    endloop
  endfacet
  facet normal 0.938406 0.345535 0
    outer loop
      vertex 226.609 -3.06147 12
      vertex 226.392 -2.47214 0
      vertex 226.392 -2.47214 12
    endloop
  endfacet
  facet normal 0.938406 0.345535 0
    outer loop
      vertex 226.392 -2.47214 0
      vertex 226.609 -3.06147 12
      vertex 226.609 -3.06147 0
    endloop
  endfacet
  facet normal 0.734635 0.678463 0
    outer loop
      vertex 228.343 -5.65685 12
      vertex 227.917 -5.19558 0
      vertex 227.917 -5.19558 12
    endloop
  endfacet
  facet normal 0.734635 0.678463 0
    outer loop
      vertex 227.917 -5.19558 0
      vertex 228.343 -5.65685 12
      vertex 228.343 -5.65685 0
    endloop
  endfacet
  facet normal -0.908132 0.418685 0
    outer loop
      vertex 241.128 -3.63192 0
      vertex 241.391 -3.06147 12
      vertex 241.391 -3.06147 0
    endloop
  endfacet
  facet normal -0.908132 0.418685 0
    outer loop
      vertex 241.391 -3.06147 12
      vertex 241.128 -3.63192 0
      vertex 241.128 -3.63192 12
    endloop
  endfacet
  facet normal 0.679021 -0.734119 0
    outer loop
      vertex 228.343 5.65685 0
      vertex 228.804 6.08325 12
      vertex 228.343 5.65685 12
    endloop
  endfacet
  facet normal 0.679021 -0.734119 0
    outer loop
      vertex 228.804 6.08325 12
      vertex 228.343 5.65685 0
      vertex 228.804 6.08325 0
    endloop
  endfacet
  facet normal -0.872451 0.488701 0
    outer loop
      vertex 240.821 -4.17999 0
      vertex 241.128 -3.63192 12
      vertex 241.128 -3.63192 0
    endloop
  endfacet
  facet normal -0.872451 0.488701 0
    outer loop
      vertex 241.128 -3.63192 12
      vertex 240.821 -4.17999 0
      vertex 240.821 -4.17999 12
    endloop
  endfacet
  facet normal -0.734635 -0.678463 0
    outer loop
      vertex 240.083 5.19558 0
      vertex 239.657 5.65685 12
      vertex 239.657 5.65685 0
    endloop
  endfacet
  facet normal -0.734635 -0.678463 0
    outer loop
      vertex 239.657 5.65685 12
      vertex 240.083 5.19558 0
      vertex 240.083 5.19558 12
    endloop
  endfacet
  facet normal -0.831457 0.555589 0
    outer loop
      vertex 240.472 -4.70228 0
      vertex 240.821 -4.17999 12
      vertex 240.821 -4.17999 0
    endloop
  endfacet
  facet normal -0.831457 0.555589 0
    outer loop
      vertex 240.821 -4.17999 12
      vertex 240.472 -4.70228 0
      vertex 240.472 -4.70228 12
    endloop
  endfacet
  facet normal -0.55578 0.831329 0
    outer loop
      vertex 238.702 -6.47214 0
      vertex 238.18 -6.82112 12
      vertex 238.702 -6.47214 12
    endloop
  endfacet
  facet normal -0.55578 0.831329 0
    outer loop
      vertex 238.18 -6.82112 12
      vertex 238.702 -6.47214 0
      vertex 238.18 -6.82112 0
    endloop
  endfacet
  facet normal 0.831457 0.555589 0
    outer loop
      vertex 227.528 -4.70228 12
      vertex 227.179 -4.17999 0
      vertex 227.179 -4.17999 12
    endloop
  endfacet
  facet normal 0.831457 0.555589 0
    outer loop
      vertex 227.179 -4.17999 0
      vertex 227.528 -4.70228 12
      vertex 227.528 -4.70228 0
    endloop
  endfacet
  facet normal 0.872451 0.488701 0
    outer loop
      vertex 227.179 -4.17999 12
      vertex 226.872 -3.63192 0
      vertex 226.872 -3.63192 12
    endloop
  endfacet
  facet normal 0.872451 0.488701 0
    outer loop
      vertex 226.872 -3.63192 0
      vertex 227.179 -4.17999 12
      vertex 227.179 -4.17999 0
    endloop
  endfacet
  facet normal -0.618556 0.785741 0
    outer loop
      vertex 239.196 -6.08325 0
      vertex 238.702 -6.47214 12
      vertex 239.196 -6.08325 12
    endloop
  endfacet
  facet normal -0.618556 0.785741 0
    outer loop
      vertex 238.702 -6.47214 12
      vertex 239.196 -6.08325 0
      vertex 238.702 -6.47214 0
    endloop
  endfacet
  facet normal -0.679021 -0.734119 0
    outer loop
      vertex 239.196 6.08325 0
      vertex 239.657 5.65685 12
      vertex 239.196 6.08325 12
    endloop
  endfacet
  facet normal -0.679021 -0.734119 -0
    outer loop
      vertex 239.657 5.65685 12
      vertex 239.196 6.08325 0
      vertex 239.657 5.65685 0
    endloop
  endfacet
  facet normal 0.194817 0.98084 -0
    outer loop
      vertex 232.749 -7.90151 0
      vertex 232.132 -7.77896 12
      vertex 232.749 -7.90151 12
    endloop
  endfacet
  facet normal 0.194817 0.98084 0
    outer loop
      vertex 232.132 -7.77896 12
      vertex 232.749 -7.90151 0
      vertex 232.132 -7.77896 0
    endloop
  endfacet
  facet normal -0.194817 -0.98084 0
    outer loop
      vertex 235.251 7.90151 0
      vertex 235.868 7.77896 12
      vertex 235.251 7.90151 12
    endloop
  endfacet
  facet normal -0.194817 -0.98084 -0
    outer loop
      vertex 235.868 7.77896 12
      vertex 235.251 7.90151 0
      vertex 235.868 7.77896 0
    endloop
  endfacet
  facet normal 0.0392373 0.99923 -0
    outer loop
      vertex 234 -8 0
      vertex 233.372 -7.97534 12
      vertex 234 -8 12
    endloop
  endfacet
  facet normal 0.0392373 0.99923 0
    outer loop
      vertex 233.372 -7.97534 12
      vertex 234 -8 0
      vertex 233.372 -7.97534 0
    endloop
  endfacet
  facet normal -0.34628 0.938131 0
    outer loop
      vertex 237.061 -7.39104 0
      vertex 236.472 -7.60845 12
      vertex 237.061 -7.39104 12
    endloop
  endfacet
  facet normal -0.34628 0.938131 0
    outer loop
      vertex 236.472 -7.60845 12
      vertex 237.061 -7.39104 0
      vertex 236.472 -7.60845 0
    endloop
  endfacet
  facet normal -0.734635 0.678463 0
    outer loop
      vertex 239.657 -5.65685 0
      vertex 240.083 -5.19558 12
      vertex 240.083 -5.19558 0
    endloop
  endfacet
  facet normal -0.734635 0.678463 0
    outer loop
      vertex 240.083 -5.19558 12
      vertex 239.657 -5.65685 0
      vertex 239.657 -5.65685 12
    endloop
  endfacet
  facet normal 0.618556 0.785741 -0
    outer loop
      vertex 229.298 -6.47214 0
      vertex 228.804 -6.08325 12
      vertex 229.298 -6.47214 12
    endloop
  endfacet
  facet normal 0.618556 0.785741 0
    outer loop
      vertex 228.804 -6.08325 12
      vertex 229.298 -6.47214 0
      vertex 228.804 -6.08325 0
    endloop
  endfacet
  facet normal 0.418339 0.908291 -0
    outer loop
      vertex 230.939 -7.39104 0
      vertex 230.368 -7.12805 12
      vertex 230.939 -7.39104 12
    endloop
  endfacet
  facet normal 0.418339 0.908291 0
    outer loop
      vertex 230.368 -7.12805 12
      vertex 230.939 -7.39104 0
      vertex 230.368 -7.12805 0
    endloop
  endfacet
  facet normal 0.999208 0.0397982 0
    outer loop
      vertex 226.025 -0.627672 12
      vertex 226 0 0
      vertex 226 0 12
    endloop
  endfacet
  facet normal 0.999208 0.0397982 0
    outer loop
      vertex 226 0 0
      vertex 226.025 -0.627672 12
      vertex 226.025 -0.627672 0
    endloop
  endfacet
  facet normal -0.992665 -0.120901 0
    outer loop
      vertex 188.994 32.1569 0
      vertex 188.975 32.3129 12
      vertex 188.975 32.3129 0
    endloop
  endfacet
  facet normal -0.992665 -0.120901 0
    outer loop
      vertex 188.975 32.3129 12
      vertex 188.994 32.1569 0
      vertex 188.994 32.1569 12
    endloop
  endfacet
  facet normal -0.99927 -0.038213 0
    outer loop
      vertex 189 32 0
      vertex 188.994 32.1569 12
      vertex 188.994 32.1569 0
    endloop
  endfacet
  facet normal -0.99927 -0.038213 0
    outer loop
      vertex 188.994 32.1569 12
      vertex 189 32 0
      vertex 189 32 12
    endloop
  endfacet
  facet normal -0.981549 -0.191211 0
    outer loop
      vertex 188.975 32.3129 0
      vertex 188.945 32.4669 12
      vertex 188.945 32.4669 0
    endloop
  endfacet
  facet normal -0.981549 -0.191211 0
    outer loop
      vertex 188.945 32.4669 12
      vertex 188.975 32.3129 0
      vertex 188.975 32.3129 12
    endloop
  endfacet
  facet normal -0.961812 -0.273712 0
    outer loop
      vertex 188.945 32.4669 0
      vertex 188.902 32.618 12
      vertex 188.902 32.618 0
    endloop
  endfacet
  facet normal -0.961812 -0.273712 0
    outer loop
      vertex 188.902 32.618 12
      vertex 188.945 32.4669 0
      vertex 188.945 32.4669 12
    endloop
  endfacet
  facet normal 0.961812 -0.273712 0
    outer loop
      vertex 185.055 32.4669 12
      vertex 185.098 32.618 0
      vertex 185.098 32.618 12
    endloop
  endfacet
  facet normal 0.961812 -0.273712 0
    outer loop
      vertex 185.098 32.618 0
      vertex 185.055 32.4669 12
      vertex 185.055 32.4669 0
    endloop
  endfacet
  facet normal -0.938972 -0.343993 0
    outer loop
      vertex 188.902 32.618 0
      vertex 188.848 32.7654 12
      vertex 188.848 32.7654 0
    endloop
  endfacet
  facet normal -0.938972 -0.343993 0
    outer loop
      vertex 188.848 32.7654 12
      vertex 188.902 32.618 0
      vertex 188.902 32.618 12
    endloop
  endfacet
  facet normal 0.732997 -0.680232 0
    outer loop
      vertex 185.479 33.2989 12
      vertex 185.586 33.4142 0
      vertex 185.586 33.4142 12
    endloop
  endfacet
  facet normal 0.732997 -0.680232 0
    outer loop
      vertex 185.586 33.4142 0
      vertex 185.479 33.2989 12
      vertex 185.479 33.2989 0
    endloop
  endfacet
  facet normal 0.41801 -0.908442 0
    outer loop
      vertex 186.092 33.782 0
      vertex 186.235 33.8478 12
      vertex 186.092 33.782 12
    endloop
  endfacet
  facet normal 0.41801 -0.908442 0
    outer loop
      vertex 186.235 33.8478 12
      vertex 186.092 33.782 0
      vertex 186.235 33.8478 0
    endloop
  endfacet
  facet normal -0.271521 0.962433 0
    outer loop
      vertex 187.618 30.0979 0
      vertex 187.467 30.0553 12
      vertex 187.618 30.0979 12
    endloop
  endfacet
  facet normal -0.271521 0.962433 0
    outer loop
      vertex 187.467 30.0553 12
      vertex 187.618 30.0979 0
      vertex 187.467 30.0553 0
    endloop
  endfacet
  facet normal 0.554554 -0.832148 0
    outer loop
      vertex 185.824 33.618 0
      vertex 185.955 33.7053 12
      vertex 185.824 33.618 12
    endloop
  endfacet
  facet normal 0.554554 -0.832148 0
    outer loop
      vertex 185.955 33.7053 12
      vertex 185.824 33.618 0
      vertex 185.955 33.7053 0
    endloop
  endfacet
  facet normal 0.195504 -0.980703 0
    outer loop
      vertex 186.533 33.9447 0
      vertex 186.687 33.9754 12
      vertex 186.533 33.9447 12
    endloop
  endfacet
  facet normal 0.195504 -0.980703 0
    outer loop
      vertex 186.687 33.9754 12
      vertex 186.533 33.9447 0
      vertex 186.687 33.9754 0
    endloop
  endfacet
  facet normal -0.871745 0.489959 0
    outer loop
      vertex 188.705 30.955 0
      vertex 188.782 31.092 12
      vertex 188.782 31.092 0
    endloop
  endfacet
  facet normal -0.871745 0.489959 0
    outer loop
      vertex 188.782 31.092 12
      vertex 188.705 30.955 0
      vertex 188.705 30.955 12
    endloop
  endfacet
  facet normal -0.981549 0.191211 0
    outer loop
      vertex 188.945 31.5331 0
      vertex 188.975 31.6871 12
      vertex 188.975 31.6871 0
    endloop
  endfacet
  facet normal -0.981549 0.191211 0
    outer loop
      vertex 188.975 31.6871 12
      vertex 188.945 31.5331 0
      vertex 188.945 31.5331 12
    endloop
  endfacet
  facet normal -0.41801 0.908442 0
    outer loop
      vertex 187.908 30.218 0
      vertex 187.765 30.1522 12
      vertex 187.908 30.218 12
    endloop
  endfacet
  facet normal -0.41801 0.908442 0
    outer loop
      vertex 187.765 30.1522 12
      vertex 187.908 30.218 0
      vertex 187.765 30.1522 0
    endloop
  endfacet
  facet normal -0.0394597 -0.999221 0
    outer loop
      vertex 187 34 0
      vertex 187.157 33.9938 12
      vertex 187 34 12
    endloop
  endfacet
  facet normal -0.0394597 -0.999221 -0
    outer loop
      vertex 187.157 33.9938 12
      vertex 187 34 0
      vertex 187.157 33.9938 0
    endloop
  endfacet
  facet normal -0.785942 0.6183 0
    outer loop
      vertex 188.521 30.7011 0
      vertex 188.618 30.8244 12
      vertex 188.618 30.8244 0
    endloop
  endfacet
  facet normal -0.785942 0.6183 0
    outer loop
      vertex 188.618 30.8244 12
      vertex 188.521 30.7011 0
      vertex 188.521 30.7011 12
    endloop
  endfacet
  facet normal -0.488506 0.87256 0
    outer loop
      vertex 188.045 30.2947 0
      vertex 187.908 30.218 12
      vertex 188.045 30.2947 12
    endloop
  endfacet
  facet normal -0.488506 0.87256 0
    outer loop
      vertex 187.908 30.218 12
      vertex 188.045 30.2947 0
      vertex 187.908 30.218 0
    endloop
  endfacet
  facet normal 0.271521 -0.962433 0
    outer loop
      vertex 186.382 33.9021 0
      vertex 186.533 33.9447 12
      vertex 186.382 33.9021 12
    endloop
  endfacet
  facet normal 0.271521 -0.962433 0
    outer loop
      vertex 186.533 33.9447 12
      vertex 186.382 33.9021 0
      vertex 186.533 33.9447 0
    endloop
  endfacet
  facet normal 0.907512 0.420027 0
    outer loop
      vertex 185.218 31.092 12
      vertex 185.152 31.2346 0
      vertex 185.152 31.2346 12
    endloop
  endfacet
  facet normal 0.907512 0.420027 0
    outer loop
      vertex 185.152 31.2346 0
      vertex 185.218 31.092 12
      vertex 185.218 31.092 0
    endloop
  endfacet
  facet normal 0.195504 0.980703 -0
    outer loop
      vertex 186.687 30.0246 0
      vertex 186.533 30.0553 12
      vertex 186.687 30.0246 12
    endloop
  endfacet
  facet normal 0.195504 0.980703 0
    outer loop
      vertex 186.533 30.0553 12
      vertex 186.687 30.0246 0
      vertex 186.533 30.0553 0
    endloop
  endfacet
  facet normal 0.0394597 -0.999221 0
    outer loop
      vertex 186.843 33.9938 0
      vertex 187 34 12
      vertex 186.843 33.9938 12
    endloop
  endfacet
  facet normal 0.0394597 -0.999221 0
    outer loop
      vertex 187 34 12
      vertex 186.843 33.9938 0
      vertex 187 34 0
    endloop
  endfacet
  facet normal -0.785942 -0.6183 0
    outer loop
      vertex 188.618 33.1756 0
      vertex 188.521 33.2989 12
      vertex 188.521 33.2989 0
    endloop
  endfacet
  facet normal -0.785942 -0.6183 0
    outer loop
      vertex 188.521 33.2989 12
      vertex 188.618 33.1756 0
      vertex 188.618 33.1756 12
    endloop
  endfacet
  facet normal 0.0394597 0.999221 -0
    outer loop
      vertex 187 30 0
      vertex 186.843 30.0062 12
      vertex 187 30 12
    endloop
  endfacet
  facet normal 0.0394597 0.999221 0
    outer loop
      vertex 186.843 30.0062 12
      vertex 187 30 0
      vertex 186.843 30.0062 0
    endloop
  endfacet
  facet normal -0.961812 0.273712 0
    outer loop
      vertex 188.902 31.382 0
      vertex 188.945 31.5331 12
      vertex 188.945 31.5331 0
    endloop
  endfacet
  facet normal -0.961812 0.273712 0
    outer loop
      vertex 188.945 31.5331 12
      vertex 188.902 31.382 0
      vertex 188.902 31.382 12
    endloop
  endfacet
  facet normal -0.41801 -0.908442 0
    outer loop
      vertex 187.765 33.8478 0
      vertex 187.908 33.782 12
      vertex 187.765 33.8478 12
    endloop
  endfacet
  facet normal -0.41801 -0.908442 -0
    outer loop
      vertex 187.908 33.782 12
      vertex 187.765 33.8478 0
      vertex 187.908 33.782 0
    endloop
  endfacet
  facet normal -0.832246 -0.554406 0
    outer loop
      vertex 188.705 33.045 0
      vertex 188.618 33.1756 12
      vertex 188.618 33.1756 0
    endloop
  endfacet
  facet normal -0.832246 -0.554406 0
    outer loop
      vertex 188.618 33.1756 12
      vertex 188.705 33.045 0
      vertex 188.705 33.045 12
    endloop
  endfacet
  facet normal -0.346504 0.938049 0
    outer loop
      vertex 187.765 30.1522 0
      vertex 187.618 30.0979 12
      vertex 187.765 30.1522 12
    endloop
  endfacet
  facet normal -0.346504 0.938049 0
    outer loop
      vertex 187.618 30.0979 12
      vertex 187.765 30.1522 0
      vertex 187.618 30.0979 0
    endloop
  endfacet
  facet normal -0.620016 -0.784589 0
    outer loop
      vertex 188.176 33.618 0
      vertex 188.299 33.5208 12
      vertex 188.176 33.618 12
    endloop
  endfacet
  facet normal -0.620016 -0.784589 -0
    outer loop
      vertex 188.299 33.5208 12
      vertex 188.176 33.618 0
      vertex 188.299 33.5208 0
    endloop
  endfacet
  facet normal -0.488506 -0.87256 0
    outer loop
      vertex 187.908 33.782 0
      vertex 188.045 33.7053 12
      vertex 187.908 33.782 12
    endloop
  endfacet
  facet normal -0.488506 -0.87256 -0
    outer loop
      vertex 188.045 33.7053 12
      vertex 187.908 33.782 0
      vertex 188.045 33.7053 0
    endloop
  endfacet
  facet normal -0.679815 -0.733384 0
    outer loop
      vertex 188.299 33.5208 0
      vertex 188.414 33.4142 12
      vertex 188.299 33.5208 12
    endloop
  endfacet
  facet normal -0.679815 -0.733384 -0
    outer loop
      vertex 188.414 33.4142 12
      vertex 188.299 33.5208 0
      vertex 188.414 33.4142 0
    endloop
  endfacet
  facet normal 0.992665 -0.120901 0
    outer loop
      vertex 185.006 32.1569 12
      vertex 185.025 32.3129 0
      vertex 185.025 32.3129 12
    endloop
  endfacet
  facet normal 0.992665 -0.120901 0
    outer loop
      vertex 185.025 32.3129 0
      vertex 185.006 32.1569 12
      vertex 185.006 32.1569 0
    endloop
  endfacet
  facet normal 0.938972 0.343993 0
    outer loop
      vertex 185.152 31.2346 12
      vertex 185.098 31.382 0
      vertex 185.098 31.382 12
    endloop
  endfacet
  facet normal 0.938972 0.343993 0
    outer loop
      vertex 185.098 31.382 0
      vertex 185.152 31.2346 12
      vertex 185.152 31.2346 0
    endloop
  endfacet
  facet normal 0.488506 -0.87256 0
    outer loop
      vertex 185.955 33.7053 0
      vertex 186.092 33.782 12
      vertex 185.955 33.7053 12
    endloop
  endfacet
  facet normal 0.488506 -0.87256 0
    outer loop
      vertex 186.092 33.782 12
      vertex 185.955 33.7053 0
      vertex 186.092 33.782 0
    endloop
  endfacet
  facet normal -0.99927 0.038213 0
    outer loop
      vertex 188.994 31.8431 0
      vertex 189 32 12
      vertex 189 32 0
    endloop
  endfacet
  facet normal -0.99927 0.038213 0
    outer loop
      vertex 189 32 12
      vertex 188.994 31.8431 0
      vertex 188.994 31.8431 12
    endloop
  endfacet
  facet normal -0.0394597 0.999221 0
    outer loop
      vertex 187.157 30.0062 0
      vertex 187 30 12
      vertex 187.157 30.0062 12
    endloop
  endfacet
  facet normal -0.0394597 0.999221 0
    outer loop
      vertex 187 30 12
      vertex 187.157 30.0062 0
      vertex 187 30 0
    endloop
  endfacet
  facet normal -0.554554 -0.832148 0
    outer loop
      vertex 188.045 33.7053 0
      vertex 188.176 33.618 12
      vertex 188.045 33.7053 12
    endloop
  endfacet
  facet normal -0.554554 -0.832148 -0
    outer loop
      vertex 188.176 33.618 12
      vertex 188.045 33.7053 0
      vertex 188.176 33.618 0
    endloop
  endfacet
  facet normal -0.346504 -0.938049 0
    outer loop
      vertex 187.618 33.9021 0
      vertex 187.765 33.8478 12
      vertex 187.618 33.9021 12
    endloop
  endfacet
  facet normal -0.346504 -0.938049 -0
    outer loop
      vertex 187.765 33.8478 12
      vertex 187.618 33.9021 0
      vertex 187.765 33.8478 0
    endloop
  endfacet
  facet normal 0.346504 -0.938049 0
    outer loop
      vertex 186.235 33.8478 0
      vertex 186.382 33.9021 12
      vertex 186.235 33.8478 12
    endloop
  endfacet
  facet normal 0.346504 -0.938049 0
    outer loop
      vertex 186.382 33.9021 12
      vertex 186.235 33.8478 0
      vertex 186.382 33.9021 0
    endloop
  endfacet
  facet normal -0.907512 0.420027 0
    outer loop
      vertex 188.782 31.092 0
      vertex 188.848 31.2346 12
      vertex 188.848 31.2346 0
    endloop
  endfacet
  facet normal -0.907512 0.420027 0
    outer loop
      vertex 188.848 31.2346 12
      vertex 188.782 31.092 0
      vertex 188.782 31.092 12
    endloop
  endfacet
  facet normal 0.785942 0.6183 0
    outer loop
      vertex 185.479 30.7011 12
      vertex 185.382 30.8244 0
      vertex 185.382 30.8244 12
    endloop
  endfacet
  facet normal 0.785942 0.6183 0
    outer loop
      vertex 185.382 30.8244 0
      vertex 185.479 30.7011 12
      vertex 185.479 30.7011 0
    endloop
  endfacet
  facet normal 0.488506 0.87256 -0
    outer loop
      vertex 186.092 30.218 0
      vertex 185.955 30.2947 12
      vertex 186.092 30.218 12
    endloop
  endfacet
  facet normal 0.488506 0.87256 0
    outer loop
      vertex 185.955 30.2947 12
      vertex 186.092 30.218 0
      vertex 185.955 30.2947 0
    endloop
  endfacet
  facet normal -0.938972 0.343993 0
    outer loop
      vertex 188.848 31.2346 0
      vertex 188.902 31.382 12
      vertex 188.902 31.382 0
    endloop
  endfacet
  facet normal -0.938972 0.343993 0
    outer loop
      vertex 188.902 31.382 12
      vertex 188.848 31.2346 0
      vertex 188.848 31.2346 12
    endloop
  endfacet
  facet normal -0.871745 -0.489959 0
    outer loop
      vertex 188.782 32.908 0
      vertex 188.705 33.045 12
      vertex 188.705 33.045 0
    endloop
  endfacet
  facet normal -0.871745 -0.489959 0
    outer loop
      vertex 188.705 33.045 12
      vertex 188.782 32.908 0
      vertex 188.782 32.908 12
    endloop
  endfacet
  facet normal 0.679815 -0.733384 0
    outer loop
      vertex 185.586 33.4142 0
      vertex 185.701 33.5208 12
      vertex 185.586 33.4142 12
    endloop
  endfacet
  facet normal 0.679815 -0.733384 0
    outer loop
      vertex 185.701 33.5208 12
      vertex 185.586 33.4142 0
      vertex 185.701 33.5208 0
    endloop
  endfacet
  facet normal -0.907512 -0.420027 0
    outer loop
      vertex 188.848 32.7654 0
      vertex 188.782 32.908 12
      vertex 188.782 32.908 0
    endloop
  endfacet
  facet normal -0.907512 -0.420027 0
    outer loop
      vertex 188.782 32.908 12
      vertex 188.848 32.7654 0
      vertex 188.848 32.7654 12
    endloop
  endfacet
  facet normal -0.195504 -0.980703 0
    outer loop
      vertex 187.313 33.9754 0
      vertex 187.467 33.9447 12
      vertex 187.313 33.9754 12
    endloop
  endfacet
  facet normal -0.195504 -0.980703 -0
    outer loop
      vertex 187.467 33.9447 12
      vertex 187.313 33.9754 0
      vertex 187.467 33.9447 0
    endloop
  endfacet
  facet normal 0.832246 0.554406 0
    outer loop
      vertex 185.382 30.8244 12
      vertex 185.295 30.955 0
      vertex 185.295 30.955 12
    endloop
  endfacet
  facet normal 0.832246 0.554406 0
    outer loop
      vertex 185.295 30.955 0
      vertex 185.382 30.8244 12
      vertex 185.382 30.8244 0
    endloop
  endfacet
  facet normal 0.346504 0.938049 -0
    outer loop
      vertex 186.382 30.0979 0
      vertex 186.235 30.1522 12
      vertex 186.382 30.0979 12
    endloop
  endfacet
  facet normal 0.346504 0.938049 0
    outer loop
      vertex 186.235 30.1522 12
      vertex 186.382 30.0979 0
      vertex 186.235 30.1522 0
    endloop
  endfacet
  facet normal 0.832246 -0.554406 0
    outer loop
      vertex 185.295 33.045 12
      vertex 185.382 33.1756 0
      vertex 185.382 33.1756 12
    endloop
  endfacet
  facet normal 0.832246 -0.554406 0
    outer loop
      vertex 185.382 33.1756 0
      vertex 185.295 33.045 12
      vertex 185.295 33.045 0
    endloop
  endfacet
  facet normal -0.679815 0.733384 0
    outer loop
      vertex 188.414 30.5858 0
      vertex 188.299 30.4792 12
      vertex 188.414 30.5858 12
    endloop
  endfacet
  facet normal -0.679815 0.733384 0
    outer loop
      vertex 188.299 30.4792 12
      vertex 188.414 30.5858 0
      vertex 188.299 30.4792 0
    endloop
  endfacet
  facet normal 0.679815 0.733384 -0
    outer loop
      vertex 185.701 30.4792 0
      vertex 185.586 30.5858 12
      vertex 185.701 30.4792 12
    endloop
  endfacet
  facet normal 0.679815 0.733384 0
    outer loop
      vertex 185.586 30.5858 12
      vertex 185.701 30.4792 0
      vertex 185.586 30.5858 0
    endloop
  endfacet
  facet normal -0.195504 0.980703 0
    outer loop
      vertex 187.467 30.0553 0
      vertex 187.313 30.0246 12
      vertex 187.467 30.0553 12
    endloop
  endfacet
  facet normal -0.195504 0.980703 0
    outer loop
      vertex 187.313 30.0246 12
      vertex 187.467 30.0553 0
      vertex 187.313 30.0246 0
    endloop
  endfacet
  facet normal -0.117137 0.993116 0
    outer loop
      vertex 187.313 30.0246 0
      vertex 187.157 30.0062 12
      vertex 187.313 30.0246 12
    endloop
  endfacet
  facet normal -0.117137 0.993116 0
    outer loop
      vertex 187.157 30.0062 12
      vertex 187.313 30.0246 0
      vertex 187.157 30.0062 0
    endloop
  endfacet
  facet normal -0.832246 0.554406 0
    outer loop
      vertex 188.618 30.8244 0
      vertex 188.705 30.955 12
      vertex 188.705 30.955 0
    endloop
  endfacet
  facet normal -0.832246 0.554406 0
    outer loop
      vertex 188.705 30.955 12
      vertex 188.618 30.8244 0
      vertex 188.618 30.8244 12
    endloop
  endfacet
  facet normal 0.907512 -0.420027 0
    outer loop
      vertex 185.152 32.7654 12
      vertex 185.218 32.908 0
      vertex 185.218 32.908 12
    endloop
  endfacet
  facet normal 0.907512 -0.420027 0
    outer loop
      vertex 185.218 32.908 0
      vertex 185.152 32.7654 12
      vertex 185.152 32.7654 0
    endloop
  endfacet
  facet normal 0.981549 -0.191211 0
    outer loop
      vertex 185.025 32.3129 12
      vertex 185.055 32.4669 0
      vertex 185.055 32.4669 12
    endloop
  endfacet
  facet normal 0.981549 -0.191211 0
    outer loop
      vertex 185.055 32.4669 0
      vertex 185.025 32.3129 12
      vertex 185.025 32.3129 0
    endloop
  endfacet
  facet normal 0.785942 -0.6183 0
    outer loop
      vertex 185.382 33.1756 12
      vertex 185.479 33.2989 0
      vertex 185.479 33.2989 12
    endloop
  endfacet
  facet normal 0.785942 -0.6183 0
    outer loop
      vertex 185.479 33.2989 0
      vertex 185.382 33.1756 12
      vertex 185.382 33.1756 0
    endloop
  endfacet
  facet normal -0.992665 0.120901 0
    outer loop
      vertex 188.975 31.6871 0
      vertex 188.994 31.8431 12
      vertex 188.994 31.8431 0
    endloop
  endfacet
  facet normal -0.992665 0.120901 0
    outer loop
      vertex 188.994 31.8431 12
      vertex 188.975 31.6871 0
      vertex 188.975 31.6871 12
    endloop
  endfacet
  facet normal 0.992665 0.120901 0
    outer loop
      vertex 185.025 31.6871 12
      vertex 185.006 31.8431 0
      vertex 185.006 31.8431 12
    endloop
  endfacet
  facet normal 0.992665 0.120901 0
    outer loop
      vertex 185.006 31.8431 0
      vertex 185.025 31.6871 12
      vertex 185.025 31.6871 0
    endloop
  endfacet
  facet normal 0.961812 0.273712 0
    outer loop
      vertex 185.098 31.382 12
      vertex 185.055 31.5331 0
      vertex 185.055 31.5331 12
    endloop
  endfacet
  facet normal 0.961812 0.273712 0
    outer loop
      vertex 185.055 31.5331 0
      vertex 185.098 31.382 12
      vertex 185.098 31.382 0
    endloop
  endfacet
  facet normal -0.271521 -0.962433 0
    outer loop
      vertex 187.467 33.9447 0
      vertex 187.618 33.9021 12
      vertex 187.467 33.9447 12
    endloop
  endfacet
  facet normal -0.271521 -0.962433 -0
    outer loop
      vertex 187.618 33.9021 12
      vertex 187.467 33.9447 0
      vertex 187.618 33.9021 0
    endloop
  endfacet
  facet normal 0.620016 -0.784589 0
    outer loop
      vertex 185.701 33.5208 0
      vertex 185.824 33.618 12
      vertex 185.701 33.5208 12
    endloop
  endfacet
  facet normal 0.620016 -0.784589 0
    outer loop
      vertex 185.824 33.618 12
      vertex 185.701 33.5208 0
      vertex 185.824 33.618 0
    endloop
  endfacet
  facet normal 0.117137 0.993116 -0
    outer loop
      vertex 186.843 30.0062 0
      vertex 186.687 30.0246 12
      vertex 186.843 30.0062 12
    endloop
  endfacet
  facet normal 0.117137 0.993116 0
    outer loop
      vertex 186.687 30.0246 12
      vertex 186.843 30.0062 0
      vertex 186.687 30.0246 0
    endloop
  endfacet
  facet normal -0.554554 0.832148 0
    outer loop
      vertex 188.176 30.382 0
      vertex 188.045 30.2947 12
      vertex 188.176 30.382 12
    endloop
  endfacet
  facet normal -0.554554 0.832148 0
    outer loop
      vertex 188.045 30.2947 12
      vertex 188.176 30.382 0
      vertex 188.045 30.2947 0
    endloop
  endfacet
  facet normal 0.620016 0.784589 -0
    outer loop
      vertex 185.824 30.382 0
      vertex 185.701 30.4792 12
      vertex 185.824 30.382 12
    endloop
  endfacet
  facet normal 0.620016 0.784589 0
    outer loop
      vertex 185.701 30.4792 12
      vertex 185.824 30.382 0
      vertex 185.701 30.4792 0
    endloop
  endfacet
  facet normal 0.981549 0.191211 0
    outer loop
      vertex 185.055 31.5331 12
      vertex 185.025 31.6871 0
      vertex 185.025 31.6871 12
    endloop
  endfacet
  facet normal 0.981549 0.191211 0
    outer loop
      vertex 185.025 31.6871 0
      vertex 185.055 31.5331 12
      vertex 185.055 31.5331 0
    endloop
  endfacet
  facet normal 0.117137 -0.993116 0
    outer loop
      vertex 186.687 33.9754 0
      vertex 186.843 33.9938 12
      vertex 186.687 33.9754 12
    endloop
  endfacet
  facet normal 0.117137 -0.993116 0
    outer loop
      vertex 186.843 33.9938 12
      vertex 186.687 33.9754 0
      vertex 186.843 33.9938 0
    endloop
  endfacet
  facet normal 0.732997 0.680232 0
    outer loop
      vertex 185.586 30.5858 12
      vertex 185.479 30.7011 0
      vertex 185.479 30.7011 12
    endloop
  endfacet
  facet normal 0.732997 0.680232 0
    outer loop
      vertex 185.479 30.7011 0
      vertex 185.586 30.5858 12
      vertex 185.586 30.5858 0
    endloop
  endfacet
  facet normal 0.871745 -0.489959 0
    outer loop
      vertex 185.218 32.908 12
      vertex 185.295 33.045 0
      vertex 185.295 33.045 12
    endloop
  endfacet
  facet normal 0.871745 -0.489959 0
    outer loop
      vertex 185.295 33.045 0
      vertex 185.218 32.908 12
      vertex 185.218 32.908 0
    endloop
  endfacet
  facet normal 0.871745 0.489959 0
    outer loop
      vertex 185.295 30.955 12
      vertex 185.218 31.092 0
      vertex 185.218 31.092 12
    endloop
  endfacet
  facet normal 0.871745 0.489959 0
    outer loop
      vertex 185.218 31.092 0
      vertex 185.295 30.955 12
      vertex 185.295 30.955 0
    endloop
  endfacet
  facet normal 0.99927 -0.038213 0
    outer loop
      vertex 185 32 12
      vertex 185.006 32.1569 0
      vertex 185.006 32.1569 12
    endloop
  endfacet
  facet normal 0.99927 -0.038213 0
    outer loop
      vertex 185.006 32.1569 0
      vertex 185 32 12
      vertex 185 32 0
    endloop
  endfacet
  facet normal 0.99927 0.038213 0
    outer loop
      vertex 185.006 31.8431 12
      vertex 185 32 0
      vertex 185 32 12
    endloop
  endfacet
  facet normal 0.99927 0.038213 0
    outer loop
      vertex 185 32 0
      vertex 185.006 31.8431 12
      vertex 185.006 31.8431 0
    endloop
  endfacet
  facet normal 0.271521 0.962433 -0
    outer loop
      vertex 186.533 30.0553 0
      vertex 186.382 30.0979 12
      vertex 186.533 30.0553 12
    endloop
  endfacet
  facet normal 0.271521 0.962433 0
    outer loop
      vertex 186.382 30.0979 12
      vertex 186.533 30.0553 0
      vertex 186.382 30.0979 0
    endloop
  endfacet
  facet normal -0.732997 0.680232 0
    outer loop
      vertex 188.414 30.5858 0
      vertex 188.521 30.7011 12
      vertex 188.521 30.7011 0
    endloop
  endfacet
  facet normal -0.732997 0.680232 0
    outer loop
      vertex 188.521 30.7011 12
      vertex 188.414 30.5858 0
      vertex 188.414 30.5858 12
    endloop
  endfacet
  facet normal 0.938972 -0.343993 0
    outer loop
      vertex 185.098 32.618 12
      vertex 185.152 32.7654 0
      vertex 185.152 32.7654 12
    endloop
  endfacet
  facet normal 0.938972 -0.343993 0
    outer loop
      vertex 185.152 32.7654 0
      vertex 185.098 32.618 12
      vertex 185.098 32.618 0
    endloop
  endfacet
  facet normal 0.41801 0.908442 -0
    outer loop
      vertex 186.235 30.1522 0
      vertex 186.092 30.218 12
      vertex 186.235 30.1522 12
    endloop
  endfacet
  facet normal 0.41801 0.908442 0
    outer loop
      vertex 186.092 30.218 12
      vertex 186.235 30.1522 0
      vertex 186.092 30.218 0
    endloop
  endfacet
  facet normal 0.554554 0.832148 -0
    outer loop
      vertex 185.955 30.2947 0
      vertex 185.824 30.382 12
      vertex 185.955 30.2947 12
    endloop
  endfacet
  facet normal 0.554554 0.832148 0
    outer loop
      vertex 185.824 30.382 12
      vertex 185.955 30.2947 0
      vertex 185.824 30.382 0
    endloop
  endfacet
  facet normal -0.732997 -0.680232 0
    outer loop
      vertex 188.521 33.2989 0
      vertex 188.414 33.4142 12
      vertex 188.414 33.4142 0
    endloop
  endfacet
  facet normal -0.732997 -0.680232 0
    outer loop
      vertex 188.414 33.4142 12
      vertex 188.521 33.2989 0
      vertex 188.521 33.2989 12
    endloop
  endfacet
  facet normal -0.117137 -0.993116 0
    outer loop
      vertex 187.157 33.9938 0
      vertex 187.313 33.9754 12
      vertex 187.157 33.9938 12
    endloop
  endfacet
  facet normal -0.117137 -0.993116 -0
    outer loop
      vertex 187.313 33.9754 12
      vertex 187.157 33.9938 0
      vertex 187.313 33.9754 0
    endloop
  endfacet
  facet normal -0.620016 0.784589 0
    outer loop
      vertex 188.299 30.4792 0
      vertex 188.176 30.382 12
      vertex 188.299 30.4792 12
    endloop
  endfacet
  facet normal -0.620016 0.784589 0
    outer loop
      vertex 188.176 30.382 12
      vertex 188.299 30.4792 0
      vertex 188.176 30.382 0
    endloop
  endfacet
endsolid OpenSCAD_Model
